origine,origine_nome,dest_id,dest_nome,dest_lat,dest_lon,minuti,km,snap_dest_m,data_misura,fonte
trieste,"Trieste, Piazza Unità d'Italia",030001,Aiello del Friuli,45.870691,13.362331,49.8,52.1,20,2026-10-07,"OSRM router.project-osrm.org table/v1 driving, senza traffico"
trieste,"Trieste, Piazza Unità d'Italia",030002,Amaro,46.373824,13.096118,81.1,114.8,9,2026-10-07,"OSRM router.project-osrm.org table/v1 driving, senza traffico"
trieste,"Trieste, Piazza Unità d'Italia",030003,Ampezzo,46.416622,12.794601,106.8,138.6,26,2026-10-07,"OSRM router.project-osrm.org table/v1 driving, senza traffico"
trieste,"Trieste, Piazza Unità d'Italia",030004,Aquileia,45.766434,13.364921,54.7,52.0,17,2026-10-07,"OSRM router.project-osrm.org table/v1 driving, senza traffico"
trieste,"Trieste, Piazza Unità d'Italia",030005,Arta Terme,46.472837,13.024952,96.6,129.1,12,2026-10-07,"OSRM router.project-osrm.org table/v1 driving, senza traffico"
trieste,"Trieste, Piazza Unità d'Italia",030006,Artegna,46.241786,13.15602,78.2,104.0,20,2026-10-07,"OSRM router.project-osrm.org table/v1 driving, senza traffico"
trieste,"Trieste, Piazza Unità d'Italia",030007,Attimis,46.188712,13.305112,79.1,96.0,24,2026-10-07,"OSRM router.project-osrm.org table/v1 driving, senza traffico"
trieste,"Trieste, Piazza Unità d'Italia",030008,Bagnaria Arsa,45.887943,13.301511,44.1,52.8,8,2026-10-07,"OSRM router.project-osrm.org table/v1 driving, senza traffico"
trieste,"Trieste, Piazza Unità d'Italia",030009,Basiliano,46.015919,13.106787,66.0,78.4,7,2026-10-07,"OSRM router.project-osrm.org table/v1 driving, senza traffico"
trieste,"Trieste, Piazza Unità d'Italia",030010,Bertiolo,45.943497,13.055082,68.2,74.3,28,2026-10-07,"OSRM router.project-osrm.org table/v1 driving, senza traffico"
trieste,"Trieste, Piazza Unità d'Italia",030011,Bicinicco,45.931282,13.249551,53.8,60.6,50,2026-10-07,"OSRM router.project-osrm.org table/v1 driving, senza traffico"
trieste,"Trieste, Piazza Unità d'Italia",030012,Bordano,46.315353,13.106064,83.2,106.9,22,2026-10-07,"OSRM router.project-osrm.org table/v1 driving, senza traffico"
trieste,"Trieste, Piazza Unità d'Italia",030013,Buja,46.209018,13.125724,78.2,94.6,21,2026-10-07,"OSRM router.project-osrm.org table/v1 driving, senza traffico"
trieste,"Trieste, Piazza Unità d'Italia",030014,Buttrio,46.013108,13.330438,62.8,75.4,19,2026-10-07,"OSRM router.project-osrm.org table/v1 driving, senza traffico"
trieste,"Trieste, Piazza Unità d'Italia",030015,Camino al Tagliamento,45.927129,12.94407,81.2,97.0,20,2026-10-07,"OSRM router.project-osrm.org table/v1 driving, senza traffico"
trieste,"Trieste, Piazza Unità d'Italia",030016,Campoformido,46.019846,13.160077,59.5,73.3,19,2026-10-07,"OSRM router.project-osrm.org table/v1 driving, senza traffico"
trieste,"Trieste, Piazza Unità d'Italia",030018,Carlino,45.801736,13.188041,57.6,68.2,14,2026-10-07,"OSRM router.project-osrm.org table/v1 driving, senza traffico"
trieste,"Trieste, Piazza Unità d'Italia",030019,Cassacco,46.173947,13.186293,70.6,88.1,14,2026-10-07,"OSRM router.project-osrm.org table/v1 driving, senza traffico"
trieste,"Trieste, Piazza Unità d'Italia",030020,Castions di Strada,45.908487,13.185076,57.1,64.1,12,2026-10-07,"OSRM router.project-osrm.org table/v1 driving, senza traffico"
trieste,"Trieste, Piazza Unità d'Italia",030021,Cavazzo Carnico,46.367246,13.041025,84.8,116.5,20,2026-10-07,"OSRM router.project-osrm.org table/v1 driving, senza traffico"
trieste,"Trieste, Piazza Unità d'Italia",030022,Cercivento,46.527049,12.987961,106.4,137.4,11,2026-10-07,"OSRM router.project-osrm.org table/v1 driving, senza traffico"
trieste,"Trieste, Piazza Unità d'Italia",030023,Cervignano del Friuli,45.823461,13.334307,50.9,52.8,12,2026-10-07,"OSRM router.project-osrm.org table/v1 driving, senza traffico"
trieste,"Trieste, Piazza Unità d'Italia",030024,Chiopris-Viscone,45.924418,13.402598,48.2,50.5,9,2026-10-07,"OSRM router.project-osrm.org table/v1 driving, senza traffico"
trieste,"Trieste, Piazza Unità d'Italia",030025,Chiusaforte,46.408248,13.3107,100.1,133.5,13,2026-10-07,"OSRM router.project-osrm.org table/v1 driving, senza traffico"
trieste,"Trieste, Piazza Unità d'Italia",030026,Cividale del Friuli,46.093623,13.430328,74.1,74.8,21,2026-10-07,"OSRM router.project-osrm.org table/v1 driving, senza traffico"
trieste,"Trieste, Piazza Unità d'Italia",030027,Codroipo,45.961593,12.977352,76.0,80.4,31,2026-10-07,"OSRM router.project-osrm.org table/v1 driving, senza traffico"
trieste,"Trieste, Piazza Unità d'Italia",030028,Colloredo di Monte Albano,46.16342,13.136533,73.2,88.9,16,2026-10-07,"OSRM router.project-osrm.org table/v1 driving, senza traffico"
trieste,"Trieste, Piazza Unità d'Italia",030029,Comeglians,46.513655,12.867605,111.3,139.8,11,2026-10-07,"OSRM router.project-osrm.org table/v1 driving, senza traffico"
trieste,"Trieste, Piazza Unità d'Italia",030030,Corno di Rosazzo,45.99655,13.441591,58.7,61.5,15,2026-10-07,"OSRM router.project-osrm.org table/v1 driving, senza traffico"
trieste,"Trieste, Piazza Unità d'Italia",030031,Coseano,46.096828,13.018747,78.1,90.8,9,2026-10-07,"OSRM router.project-osrm.org table/v1 driving, senza traffico"
trieste,"Trieste, Piazza Unità d'Italia",030032,Dignano,46.087434,12.938218,84.4,96.3,14,2026-10-07,"OSRM router.project-osrm.org table/v1 driving, senza traffico"
trieste,"Trieste, Piazza Unità d'Italia",030033,Dogna,46.447601,13.316007,105.0,138.2,11,2026-10-07,"OSRM router.project-osrm.org table/v1 driving, senza traffico"
trieste,"Trieste, Piazza Unità d'Italia",030034,Drenchia,46.17522,13.622214,103.1,95.0,14,2026-10-07,"OSRM router.project-osrm.org table/v1 driving, senza traffico"
trieste,"Trieste, Piazza Unità d'Italia",030035,Enemonzo,46.410312,12.879384,98.9,130.1,19,2026-10-07,"OSRM router.project-osrm.org table/v1 driving, senza traffico"
trieste,"Trieste, Piazza Unità d'Italia",030036,Faedis,46.152817,13.344168,76.7,93.2,8,2026-10-07,"OSRM router.project-osrm.org table/v1 driving, senza traffico"
trieste,"Trieste, Piazza Unità d'Italia",030037,Fagagna,46.113384,13.084104,74.3,84.7,15,2026-10-07,"OSRM router.project-osrm.org table/v1 driving, senza traffico"
trieste,"Trieste, Piazza Unità d'Italia",030039,Flaibano,46.058736,12.983447,76.1,90.7,11,2026-10-07,"OSRM router.project-osrm.org table/v1 driving, senza traffico"
trieste,"Trieste, Piazza Unità d'Italia",030040,Forni Avoltri,46.584479,12.778473,124.5,152.6,40,2026-10-07,"OSRM router.project-osrm.org table/v1 driving, senza traffico"
trieste,"Trieste, Piazza Unità d'Italia",030041,Forni di Sopra,46.423933,12.578381,129.1,160.8,15,2026-10-07,"OSRM router.project-osrm.org table/v1 driving, senza traffico"
trieste,"Trieste, Piazza Unità d'Italia",030042,Forni di Sotto,46.393566,12.671848,120.0,151.8,27,2026-10-07,"OSRM router.project-osrm.org table/v1 driving, senza traffico"
udine,"Udine, Piazza della Libertà",030001,Aiello del Friuli,45.870691,13.362331,33.7,31.1,20,2026-10-07,"OSRM router.project-osrm.org table/v1 driving, senza traffico"
udine,"Udine, Piazza della Libertà",030002,Amaro,46.373824,13.096118,36.0,45.0,9,2026-10-07,"OSRM router.project-osrm.org table/v1 driving, senza traffico"
udine,"Udine, Piazza della Libertà",030003,Ampezzo,46.416622,12.794601,61.7,68.8,26,2026-10-07,"OSRM router.project-osrm.org table/v1 driving, senza traffico"
udine,"Udine, Piazza della Libertà",030004,Aquileia,45.766434,13.364921,42.2,40.8,17,2026-10-07,"OSRM router.project-osrm.org table/v1 driving, senza traffico"
udine,"Udine, Piazza della Libertà",030005,Arta Terme,46.472837,13.024952,51.5,59.3,12,2026-10-07,"OSRM router.project-osrm.org table/v1 driving, senza traffico"
udine,"Udine, Piazza della Libertà",030006,Artegna,46.241786,13.15602,32.1,23.5,20,2026-10-07,"OSRM router.project-osrm.org table/v1 driving, senza traffico"
udine,"Udine, Piazza della Libertà",030007,Attimis,46.188712,13.305112,26.0,18.6,24,2026-10-07,"OSRM router.project-osrm.org table/v1 driving, senza traffico"
udine,"Udine, Piazza della Libertà",030008,Bagnaria Arsa,45.887943,13.301511,25.7,26.1,8,2026-10-07,"OSRM router.project-osrm.org table/v1 driving, senza traffico"
udine,"Udine, Piazza della Libertà",030009,Basiliano,46.015919,13.106787,18.4,13.0,7,2026-10-07,"OSRM router.project-osrm.org table/v1 driving, senza traffico"
udine,"Udine, Piazza della Libertà",030010,Bertiolo,45.943497,13.055082,29.0,25.5,28,2026-10-07,"OSRM router.project-osrm.org table/v1 driving, senza traffico"
udine,"Udine, Piazza della Libertà",030011,Bicinicco,45.931282,13.249551,22.9,17.0,50,2026-10-07,"OSRM router.project-osrm.org table/v1 driving, senza traffico"
udine,"Udine, Piazza della Libertà",030012,Bordano,46.315353,13.106064,38.1,37.1,22,2026-10-07,"OSRM router.project-osrm.org table/v1 driving, senza traffico"
udine,"Udine, Piazza della Libertà",030013,Buja,46.209018,13.125724,27.7,21.8,21,2026-10-07,"OSRM router.project-osrm.org table/v1 driving, senza traffico"
udine,"Udine, Piazza della Libertà",030014,Buttrio,46.013108,13.330438,17.0,11.7,19,2026-10-07,"OSRM router.project-osrm.org table/v1 driving, senza traffico"
udine,"Udine, Piazza della Libertà",030015,Camino al Tagliamento,45.927129,12.94407,36.6,31.2,20,2026-10-07,"OSRM router.project-osrm.org table/v1 driving, senza traffico"
udine,"Udine, Piazza della Libertà",030016,Campoformido,46.019846,13.160077,12.8,9.8,19,2026-10-07,"OSRM router.project-osrm.org table/v1 driving, senza traffico"
udine,"Udine, Piazza della Libertà",030018,Carlino,45.801736,13.188041,37.2,38.6,14,2026-10-07,"OSRM router.project-osrm.org table/v1 driving, senza traffico"
udine,"Udine, Piazza della Libertà",030019,Cassacco,46.173947,13.186293,21.6,15.2,14,2026-10-07,"OSRM router.project-osrm.org table/v1 driving, senza traffico"
udine,"Udine, Piazza della Libertà",030020,Castions di Strada,45.908487,13.185076,24.2,19.6,12,2026-10-07,"OSRM router.project-osrm.org table/v1 driving, senza traffico"
udine,"Udine, Piazza della Libertà",030021,Cavazzo Carnico,46.367246,13.041025,39.7,46.8,20,2026-10-07,"OSRM router.project-osrm.org table/v1 driving, senza traffico"
udine,"Udine, Piazza della Libertà",030022,Cercivento,46.527049,12.987961,61.4,67.6,11,2026-10-07,"OSRM router.project-osrm.org table/v1 driving, senza traffico"
udine,"Udine, Piazza della Libertà",030023,Cervignano del Friuli,45.823461,13.334307,35.0,32.9,12,2026-10-07,"OSRM router.project-osrm.org table/v1 driving, senza traffico"
udine,"Udine, Piazza della Libertà",030024,Chiopris-Viscone,45.924418,13.402598,35.4,23.8,9,2026-10-07,"OSRM router.project-osrm.org table/v1 driving, senza traffico"
udine,"Udine, Piazza della Libertà",030025,Chiusaforte,46.408248,13.3107,55.0,63.8,13,2026-10-07,"OSRM router.project-osrm.org table/v1 driving, senza traffico"
udine,"Udine, Piazza della Libertà",030026,Cividale del Friuli,46.093623,13.430328,24.9,17.3,21,2026-10-07,"OSRM router.project-osrm.org table/v1 driving, senza traffico"
udine,"Udine, Piazza della Libertà",030027,Codroipo,45.961593,12.977352,31.5,26.0,31,2026-10-07,"OSRM router.project-osrm.org table/v1 driving, senza traffico"
udine,"Udine, Piazza della Libertà",030028,Colloredo di Monte Albano,46.16342,13.136533,22.7,16.1,16,2026-10-07,"OSRM router.project-osrm.org table/v1 driving, senza traffico"
udine,"Udine, Piazza della Libertà",030029,Comeglians,46.513655,12.867605,66.3,70.0,11,2026-10-07,"OSRM router.project-osrm.org table/v1 driving, senza traffico"
udine,"Udine, Piazza della Libertà",030030,Corno di Rosazzo,45.99655,13.441591,32.4,25.8,15,2026-10-07,"OSRM router.project-osrm.org table/v1 driving, senza traffico"
udine,"Udine, Piazza della Libertà",030031,Coseano,46.096828,13.018747,28.6,21.2,9,2026-10-07,"OSRM router.project-osrm.org table/v1 driving, senza traffico"
udine,"Udine, Piazza della Libertà",030032,Dignano,46.087434,12.938218,34.9,26.7,14,2026-10-07,"OSRM router.project-osrm.org table/v1 driving, senza traffico"
udine,"Udine, Piazza della Libertà",030033,Dogna,46.447601,13.316007,60.0,68.5,11,2026-10-07,"OSRM router.project-osrm.org table/v1 driving, senza traffico"
udine,"Udine, Piazza della Libertà",030034,Drenchia,46.17522,13.622214,54.7,38.2,14,2026-10-07,"OSRM router.project-osrm.org table/v1 driving, senza traffico"
udine,"Udine, Piazza della Libertà",030035,Enemonzo,46.410312,12.879384,53.9,60.3,19,2026-10-07,"OSRM router.project-osrm.org table/v1 driving, senza traffico"
udine,"Udine, Piazza della Libertà",030036,Faedis,46.152817,13.344168,23.6,15.7,8,2026-10-07,"OSRM router.project-osrm.org table/v1 driving, senza traffico"
udine,"Udine, Piazza della Libertà",030037,Fagagna,46.113384,13.084104,22.5,15.6,15,2026-10-07,"OSRM router.project-osrm.org table/v1 driving, senza traffico"
udine,"Udine, Piazza della Libertà",030039,Flaibano,46.058736,12.983447,27.5,23.0,11,2026-10-07,"OSRM router.project-osrm.org table/v1 driving, senza traffico"
udine,"Udine, Piazza della Libertà",030040,Forni Avoltri,46.584479,12.778473,79.4,82.8,40,2026-10-07,"OSRM router.project-osrm.org table/v1 driving, senza traffico"
udine,"Udine, Piazza della Libertà",030041,Forni di Sopra,46.423933,12.578381,84.0,91.1,15,2026-10-07,"OSRM router.project-osrm.org table/v1 driving, senza traffico"
udine,"Udine, Piazza della Libertà",030042,Forni di Sotto,46.393566,12.671848,74.9,82.0,27,2026-10-07,"OSRM router.project-osrm.org table/v1 driving, senza traffico"
aer_trieste,"Aeroporto di Trieste (Ronchi dei Legionari), terminal",030001,Aiello del Friuli,45.870691,13.362331,23.0,16.8,20,2026-10-07,"OSRM router.project-osrm.org table/v1 driving, senza traffico"
aer_trieste,"Aeroporto di Trieste (Ronchi dei Legionari), terminal",030002,Amaro,46.373824,13.096118,57.0,83.8,9,2026-10-07,"OSRM router.project-osrm.org table/v1 driving, senza traffico"
aer_trieste,"Aeroporto di Trieste (Ronchi dei Legionari), terminal",030003,Ampezzo,46.416622,12.794601,82.7,107.6,26,2026-10-07,"OSRM router.project-osrm.org table/v1 driving, senza traffico"
aer_trieste,"Aeroporto di Trieste (Ronchi dei Legionari), terminal",030004,Aquileia,45.766434,13.364921,19.5,13.0,17,2026-10-07,"OSRM router.project-osrm.org table/v1 driving, senza traffico"
aer_trieste,"Aeroporto di Trieste (Ronchi dei Legionari), terminal",030005,Arta Terme,46.472837,13.024952,72.6,98.1,12,2026-10-07,"OSRM router.project-osrm.org table/v1 driving, senza traffico"
aer_trieste,"Aeroporto di Trieste (Ronchi dei Legionari), terminal",030006,Artegna,46.241786,13.15602,54.2,73.1,20,2026-10-07,"OSRM router.project-osrm.org table/v1 driving, senza traffico"
aer_trieste,"Aeroporto di Trieste (Ronchi dei Legionari), terminal",030007,Attimis,46.188712,13.305112,55.1,65.0,24,2026-10-07,"OSRM router.project-osrm.org table/v1 driving, senza traffico"
aer_trieste,"Aeroporto di Trieste (Ronchi dei Legionari), terminal",030008,Bagnaria Arsa,45.887943,13.301511,20.1,21.9,8,2026-10-07,"OSRM router.project-osrm.org table/v1 driving, senza traffico"
aer_trieste,"Aeroporto di Trieste (Ronchi dei Legionari), terminal",030009,Basiliano,46.015919,13.106787,42.0,47.4,7,2026-10-07,"OSRM router.project-osrm.org table/v1 driving, senza traffico"
aer_trieste,"Aeroporto di Trieste (Ronchi dei Legionari), terminal",030010,Bertiolo,45.943497,13.055082,44.1,43.4,28,2026-10-07,"OSRM router.project-osrm.org table/v1 driving, senza traffico"
aer_trieste,"Aeroporto di Trieste (Ronchi dei Legionari), terminal",030011,Bicinicco,45.931282,13.249551,29.7,29.6,50,2026-10-07,"OSRM router.project-osrm.org table/v1 driving, senza traffico"
aer_trieste,"Aeroporto di Trieste (Ronchi dei Legionari), terminal",030012,Bordano,46.315353,13.106064,59.2,75.9,22,2026-10-07,"OSRM router.project-osrm.org table/v1 driving, senza traffico"
aer_trieste,"Aeroporto di Trieste (Ronchi dei Legionari), terminal",030013,Buja,46.209018,13.125724,54.2,63.6,21,2026-10-07,"OSRM router.project-osrm.org table/v1 driving, senza traffico"
aer_trieste,"Aeroporto di Trieste (Ronchi dei Legionari), terminal",030014,Buttrio,46.013108,13.330438,38.8,44.4,19,2026-10-07,"OSRM router.project-osrm.org table/v1 driving, senza traffico"
aer_trieste,"Aeroporto di Trieste (Ronchi dei Legionari), terminal",030015,Camino al Tagliamento,45.927129,12.94407,57.1,66.0,20,2026-10-07,"OSRM router.project-osrm.org table/v1 driving, senza traffico"
aer_trieste,"Aeroporto di Trieste (Ronchi dei Legionari), terminal",030016,Campoformido,46.019846,13.160077,35.5,42.3,19,2026-10-07,"OSRM router.project-osrm.org table/v1 driving, senza traffico"
aer_trieste,"Aeroporto di Trieste (Ronchi dei Legionari), terminal",030018,Carlino,45.801736,13.188041,33.5,37.2,14,2026-10-07,"OSRM router.project-osrm.org table/v1 driving, senza traffico"
aer_trieste,"Aeroporto di Trieste (Ronchi dei Legionari), terminal",030019,Cassacco,46.173947,13.186293,46.6,57.2,14,2026-10-07,"OSRM router.project-osrm.org table/v1 driving, senza traffico"
aer_trieste,"Aeroporto di Trieste (Ronchi dei Legionari), terminal",030020,Castions di Strada,45.908487,13.185076,33.0,33.1,12,2026-10-07,"OSRM router.project-osrm.org table/v1 driving, senza traffico"
aer_trieste,"Aeroporto di Trieste (Ronchi dei Legionari), terminal",030021,Cavazzo Carnico,46.367246,13.041025,60.7,85.6,20,2026-10-07,"OSRM router.project-osrm.org table/v1 driving, senza traffico"
aer_trieste,"Aeroporto di Trieste (Ronchi dei Legionari), terminal",030022,Cercivento,46.527049,12.987961,82.4,106.4,11,2026-10-07,"OSRM router.project-osrm.org table/v1 driving, senza traffico"
aer_trieste,"Aeroporto di Trieste (Ronchi dei Legionari), terminal",030023,Cervignano del Friuli,45.823461,13.334307,20.6,13.4,12,2026-10-07,"OSRM router.project-osrm.org table/v1 driving, senza traffico"
aer_trieste,"Aeroporto di Trieste (Ronchi dei Legionari), terminal",030024,Chiopris-Viscone,45.924418,13.402598,24.1,19.5,9,2026-10-07,"OSRM router.project-osrm.org table/v1 driving, senza traffico"
aer_trieste,"Aeroporto di Trieste (Ronchi dei Legionari), terminal",030025,Chiusaforte,46.408248,13.3107,76.1,102.6,13,2026-10-07,"OSRM router.project-osrm.org table/v1 driving, senza traffico"
aer_trieste,"Aeroporto di Trieste (Ronchi dei Legionari), terminal",030026,Cividale del Friuli,46.093623,13.430328,50.1,43.8,21,2026-10-07,"OSRM router.project-osrm.org table/v1 driving, senza traffico"
aer_trieste,"Aeroporto di Trieste (Ronchi dei Legionari), terminal",030027,Codroipo,45.961593,12.977352,52.0,49.4,31,2026-10-07,"OSRM router.project-osrm.org table/v1 driving, senza traffico"
aer_trieste,"Aeroporto di Trieste (Ronchi dei Legionari), terminal",030028,Colloredo di Monte Albano,46.16342,13.136533,49.2,57.9,16,2026-10-07,"OSRM router.project-osrm.org table/v1 driving, senza traffico"
aer_trieste,"Aeroporto di Trieste (Ronchi dei Legionari), terminal",030029,Comeglians,46.513655,12.867605,87.3,108.8,11,2026-10-07,"OSRM router.project-osrm.org table/v1 driving, senza traffico"
aer_trieste,"Aeroporto di Trieste (Ronchi dei Legionari), terminal",030030,Corno di Rosazzo,45.99655,13.441591,34.6,30.6,15,2026-10-07,"OSRM router.project-osrm.org table/v1 driving, senza traffico"
aer_trieste,"Aeroporto di Trieste (Ronchi dei Legionari), terminal",030031,Coseano,46.096828,13.018747,54.1,59.8,9,2026-10-07,"OSRM router.project-osrm.org table/v1 driving, senza traffico"
aer_trieste,"Aeroporto di Trieste (Ronchi dei Legionari), terminal",030032,Dignano,46.087434,12.938218,60.4,65.3,14,2026-10-07,"OSRM router.project-osrm.org table/v1 driving, senza traffico"
aer_trieste,"Aeroporto di Trieste (Ronchi dei Legionari), terminal",030033,Dogna,46.447601,13.316007,81.0,107.3,11,2026-10-07,"OSRM router.project-osrm.org table/v1 driving, senza traffico"
aer_trieste,"Aeroporto di Trieste (Ronchi dei Legionari), terminal",030034,Drenchia,46.17522,13.622214,79.1,64.1,14,2026-10-07,"OSRM router.project-osrm.org table/v1 driving, senza traffico"
aer_trieste,"Aeroporto di Trieste (Ronchi dei Legionari), terminal",030035,Enemonzo,46.410312,12.879384,74.9,99.2,19,2026-10-07,"OSRM router.project-osrm.org table/v1 driving, senza traffico"
aer_trieste,"Aeroporto di Trieste (Ronchi dei Legionari), terminal",030036,Faedis,46.152817,13.344168,52.6,62.2,8,2026-10-07,"OSRM router.project-osrm.org table/v1 driving, senza traffico"
aer_trieste,"Aeroporto di Trieste (Ronchi dei Legionari), terminal",030037,Fagagna,46.113384,13.084104,50.3,53.8,15,2026-10-07,"OSRM router.project-osrm.org table/v1 driving, senza traffico"
aer_trieste,"Aeroporto di Trieste (Ronchi dei Legionari), terminal",030039,Flaibano,46.058736,12.983447,52.0,59.7,11,2026-10-07,"OSRM router.project-osrm.org table/v1 driving, senza traffico"
aer_trieste,"Aeroporto di Trieste (Ronchi dei Legionari), terminal",030040,Forni Avoltri,46.584479,12.778473,100.4,121.6,40,2026-10-07,"OSRM router.project-osrm.org table/v1 driving, senza traffico"
aer_trieste,"Aeroporto di Trieste (Ronchi dei Legionari), terminal",030041,Forni di Sopra,46.423933,12.578381,105.0,129.9,15,2026-10-07,"OSRM router.project-osrm.org table/v1 driving, senza traffico"
aer_trieste,"Aeroporto di Trieste (Ronchi dei Legionari), terminal",030042,Forni di Sotto,46.393566,12.671848,95.9,120.8,27,2026-10-07,"OSRM router.project-osrm.org table/v1 driving, senza traffico"
aer_venezia,"Aeroporto di Venezia Marco Polo, viale Galilei (accesso terminal)",030001,Aiello del Friuli,45.870691,13.362331,74.0,104.7,20,2026-10-07,"OSRM router.project-osrm.org table/v1 driving, senza traffico"
aer_venezia,"Aeroporto di Venezia Marco Polo, viale Galilei (accesso terminal)",030002,Amaro,46.373824,13.096118,101.5,159.1,9,2026-10-07,"OSRM router.project-osrm.org table/v1 driving, senza traffico"
aer_venezia,"Aeroporto di Venezia Marco Polo, viale Galilei (accesso terminal)",030003,Ampezzo,46.416622,12.794601,127.1,183.0,26,2026-10-07,"OSRM router.project-osrm.org table/v1 driving, senza traffico"
aer_venezia,"Aeroporto di Venezia Marco Polo, viale Galilei (accesso terminal)",030004,Aquileia,45.766434,13.364921,82.5,114.3,17,2026-10-07,"OSRM router.project-osrm.org table/v1 driving, senza traffico"
aer_venezia,"Aeroporto di Venezia Marco Polo, viale Galilei (accesso terminal)",030005,Arta Terme,46.472837,13.024952,117.0,173.4,12,2026-10-07,"OSRM router.project-osrm.org table/v1 driving, senza traffico"
aer_venezia,"Aeroporto di Venezia Marco Polo, viale Galilei (accesso terminal)",030006,Artegna,46.241786,13.15602,98.6,148.4,20,2026-10-07,"OSRM router.project-osrm.org table/v1 driving, senza traffico"
aer_venezia,"Aeroporto di Venezia Marco Polo, viale Galilei (accesso terminal)",030007,Attimis,46.188712,13.305112,99.5,140.4,24,2026-10-07,"OSRM router.project-osrm.org table/v1 driving, senza traffico"
aer_venezia,"Aeroporto di Venezia Marco Polo, viale Galilei (accesso terminal)",030008,Bagnaria Arsa,45.887943,13.301511,66.0,99.6,8,2026-10-07,"OSRM router.project-osrm.org table/v1 driving, senza traffico"
aer_venezia,"Aeroporto di Venezia Marco Polo, viale Galilei (accesso terminal)",030009,Basiliano,46.015919,13.106787,81.7,106.3,7,2026-10-07,"OSRM router.project-osrm.org table/v1 driving, senza traffico"
aer_venezia,"Aeroporto di Venezia Marco Polo, viale Galilei (accesso terminal)",030010,Bertiolo,45.943497,13.055082,72.7,96.8,28,2026-10-07,"OSRM router.project-osrm.org table/v1 driving, senza traffico"
aer_venezia,"Aeroporto di Venezia Marco Polo, viale Galilei (accesso terminal)",030011,Bicinicco,45.931282,13.249551,74.0,100.9,50,2026-10-07,"OSRM router.project-osrm.org table/v1 driving, senza traffico"
aer_venezia,"Aeroporto di Venezia Marco Polo, viale Galilei (accesso terminal)",030012,Bordano,46.315353,13.106064,103.6,151.2,22,2026-10-07,"OSRM router.project-osrm.org table/v1 driving, senza traffico"
aer_venezia,"Aeroporto di Venezia Marco Polo, viale Galilei (accesso terminal)",030013,Buja,46.209018,13.125724,98.6,138.9,21,2026-10-07,"OSRM router.project-osrm.org table/v1 driving, senza traffico"
aer_venezia,"Aeroporto di Venezia Marco Polo, viale Galilei (accesso terminal)",030014,Buttrio,46.013108,13.330438,83.2,119.8,19,2026-10-07,"OSRM router.project-osrm.org table/v1 driving, senza traffico"
aer_venezia,"Aeroporto di Venezia Marco Polo, viale Galilei (accesso terminal)",030015,Camino al Tagliamento,45.927129,12.94407,73.7,95.0,20,2026-10-07,"OSRM router.project-osrm.org table/v1 driving, senza traffico"
aer_venezia,"Aeroporto di Venezia Marco Polo, viale Galilei (accesso terminal)",030016,Campoformido,46.019846,13.160077,79.9,117.6,19,2026-10-07,"OSRM router.project-osrm.org table/v1 driving, senza traffico"
aer_venezia,"Aeroporto di Venezia Marco Polo, viale Galilei (accesso terminal)",030018,Carlino,45.801736,13.188041,68.6,98.2,14,2026-10-07,"OSRM router.project-osrm.org table/v1 driving, senza traffico"
aer_venezia,"Aeroporto di Venezia Marco Polo, viale Galilei (accesso terminal)",030019,Cassacco,46.173947,13.186293,91.0,132.5,14,2026-10-07,"OSRM router.project-osrm.org table/v1 driving, senza traffico"
aer_venezia,"Aeroporto di Venezia Marco Polo, viale Galilei (accesso terminal)",030020,Castions di Strada,45.908487,13.185076,72.0,99.8,12,2026-10-07,"OSRM router.project-osrm.org table/v1 driving, senza traffico"
aer_venezia,"Aeroporto di Venezia Marco Polo, viale Galilei (accesso terminal)",030021,Cavazzo Carnico,46.367246,13.041025,105.1,160.9,20,2026-10-07,"OSRM router.project-osrm.org table/v1 driving, senza traffico"
aer_venezia,"Aeroporto di Venezia Marco Polo, viale Galilei (accesso terminal)",030022,Cercivento,46.527049,12.987961,126.8,181.8,11,2026-10-07,"OSRM router.project-osrm.org table/v1 driving, senza traffico"
aer_venezia,"Aeroporto di Venezia Marco Polo, viale Galilei (accesso terminal)",030023,Cervignano del Friuli,45.823461,13.334307,75.3,106.5,12,2026-10-07,"OSRM router.project-osrm.org table/v1 driving, senza traffico"
aer_venezia,"Aeroporto di Venezia Marco Polo, viale Galilei (accesso terminal)",030024,Chiopris-Viscone,45.924418,13.402598,80.0,111.7,9,2026-10-07,"OSRM router.project-osrm.org table/v1 driving, senza traffico"
aer_venezia,"Aeroporto di Venezia Marco Polo, viale Galilei (accesso terminal)",030025,Chiusaforte,46.408248,13.3107,120.5,177.9,13,2026-10-07,"OSRM router.project-osrm.org table/v1 driving, senza traffico"
aer_venezia,"Aeroporto di Venezia Marco Polo, viale Galilei (accesso terminal)",030026,Cividale del Friuli,46.093623,13.430328,99.7,133.0,21,2026-10-07,"OSRM router.project-osrm.org table/v1 driving, senza traffico"
aer_venezia,"Aeroporto di Venezia Marco Polo, viale Galilei (accesso terminal)",030027,Codroipo,45.961593,12.977352,74.7,97.3,31,2026-10-07,"OSRM router.project-osrm.org table/v1 driving, senza traffico"
aer_venezia,"Aeroporto di Venezia Marco Polo, viale Galilei (accesso terminal)",030028,Colloredo di Monte Albano,46.16342,13.136533,93.6,133.2,16,2026-10-07,"OSRM router.project-osrm.org table/v1 driving, senza traffico"
aer_venezia,"Aeroporto di Venezia Marco Polo, viale Galilei (accesso terminal)",030029,Comeglians,46.513655,12.867605,131.7,184.2,11,2026-10-07,"OSRM router.project-osrm.org table/v1 driving, senza traffico"
aer_venezia,"Aeroporto di Venezia Marco Polo, viale Galilei (accesso terminal)",030030,Corno di Rosazzo,45.99655,13.441591,91.3,117.9,15,2026-10-07,"OSRM router.project-osrm.org table/v1 driving, senza traffico"
aer_venezia,"Aeroporto di Venezia Marco Polo, viale Galilei (accesso terminal)",030031,Coseano,46.096828,13.018747,91.8,118.5,9,2026-10-07,"OSRM router.project-osrm.org table/v1 driving, senza traffico"
aer_venezia,"Aeroporto di Venezia Marco Polo, viale Galilei (accesso terminal)",030032,Dignano,46.087434,12.938218,82.4,110.6,14,2026-10-07,"OSRM router.project-osrm.org table/v1 driving, senza traffico"
aer_venezia,"Aeroporto di Venezia Marco Polo, viale Galilei (accesso terminal)",030033,Dogna,46.447601,13.316007,125.4,182.6,11,2026-10-07,"OSRM router.project-osrm.org table/v1 driving, senza traffico"
aer_venezia,"Aeroporto di Venezia Marco Polo, viale Galilei (accesso terminal)",030034,Drenchia,46.17522,13.622214,129.5,153.9,14,2026-10-07,"OSRM router.project-osrm.org table/v1 driving, senza traffico"
aer_venezia,"Aeroporto di Venezia Marco Polo, viale Galilei (accesso terminal)",030035,Enemonzo,46.410312,12.879384,119.3,174.5,19,2026-10-07,"OSRM router.project-osrm.org table/v1 driving, senza traffico"
aer_venezia,"Aeroporto di Venezia Marco Polo, viale Galilei (accesso terminal)",030036,Faedis,46.152817,13.344168,97.0,137.6,8,2026-10-07,"OSRM router.project-osrm.org table/v1 driving, senza traffico"
aer_venezia,"Aeroporto di Venezia Marco Polo, viale Galilei (accesso terminal)",030037,Fagagna,46.113384,13.084104,94.7,129.1,15,2026-10-07,"OSRM router.project-osrm.org table/v1 driving, senza traffico"
aer_venezia,"Aeroporto di Venezia Marco Polo, viale Galilei (accesso terminal)",030039,Flaibano,46.058736,12.983447,85.6,102.3,11,2026-10-07,"OSRM router.project-osrm.org table/v1 driving, senza traffico"
aer_venezia,"Aeroporto di Venezia Marco Polo, viale Galilei (accesso terminal)",030040,Forni Avoltri,46.584479,12.778473,136.3,164.8,40,2026-10-07,"OSRM router.project-osrm.org table/v1 driving, senza traffico"
aer_venezia,"Aeroporto di Venezia Marco Polo, viale Galilei (accesso terminal)",030041,Forni di Sopra,46.423933,12.578381,112.4,150.1,15,2026-10-07,"OSRM router.project-osrm.org table/v1 driving, senza traffico"
aer_venezia,"Aeroporto di Venezia Marco Polo, viale Galilei (accesso terminal)",030042,Forni di Sotto,46.393566,12.671848,122.5,159.5,27,2026-10-07,"OSRM router.project-osrm.org table/v1 driving, senza traffico"
lubiana,"Lubiana, Prešernov trg",030001,Aiello del Friuli,45.870691,13.362331,95.1,131.1,20,2026-10-07,"OSRM router.project-osrm.org table/v1 driving, senza traffico"
lubiana,"Lubiana, Prešernov trg",030002,Amaro,46.373824,13.096118,121.9,181.6,9,2026-10-07,"OSRM router.project-osrm.org table/v1 driving, senza traffico"
lubiana,"Lubiana, Prešernov trg",030003,Ampezzo,46.416622,12.794601,147.6,205.5,26,2026-10-07,"OSRM router.project-osrm.org table/v1 driving, senza traffico"
lubiana,"Lubiana, Prešernov trg",030004,Aquileia,45.766434,13.364921,100.8,136.0,17,2026-10-07,"OSRM router.project-osrm.org table/v1 driving, senza traffico"
lubiana,"Lubiana, Prešernov trg",030005,Arta Terme,46.472837,13.024952,137.4,195.9,12,2026-10-07,"OSRM router.project-osrm.org table/v1 driving, senza traffico"
lubiana,"Lubiana, Prešernov trg",030006,Artegna,46.241786,13.15602,126.0,188.6,20,2026-10-07,"OSRM router.project-osrm.org table/v1 driving, senza traffico"
lubiana,"Lubiana, Prešernov trg",030007,Attimis,46.188712,13.305112,126.9,180.5,24,2026-10-07,"OSRM router.project-osrm.org table/v1 driving, senza traffico"
lubiana,"Lubiana, Prešernov trg",030008,Bagnaria Arsa,45.887943,13.301511,91.9,137.4,8,2026-10-07,"OSRM router.project-osrm.org table/v1 driving, senza traffico"
lubiana,"Lubiana, Prešernov trg",030009,Basiliano,46.015919,13.106787,113.9,162.9,7,2026-10-07,"OSRM router.project-osrm.org table/v1 driving, senza traffico"
lubiana,"Lubiana, Prešernov trg",030010,Bertiolo,45.943497,13.055082,116.0,158.9,28,2026-10-07,"OSRM router.project-osrm.org table/v1 driving, senza traffico"
lubiana,"Lubiana, Prešernov trg",030011,Bicinicco,45.931282,13.249551,101.6,145.1,50,2026-10-07,"OSRM router.project-osrm.org table/v1 driving, senza traffico"
lubiana,"Lubiana, Prešernov trg",030012,Bordano,46.315353,13.106064,131.0,191.4,22,2026-10-07,"OSRM router.project-osrm.org table/v1 driving, senza traffico"
lubiana,"Lubiana, Prešernov trg",030013,Buja,46.209018,13.125724,126.1,179.1,21,2026-10-07,"OSRM router.project-osrm.org table/v1 driving, senza traffico"
lubiana,"Lubiana, Prešernov trg",030014,Buttrio,46.013108,13.330438,103.0,135.8,19,2026-10-07,"OSRM router.project-osrm.org table/v1 driving, senza traffico"
lubiana,"Lubiana, Prešernov trg",030015,Camino al Tagliamento,45.927129,12.94407,129.0,181.5,20,2026-10-07,"OSRM router.project-osrm.org table/v1 driving, senza traffico"
lubiana,"Lubiana, Prešernov trg",030016,Campoformido,46.019846,13.160077,107.3,157.8,19,2026-10-07,"OSRM router.project-osrm.org table/v1 driving, senza traffico"
lubiana,"Lubiana, Prešernov trg",030018,Carlino,45.801736,13.188041,105.4,152.7,14,2026-10-07,"OSRM router.project-osrm.org table/v1 driving, senza traffico"
lubiana,"Lubiana, Prešernov trg",030019,Cassacco,46.173947,13.186293,118.4,172.7,14,2026-10-07,"OSRM router.project-osrm.org table/v1 driving, senza traffico"
lubiana,"Lubiana, Prešernov trg",030020,Castions di Strada,45.908487,13.185076,104.9,148.6,12,2026-10-07,"OSRM router.project-osrm.org table/v1 driving, senza traffico"
lubiana,"Lubiana, Prešernov trg",030021,Cavazzo Carnico,46.367246,13.041025,125.6,183.4,20,2026-10-07,"OSRM router.project-osrm.org table/v1 driving, senza traffico"
lubiana,"Lubiana, Prešernov trg",030022,Cercivento,46.527049,12.987961,147.3,204.3,11,2026-10-07,"OSRM router.project-osrm.org table/v1 driving, senza traffico"
lubiana,"Lubiana, Prešernov trg",030023,Cervignano del Friuli,45.823461,13.334307,96.2,131.8,12,2026-10-07,"OSRM router.project-osrm.org table/v1 driving, senza traffico"
lubiana,"Lubiana, Prešernov trg",030024,Chiopris-Viscone,45.924418,13.402598,92.9,125.4,9,2026-10-07,"OSRM router.project-osrm.org table/v1 driving, senza traffico"
lubiana,"Lubiana, Prešernov trg",030025,Chiusaforte,46.408248,13.3107,114.6,162.5,13,2026-10-07,"OSRM router.project-osrm.org table/v1 driving, senza traffico"
lubiana,"Lubiana, Prešernov trg",030026,Cividale del Friuli,46.093623,13.430328,113.4,144.3,21,2026-10-07,"OSRM router.project-osrm.org table/v1 driving, senza traffico"
lubiana,"Lubiana, Prešernov trg",030027,Codroipo,45.961593,12.977352,123.9,164.9,31,2026-10-07,"OSRM router.project-osrm.org table/v1 driving, senza traffico"
lubiana,"Lubiana, Prešernov trg",030028,Colloredo di Monte Albano,46.16342,13.136533,121.1,173.4,16,2026-10-07,"OSRM router.project-osrm.org table/v1 driving, senza traffico"
lubiana,"Lubiana, Prešernov trg",030029,Comeglians,46.513655,12.867605,152.2,206.7,11,2026-10-07,"OSRM router.project-osrm.org table/v1 driving, senza traffico"
lubiana,"Lubiana, Prešernov trg",030030,Corno di Rosazzo,45.99655,13.441591,98.0,131.1,15,2026-10-07,"OSRM router.project-osrm.org table/v1 driving, senza traffico"
lubiana,"Lubiana, Prešernov trg",030031,Coseano,46.096828,13.018747,125.9,175.3,9,2026-10-07,"OSRM router.project-osrm.org table/v1 driving, senza traffico"
lubiana,"Lubiana, Prešernov trg",030032,Dignano,46.087434,12.938218,132.2,180.8,14,2026-10-07,"OSRM router.project-osrm.org table/v1 driving, senza traffico"
lubiana,"Lubiana, Prešernov trg",030033,Dogna,46.447601,13.316007,110.5,157.7,11,2026-10-07,"OSRM router.project-osrm.org table/v1 driving, senza traffico"
lubiana,"Lubiana, Prešernov trg",030034,Drenchia,46.17522,13.622214,119.1,122.6,14,2026-10-07,"OSRM router.project-osrm.org table/v1 driving, senza traffico"
lubiana,"Lubiana, Prešernov trg",030035,Enemonzo,46.410312,12.879384,139.8,197.0,19,2026-10-07,"OSRM router.project-osrm.org table/v1 driving, senza traffico"
lubiana,"Lubiana, Prešernov trg",030036,Faedis,46.152817,13.344168,124.5,177.7,8,2026-10-07,"OSRM router.project-osrm.org table/v1 driving, senza traffico"
lubiana,"Lubiana, Prešernov trg",030037,Fagagna,46.113384,13.084104,122.2,169.3,15,2026-10-07,"OSRM router.project-osrm.org table/v1 driving, senza traffico"
lubiana,"Lubiana, Prešernov trg",030039,Flaibano,46.058736,12.983447,123.9,175.2,11,2026-10-07,"OSRM router.project-osrm.org table/v1 driving, senza traffico"
lubiana,"Lubiana, Prešernov trg",030040,Forni Avoltri,46.584479,12.778473,165.3,219.5,40,2026-10-07,"OSRM router.project-osrm.org table/v1 driving, senza traffico"
lubiana,"Lubiana, Prešernov trg",030041,Forni di Sopra,46.423933,12.578381,169.9,227.7,15,2026-10-07,"OSRM router.project-osrm.org table/v1 driving, senza traffico"
lubiana,"Lubiana, Prešernov trg",030042,Forni di Sotto,46.393566,12.671848,160.8,218.6,27,2026-10-07,"OSRM router.project-osrm.org table/v1 driving, senza traffico"
klagenfurt,"Klagenfurt, Neuer Platz",030001,Aiello del Friuli,45.870691,13.362331,122.7,186.1,20,2026-10-07,"OSRM router.project-osrm.org table/v1 driving, senza traffico"
klagenfurt,"Klagenfurt, Neuer Platz",030002,Amaro,46.373824,13.096118,80.1,121.4,9,2026-10-07,"OSRM router.project-osrm.org table/v1 driving, senza traffico"
klagenfurt,"Klagenfurt, Neuer Platz",030003,Ampezzo,46.416622,12.794601,105.8,145.3,26,2026-10-07,"OSRM router.project-osrm.org table/v1 driving, senza traffico"
klagenfurt,"Klagenfurt, Neuer Platz",030004,Aquileia,45.766434,13.364921,131.3,195.7,17,2026-10-07,"OSRM router.project-osrm.org table/v1 driving, senza traffico"
klagenfurt,"Klagenfurt, Neuer Platz",030005,Arta Terme,46.472837,13.024952,95.6,135.7,12,2026-10-07,"OSRM router.project-osrm.org table/v1 driving, senza traffico"
klagenfurt,"Klagenfurt, Neuer Platz",030006,Artegna,46.241786,13.15602,94.2,140.1,20,2026-10-07,"OSRM router.project-osrm.org table/v1 driving, senza traffico"
klagenfurt,"Klagenfurt, Neuer Platz",030007,Attimis,46.188712,13.305112,112.1,155.2,24,2026-10-07,"OSRM router.project-osrm.org table/v1 driving, senza traffico"
klagenfurt,"Klagenfurt, Neuer Platz",030008,Bagnaria Arsa,45.887943,13.301511,114.8,181.0,8,2026-10-07,"OSRM router.project-osrm.org table/v1 driving, senza traffico"
klagenfurt,"Klagenfurt, Neuer Platz",030009,Basiliano,46.015919,13.106787,116.4,169.6,7,2026-10-07,"OSRM router.project-osrm.org table/v1 driving, senza traffico"
klagenfurt,"Klagenfurt, Neuer Platz",030010,Bertiolo,45.943497,13.055082,128.1,181.1,28,2026-10-07,"OSRM router.project-osrm.org table/v1 driving, senza traffico"
klagenfurt,"Klagenfurt, Neuer Platz",030011,Bicinicco,45.931282,13.249551,122.0,177.8,50,2026-10-07,"OSRM router.project-osrm.org table/v1 driving, senza traffico"
klagenfurt,"Klagenfurt, Neuer Platz",030012,Bordano,46.315353,13.106064,95.8,132.7,22,2026-10-07,"OSRM router.project-osrm.org table/v1 driving, senza traffico"
klagenfurt,"Klagenfurt, Neuer Platz",030013,Buja,46.209018,13.125724,95.3,141.1,21,2026-10-07,"OSRM router.project-osrm.org table/v1 driving, senza traffico"
klagenfurt,"Klagenfurt, Neuer Platz",030014,Buttrio,46.013108,13.330438,116.8,174.4,19,2026-10-07,"OSRM router.project-osrm.org table/v1 driving, senza traffico"
klagenfurt,"Klagenfurt, Neuer Platz",030015,Camino al Tagliamento,45.927129,12.94407,133.8,177.6,20,2026-10-07,"OSRM router.project-osrm.org table/v1 driving, senza traffico"
klagenfurt,"Klagenfurt, Neuer Platz",030016,Campoformido,46.019846,13.160077,111.9,165.5,19,2026-10-07,"OSRM router.project-osrm.org table/v1 driving, senza traffico"
klagenfurt,"Klagenfurt, Neuer Platz",030018,Carlino,45.801736,13.188041,126.3,193.5,14,2026-10-07,"OSRM router.project-osrm.org table/v1 driving, senza traffico"
klagenfurt,"Klagenfurt, Neuer Platz",030019,Cassacco,46.173947,13.186293,102.6,148.0,14,2026-10-07,"OSRM router.project-osrm.org table/v1 driving, senza traffico"
klagenfurt,"Klagenfurt, Neuer Platz",030020,Castions di Strada,45.908487,13.185076,124.7,182.0,12,2026-10-07,"OSRM router.project-osrm.org table/v1 driving, senza traffico"
klagenfurt,"Klagenfurt, Neuer Platz",030021,Cavazzo Carnico,46.367246,13.041025,83.8,123.2,20,2026-10-07,"OSRM router.project-osrm.org table/v1 driving, senza traffico"
klagenfurt,"Klagenfurt, Neuer Platz",030022,Cercivento,46.527049,12.987961,105.5,144.1,11,2026-10-07,"OSRM router.project-osrm.org table/v1 driving, senza traffico"
klagenfurt,"Klagenfurt, Neuer Platz",030023,Cervignano del Friuli,45.823461,13.334307,124.1,187.9,12,2026-10-07,"OSRM router.project-osrm.org table/v1 driving, senza traffico"
klagenfurt,"Klagenfurt, Neuer Platz",030024,Chiopris-Viscone,45.924418,13.402598,128.7,193.1,9,2026-10-07,"OSRM router.project-osrm.org table/v1 driving, senza traffico"
klagenfurt,"Klagenfurt, Neuer Platz",030025,Chiusaforte,46.408248,13.3107,72.8,102.3,13,2026-10-07,"OSRM router.project-osrm.org table/v1 driving, senza traffico"
klagenfurt,"Klagenfurt, Neuer Platz",030026,Cividale del Friuli,46.093623,13.430328,125.6,176.2,21,2026-10-07,"OSRM router.project-osrm.org table/v1 driving, senza traffico"
klagenfurt,"Klagenfurt, Neuer Platz",030027,Codroipo,45.961593,12.977352,128.9,173.5,31,2026-10-07,"OSRM router.project-osrm.org table/v1 driving, senza traffico"
klagenfurt,"Klagenfurt, Neuer Platz",030028,Colloredo di Monte Albano,46.16342,13.136533,99.4,145.3,16,2026-10-07,"OSRM router.project-osrm.org table/v1 driving, senza traffico"
klagenfurt,"Klagenfurt, Neuer Platz",030029,Comeglians,46.513655,12.867605,110.4,146.5,11,2026-10-07,"OSRM router.project-osrm.org table/v1 driving, senza traffico"
klagenfurt,"Klagenfurt, Neuer Platz",030030,Corno di Rosazzo,45.99655,13.441591,133.0,184.7,15,2026-10-07,"OSRM router.project-osrm.org table/v1 driving, senza traffico"
klagenfurt,"Klagenfurt, Neuer Platz",030031,Coseano,46.096828,13.018747,111.2,156.6,9,2026-10-07,"OSRM router.project-osrm.org table/v1 driving, senza traffico"
klagenfurt,"Klagenfurt, Neuer Platz",030032,Dignano,46.087434,12.938218,112.0,157.6,14,2026-10-07,"OSRM router.project-osrm.org table/v1 driving, senza traffico"
klagenfurt,"Klagenfurt, Neuer Platz",030033,Dogna,46.447601,13.316007,68.7,97.5,11,2026-10-07,"OSRM router.project-osrm.org table/v1 driving, senza traffico"
klagenfurt,"Klagenfurt, Neuer Platz",030034,Drenchia,46.17522,13.622214,128.5,143.1,14,2026-10-07,"OSRM router.project-osrm.org table/v1 driving, senza traffico"
klagenfurt,"Klagenfurt, Neuer Platz",030035,Enemonzo,46.410312,12.879384,98.0,136.8,19,2026-10-07,"OSRM router.project-osrm.org table/v1 driving, senza traffico"
klagenfurt,"Klagenfurt, Neuer Platz",030036,Faedis,46.152817,13.344168,116.3,167.9,8,2026-10-07,"OSRM router.project-osrm.org table/v1 driving, senza traffico"
klagenfurt,"Klagenfurt, Neuer Platz",030037,Fagagna,46.113384,13.084104,106.3,151.3,15,2026-10-07,"OSRM router.project-osrm.org table/v1 driving, senza traffico"
klagenfurt,"Klagenfurt, Neuer Platz",030039,Flaibano,46.058736,12.983447,115.9,160.8,11,2026-10-07,"OSRM router.project-osrm.org table/v1 driving, senza traffico"
klagenfurt,"Klagenfurt, Neuer Platz",030040,Forni Avoltri,46.584479,12.778473,123.5,159.3,40,2026-10-07,"OSRM router.project-osrm.org table/v1 driving, senza traffico"
klagenfurt,"Klagenfurt, Neuer Platz",030041,Forni di Sopra,46.423933,12.578381,128.1,167.5,15,2026-10-07,"OSRM router.project-osrm.org table/v1 driving, senza traffico"
klagenfurt,"Klagenfurt, Neuer Platz",030042,Forni di Sotto,46.393566,12.671848,119.0,158.4,27,2026-10-07,"OSRM router.project-osrm.org table/v1 driving, senza traffico"
vienna,"Vienna, Stephansplatz",030001,Aiello del Friuli,45.870691,13.362331,333.3,480.1,20,2026-10-07,"OSRM router.project-osrm.org table/v1 driving, senza traffico"
vienna,"Vienna, Stephansplatz",030002,Amaro,46.373824,13.096118,290.7,415.4,9,2026-10-07,"OSRM router.project-osrm.org table/v1 driving, senza traffico"
vienna,"Vienna, Stephansplatz",030003,Ampezzo,46.416622,12.794601,316.4,439.2,26,2026-10-07,"OSRM router.project-osrm.org table/v1 driving, senza traffico"
vienna,"Vienna, Stephansplatz",030004,Aquileia,45.766434,13.364921,339.2,512.9,17,2026-10-07,"OSRM router.project-osrm.org table/v1 driving, senza traffico"
vienna,"Vienna, Stephansplatz",030005,Arta Terme,46.472837,13.024952,306.2,429.7,12,2026-10-07,"OSRM router.project-osrm.org table/v1 driving, senza traffico"
vienna,"Vienna, Stephansplatz",030006,Artegna,46.241786,13.15602,304.8,434.1,20,2026-10-07,"OSRM router.project-osrm.org table/v1 driving, senza traffico"
vienna,"Vienna, Stephansplatz",030007,Attimis,46.188712,13.305112,322.6,449.2,24,2026-10-07,"OSRM router.project-osrm.org table/v1 driving, senza traffico"
vienna,"Vienna, Stephansplatz",030008,Bagnaria Arsa,45.887943,13.301511,325.4,475.0,8,2026-10-07,"OSRM router.project-osrm.org table/v1 driving, senza traffico"
vienna,"Vienna, Stephansplatz",030009,Basiliano,46.015919,13.106787,327.0,463.5,7,2026-10-07,"OSRM router.project-osrm.org table/v1 driving, senza traffico"
vienna,"Vienna, Stephansplatz",030010,Bertiolo,45.943497,13.055082,338.6,475.1,28,2026-10-07,"OSRM router.project-osrm.org table/v1 driving, senza traffico"
vienna,"Vienna, Stephansplatz",030011,Bicinicco,45.931282,13.249551,332.6,471.7,50,2026-10-07,"OSRM router.project-osrm.org table/v1 driving, senza traffico"
vienna,"Vienna, Stephansplatz",030012,Bordano,46.315353,13.106064,306.4,426.7,22,2026-10-07,"OSRM router.project-osrm.org table/v1 driving, senza traffico"
vienna,"Vienna, Stephansplatz",030013,Buja,46.209018,13.125724,305.8,435.1,21,2026-10-07,"OSRM router.project-osrm.org table/v1 driving, senza traffico"
vienna,"Vienna, Stephansplatz",030014,Buttrio,46.013108,13.330438,327.4,468.4,19,2026-10-07,"OSRM router.project-osrm.org table/v1 driving, senza traffico"
vienna,"Vienna, Stephansplatz",030015,Camino al Tagliamento,45.927129,12.94407,344.4,471.5,20,2026-10-07,"OSRM router.project-osrm.org table/v1 driving, senza traffico"
vienna,"Vienna, Stephansplatz",030016,Campoformido,46.019846,13.160077,322.5,459.4,19,2026-10-07,"OSRM router.project-osrm.org table/v1 driving, senza traffico"
vienna,"Vienna, Stephansplatz",030018,Carlino,45.801736,13.188041,336.9,487.5,14,2026-10-07,"OSRM router.project-osrm.org table/v1 driving, senza traffico"
vienna,"Vienna, Stephansplatz",030019,Cassacco,46.173947,13.186293,313.2,442.0,14,2026-10-07,"OSRM router.project-osrm.org table/v1 driving, senza traffico"
vienna,"Vienna, Stephansplatz",030020,Castions di Strada,45.908487,13.185076,335.3,476.0,12,2026-10-07,"OSRM router.project-osrm.org table/v1 driving, senza traffico"
vienna,"Vienna, Stephansplatz",030021,Cavazzo Carnico,46.367246,13.041025,294.4,417.2,20,2026-10-07,"OSRM router.project-osrm.org table/v1 driving, senza traffico"
vienna,"Vienna, Stephansplatz",030022,Cercivento,46.527049,12.987961,316.1,438.1,11,2026-10-07,"OSRM router.project-osrm.org table/v1 driving, senza traffico"
vienna,"Vienna, Stephansplatz",030023,Cervignano del Friuli,45.823461,13.334307,334.6,508.7,12,2026-10-07,"OSRM router.project-osrm.org table/v1 driving, senza traffico"
vienna,"Vienna, Stephansplatz",030024,Chiopris-Viscone,45.924418,13.402598,331.3,502.3,9,2026-10-07,"OSRM router.project-osrm.org table/v1 driving, senza traffico"
vienna,"Vienna, Stephansplatz",030025,Chiusaforte,46.408248,13.3107,283.4,396.3,13,2026-10-07,"OSRM router.project-osrm.org table/v1 driving, senza traffico"
vienna,"Vienna, Stephansplatz",030026,Cividale del Friuli,46.093623,13.430328,336.1,470.2,21,2026-10-07,"OSRM router.project-osrm.org table/v1 driving, senza traffico"
vienna,"Vienna, Stephansplatz",030027,Codroipo,45.961593,12.977352,339.5,467.4,31,2026-10-07,"OSRM router.project-osrm.org table/v1 driving, senza traffico"
vienna,"Vienna, Stephansplatz",030028,Colloredo di Monte Albano,46.16342,13.136533,310.0,439.2,16,2026-10-07,"OSRM router.project-osrm.org table/v1 driving, senza traffico"
vienna,"Vienna, Stephansplatz",030029,Comeglians,46.513655,12.867605,320.9,440.4,11,2026-10-07,"OSRM router.project-osrm.org table/v1 driving, senza traffico"
vienna,"Vienna, Stephansplatz",030030,Corno di Rosazzo,45.99655,13.441591,336.4,508.0,15,2026-10-07,"OSRM router.project-osrm.org table/v1 driving, senza traffico"
vienna,"Vienna, Stephansplatz",030031,Coseano,46.096828,13.018747,321.8,450.6,9,2026-10-07,"OSRM router.project-osrm.org table/v1 driving, senza traffico"
vienna,"Vienna, Stephansplatz",030032,Dignano,46.087434,12.938218,322.6,451.6,14,2026-10-07,"OSRM router.project-osrm.org table/v1 driving, senza traffico"
vienna,"Vienna, Stephansplatz",030033,Dogna,46.447601,13.316007,279.3,391.5,11,2026-10-07,"OSRM router.project-osrm.org table/v1 driving, senza traffico"
vienna,"Vienna, Stephansplatz",030034,Drenchia,46.17522,13.622214,339.1,437.1,14,2026-10-07,"OSRM router.project-osrm.org table/v1 driving, senza traffico"
vienna,"Vienna, Stephansplatz",030035,Enemonzo,46.410312,12.879384,308.5,430.8,19,2026-10-07,"OSRM router.project-osrm.org table/v1 driving, senza traffico"
vienna,"Vienna, Stephansplatz",030036,Faedis,46.152817,13.344168,326.8,461.9,8,2026-10-07,"OSRM router.project-osrm.org table/v1 driving, senza traffico"
vienna,"Vienna, Stephansplatz",030037,Fagagna,46.113384,13.084104,316.9,445.3,15,2026-10-07,"OSRM router.project-osrm.org table/v1 driving, senza traffico"
vienna,"Vienna, Stephansplatz",030039,Flaibano,46.058736,12.983447,326.4,454.7,11,2026-10-07,"OSRM router.project-osrm.org table/v1 driving, senza traffico"
vienna,"Vienna, Stephansplatz",030040,Forni Avoltri,46.584479,12.778473,334.1,453.2,40,2026-10-07,"OSRM router.project-osrm.org table/v1 driving, senza traffico"
vienna,"Vienna, Stephansplatz",030041,Forni di Sopra,46.423933,12.578381,338.7,461.5,15,2026-10-07,"OSRM router.project-osrm.org table/v1 driving, senza traffico"
vienna,"Vienna, Stephansplatz",030042,Forni di Sotto,46.393566,12.671848,329.6,452.4,27,2026-10-07,"OSRM router.project-osrm.org table/v1 driving, senza traffico"
monaco,"Monaco di Baviera, Marienplatz",030001,Aiello del Friuli,45.870691,13.362331,303.9,468.2,20,2026-10-07,"OSRM router.project-osrm.org table/v1 driving, senza traffico"
monaco,"Monaco di Baviera, Marienplatz",030002,Amaro,46.373824,13.096118,261.3,403.6,9,2026-10-07,"OSRM router.project-osrm.org table/v1 driving, senza traffico"
monaco,"Monaco di Baviera, Marienplatz",030003,Ampezzo,46.416622,12.794601,287.0,427.4,26,2026-10-07,"OSRM router.project-osrm.org table/v1 driving, senza traffico"
monaco,"Monaco di Baviera, Marienplatz",030004,Aquileia,45.766434,13.364921,312.4,477.9,17,2026-10-07,"OSRM router.project-osrm.org table/v1 driving, senza traffico"
monaco,"Monaco di Baviera, Marienplatz",030005,Arta Terme,46.472837,13.024952,257.2,290.0,12,2026-10-07,"OSRM router.project-osrm.org table/v1 driving, senza traffico"
monaco,"Monaco di Baviera, Marienplatz",030006,Artegna,46.241786,13.15602,275.4,422.2,20,2026-10-07,"OSRM router.project-osrm.org table/v1 driving, senza traffico"
monaco,"Monaco di Baviera, Marienplatz",030007,Attimis,46.188712,13.305112,293.2,437.4,24,2026-10-07,"OSRM router.project-osrm.org table/v1 driving, senza traffico"
monaco,"Monaco di Baviera, Marienplatz",030008,Bagnaria Arsa,45.887943,13.301511,296.0,463.2,8,2026-10-07,"OSRM router.project-osrm.org table/v1 driving, senza traffico"
monaco,"Monaco di Baviera, Marienplatz",030009,Basiliano,46.015919,13.106787,297.6,451.7,7,2026-10-07,"OSRM router.project-osrm.org table/v1 driving, senza traffico"
monaco,"Monaco di Baviera, Marienplatz",030010,Bertiolo,45.943497,13.055082,309.2,463.2,28,2026-10-07,"OSRM router.project-osrm.org table/v1 driving, senza traffico"
monaco,"Monaco di Baviera, Marienplatz",030011,Bicinicco,45.931282,13.249551,303.1,459.9,50,2026-10-07,"OSRM router.project-osrm.org table/v1 driving, senza traffico"
monaco,"Monaco di Baviera, Marienplatz",030012,Bordano,46.315353,13.106064,276.9,414.9,22,2026-10-07,"OSRM router.project-osrm.org table/v1 driving, senza traffico"
monaco,"Monaco di Baviera, Marienplatz",030013,Buja,46.209018,13.125724,276.4,423.3,21,2026-10-07,"OSRM router.project-osrm.org table/v1 driving, senza traffico"
monaco,"Monaco di Baviera, Marienplatz",030014,Buttrio,46.013108,13.330438,297.9,456.6,19,2026-10-07,"OSRM router.project-osrm.org table/v1 driving, senza traffico"
monaco,"Monaco di Baviera, Marienplatz",030015,Camino al Tagliamento,45.927129,12.94407,315.0,459.7,20,2026-10-07,"OSRM router.project-osrm.org table/v1 driving, senza traffico"
monaco,"Monaco di Baviera, Marienplatz",030016,Campoformido,46.019846,13.160077,293.0,447.6,19,2026-10-07,"OSRM router.project-osrm.org table/v1 driving, senza traffico"
monaco,"Monaco di Baviera, Marienplatz",030018,Carlino,45.801736,13.188041,307.5,475.7,14,2026-10-07,"OSRM router.project-osrm.org table/v1 driving, senza traffico"
monaco,"Monaco di Baviera, Marienplatz",030019,Cassacco,46.173947,13.186293,283.8,430.1,14,2026-10-07,"OSRM router.project-osrm.org table/v1 driving, senza traffico"
monaco,"Monaco di Baviera, Marienplatz",030020,Castions di Strada,45.908487,13.185076,305.9,464.2,12,2026-10-07,"OSRM router.project-osrm.org table/v1 driving, senza traffico"
monaco,"Monaco di Baviera, Marienplatz",030021,Cavazzo Carnico,46.367246,13.041025,265.0,405.3,20,2026-10-07,"OSRM router.project-osrm.org table/v1 driving, senza traffico"
monaco,"Monaco di Baviera, Marienplatz",030022,Cercivento,46.527049,12.987961,251.3,284.8,11,2026-10-07,"OSRM router.project-osrm.org table/v1 driving, senza traffico"
monaco,"Monaco di Baviera, Marienplatz",030023,Cervignano del Friuli,45.823461,13.334307,305.2,470.0,12,2026-10-07,"OSRM router.project-osrm.org table/v1 driving, senza traffico"
monaco,"Monaco di Baviera, Marienplatz",030024,Chiopris-Viscone,45.924418,13.402598,309.9,475.2,9,2026-10-07,"OSRM router.project-osrm.org table/v1 driving, senza traffico"
monaco,"Monaco di Baviera, Marienplatz",030025,Chiusaforte,46.408248,13.3107,253.9,384.5,13,2026-10-07,"OSRM router.project-osrm.org table/v1 driving, senza traffico"
monaco,"Monaco di Baviera, Marienplatz",030026,Cividale del Friuli,46.093623,13.430328,306.7,458.3,21,2026-10-07,"OSRM router.project-osrm.org table/v1 driving, senza traffico"
monaco,"Monaco di Baviera, Marienplatz",030027,Codroipo,45.961593,12.977352,310.0,455.6,31,2026-10-07,"OSRM router.project-osrm.org table/v1 driving, senza traffico"
monaco,"Monaco di Baviera, Marienplatz",030028,Colloredo di Monte Albano,46.16342,13.136533,280.6,427.4,16,2026-10-07,"OSRM router.project-osrm.org table/v1 driving, senza traffico"
monaco,"Monaco di Baviera, Marienplatz",030029,Comeglians,46.513655,12.867605,265.1,297.3,11,2026-10-07,"OSRM router.project-osrm.org table/v1 driving, senza traffico"
monaco,"Monaco di Baviera, Marienplatz",030030,Corno di Rosazzo,45.99655,13.441591,314.2,466.8,15,2026-10-07,"OSRM router.project-osrm.org table/v1 driving, senza traffico"
monaco,"Monaco di Baviera, Marienplatz",030031,Coseano,46.096828,13.018747,292.4,438.8,9,2026-10-07,"OSRM router.project-osrm.org table/v1 driving, senza traffico"
monaco,"Monaco di Baviera, Marienplatz",030032,Dignano,46.087434,12.938218,293.2,439.7,14,2026-10-07,"OSRM router.project-osrm.org table/v1 driving, senza traffico"
monaco,"Monaco di Baviera, Marienplatz",030033,Dogna,46.447601,13.316007,249.9,379.6,11,2026-10-07,"OSRM router.project-osrm.org table/v1 driving, senza traffico"
monaco,"Monaco di Baviera, Marienplatz",030034,Drenchia,46.17522,13.622214,309.6,425.2,14,2026-10-07,"OSRM router.project-osrm.org table/v1 driving, senza traffico"
monaco,"Monaco di Baviera, Marienplatz",030035,Enemonzo,46.410312,12.879384,279.1,418.9,19,2026-10-07,"OSRM router.project-osrm.org table/v1 driving, senza traffico"
monaco,"Monaco di Baviera, Marienplatz",030036,Faedis,46.152817,13.344168,297.4,450.0,8,2026-10-07,"OSRM router.project-osrm.org table/v1 driving, senza traffico"
monaco,"Monaco di Baviera, Marienplatz",030037,Fagagna,46.113384,13.084104,287.5,433.5,15,2026-10-07,"OSRM router.project-osrm.org table/v1 driving, senza traffico"
monaco,"Monaco di Baviera, Marienplatz",030039,Flaibano,46.058736,12.983447,297.0,442.9,11,2026-10-07,"OSRM router.project-osrm.org table/v1 driving, senza traffico"
monaco,"Monaco di Baviera, Marienplatz",030040,Forni Avoltri,46.584479,12.778473,277.9,309.4,40,2026-10-07,"OSRM router.project-osrm.org table/v1 driving, senza traffico"
monaco,"Monaco di Baviera, Marienplatz",030041,Forni di Sopra,46.423933,12.578381,290.7,324.9,15,2026-10-07,"OSRM router.project-osrm.org table/v1 driving, senza traffico"
monaco,"Monaco di Baviera, Marienplatz",030042,Forni di Sotto,46.393566,12.671848,300.2,440.6,27,2026-10-07,"OSRM router.project-osrm.org table/v1 driving, senza traffico"
salisburgo,"Salisburgo, Residenzplatz",030001,Aiello del Friuli,45.870691,13.362331,224.8,336.7,20,2026-10-07,"OSRM router.project-osrm.org table/v1 driving, senza traffico"
salisburgo,"Salisburgo, Residenzplatz",030002,Amaro,46.373824,13.096118,182.2,272.0,9,2026-10-07,"OSRM router.project-osrm.org table/v1 driving, senza traffico"
salisburgo,"Salisburgo, Residenzplatz",030003,Ampezzo,46.416622,12.794601,207.9,295.8,26,2026-10-07,"OSRM router.project-osrm.org table/v1 driving, senza traffico"
salisburgo,"Salisburgo, Residenzplatz",030004,Aquileia,45.766434,13.364921,233.3,346.3,17,2026-10-07,"OSRM router.project-osrm.org table/v1 driving, senza traffico"
salisburgo,"Salisburgo, Residenzplatz",030005,Arta Terme,46.472837,13.024952,193.9,238.5,12,2026-10-07,"OSRM router.project-osrm.org table/v1 driving, senza traffico"
salisburgo,"Salisburgo, Residenzplatz",030006,Artegna,46.241786,13.15602,196.3,290.7,20,2026-10-07,"OSRM router.project-osrm.org table/v1 driving, senza traffico"
salisburgo,"Salisburgo, Residenzplatz",030007,Attimis,46.188712,13.305112,214.1,305.8,24,2026-10-07,"OSRM router.project-osrm.org table/v1 driving, senza traffico"
salisburgo,"Salisburgo, Residenzplatz",030008,Bagnaria Arsa,45.887943,13.301511,216.9,331.6,8,2026-10-07,"OSRM router.project-osrm.org table/v1 driving, senza traffico"
salisburgo,"Salisburgo, Residenzplatz",030009,Basiliano,46.015919,13.106787,218.5,320.1,7,2026-10-07,"OSRM router.project-osrm.org table/v1 driving, senza traffico"
salisburgo,"Salisburgo, Residenzplatz",030010,Bertiolo,45.943497,13.055082,230.2,331.7,28,2026-10-07,"OSRM router.project-osrm.org table/v1 driving, senza traffico"
salisburgo,"Salisburgo, Residenzplatz",030011,Bicinicco,45.931282,13.249551,224.1,328.4,50,2026-10-07,"OSRM router.project-osrm.org table/v1 driving, senza traffico"
salisburgo,"Salisburgo, Residenzplatz",030012,Bordano,46.315353,13.106064,197.9,283.3,22,2026-10-07,"OSRM router.project-osrm.org table/v1 driving, senza traffico"
salisburgo,"Salisburgo, Residenzplatz",030013,Buja,46.209018,13.125724,197.4,291.7,21,2026-10-07,"OSRM router.project-osrm.org table/v1 driving, senza traffico"
salisburgo,"Salisburgo, Residenzplatz",030014,Buttrio,46.013108,13.330438,218.9,325.0,19,2026-10-07,"OSRM router.project-osrm.org table/v1 driving, senza traffico"
salisburgo,"Salisburgo, Residenzplatz",030015,Camino al Tagliamento,45.927129,12.94407,235.9,328.2,20,2026-10-07,"OSRM router.project-osrm.org table/v1 driving, senza traffico"
salisburgo,"Salisburgo, Residenzplatz",030016,Campoformido,46.019846,13.160077,214.0,316.0,19,2026-10-07,"OSRM router.project-osrm.org table/v1 driving, senza traffico"
salisburgo,"Salisburgo, Residenzplatz",030018,Carlino,45.801736,13.188041,228.4,344.1,14,2026-10-07,"OSRM router.project-osrm.org table/v1 driving, senza traffico"
salisburgo,"Salisburgo, Residenzplatz",030019,Cassacco,46.173947,13.186293,204.7,298.6,14,2026-10-07,"OSRM router.project-osrm.org table/v1 driving, senza traffico"
salisburgo,"Salisburgo, Residenzplatz",030020,Castions di Strada,45.908487,13.185076,226.8,332.6,12,2026-10-07,"OSRM router.project-osrm.org table/v1 driving, senza traffico"
salisburgo,"Salisburgo, Residenzplatz",030021,Cavazzo Carnico,46.367246,13.041025,185.9,273.8,20,2026-10-07,"OSRM router.project-osrm.org table/v1 driving, senza traffico"
salisburgo,"Salisburgo, Residenzplatz",030022,Cercivento,46.527049,12.987961,188.1,233.2,11,2026-10-07,"OSRM router.project-osrm.org table/v1 driving, senza traffico"
salisburgo,"Salisburgo, Residenzplatz",030023,Cervignano del Friuli,45.823461,13.334307,226.2,338.5,12,2026-10-07,"OSRM router.project-osrm.org table/v1 driving, senza traffico"
salisburgo,"Salisburgo, Residenzplatz",030024,Chiopris-Viscone,45.924418,13.402598,230.8,343.7,9,2026-10-07,"OSRM router.project-osrm.org table/v1 driving, senza traffico"
salisburgo,"Salisburgo, Residenzplatz",030025,Chiusaforte,46.408248,13.3107,174.9,252.9,13,2026-10-07,"OSRM router.project-osrm.org table/v1 driving, senza traffico"
salisburgo,"Salisburgo, Residenzplatz",030026,Cividale del Friuli,46.093623,13.430328,227.6,326.8,21,2026-10-07,"OSRM router.project-osrm.org table/v1 driving, senza traffico"
salisburgo,"Salisburgo, Residenzplatz",030027,Codroipo,45.961593,12.977352,231.0,324.0,31,2026-10-07,"OSRM router.project-osrm.org table/v1 driving, senza traffico"
salisburgo,"Salisburgo, Residenzplatz",030028,Colloredo di Monte Albano,46.16342,13.136533,201.5,295.8,16,2026-10-07,"OSRM router.project-osrm.org table/v1 driving, senza traffico"
salisburgo,"Salisburgo, Residenzplatz",030029,Comeglians,46.513655,12.867605,201.9,245.8,11,2026-10-07,"OSRM router.project-osrm.org table/v1 driving, senza traffico"
salisburgo,"Salisburgo, Residenzplatz",030030,Corno di Rosazzo,45.99655,13.441591,235.1,335.3,15,2026-10-07,"OSRM router.project-osrm.org table/v1 driving, senza traffico"
salisburgo,"Salisburgo, Residenzplatz",030031,Coseano,46.096828,13.018747,213.3,307.2,9,2026-10-07,"OSRM router.project-osrm.org table/v1 driving, senza traffico"
salisburgo,"Salisburgo, Residenzplatz",030032,Dignano,46.087434,12.938218,214.1,308.2,14,2026-10-07,"OSRM router.project-osrm.org table/v1 driving, senza traffico"
salisburgo,"Salisburgo, Residenzplatz",030033,Dogna,46.447601,13.316007,170.8,248.1,11,2026-10-07,"OSRM router.project-osrm.org table/v1 driving, senza traffico"
salisburgo,"Salisburgo, Residenzplatz",030034,Drenchia,46.17522,13.622214,230.6,293.7,14,2026-10-07,"OSRM router.project-osrm.org table/v1 driving, senza traffico"
salisburgo,"Salisburgo, Residenzplatz",030035,Enemonzo,46.410312,12.879384,200.1,287.4,19,2026-10-07,"OSRM router.project-osrm.org table/v1 driving, senza traffico"
salisburgo,"Salisburgo, Residenzplatz",030036,Faedis,46.152817,13.344168,218.4,318.5,8,2026-10-07,"OSRM router.project-osrm.org table/v1 driving, senza traffico"
salisburgo,"Salisburgo, Residenzplatz",030037,Fagagna,46.113384,13.084104,208.4,301.9,15,2026-10-07,"OSRM router.project-osrm.org table/v1 driving, senza traffico"
salisburgo,"Salisburgo, Residenzplatz",030039,Flaibano,46.058736,12.983447,217.9,311.3,11,2026-10-07,"OSRM router.project-osrm.org table/v1 driving, senza traffico"
salisburgo,"Salisburgo, Residenzplatz",030040,Forni Avoltri,46.584479,12.778473,214.7,257.9,40,2026-10-07,"OSRM router.project-osrm.org table/v1 driving, senza traffico"
salisburgo,"Salisburgo, Residenzplatz",030041,Forni di Sopra,46.423933,12.578381,230.2,318.1,15,2026-10-07,"OSRM router.project-osrm.org table/v1 driving, senza traffico"
salisburgo,"Salisburgo, Residenzplatz",030042,Forni di Sotto,46.393566,12.671848,221.1,309.0,27,2026-10-07,"OSRM router.project-osrm.org table/v1 driving, senza traffico"
trieste,"Trieste, Piazza Unità d'Italia",030043,Gemona del Friuli,46.276823,13.139824,77.9,103.3,11,2026-10-07,"OSRM router.project-osrm.org table/v1 driving, senza traffico"
trieste,"Trieste, Piazza Unità d'Italia",030044,Gonars,45.896562,13.236299,52.0,58.9,22,2026-10-07,"OSRM router.project-osrm.org table/v1 driving, senza traffico"
trieste,"Trieste, Piazza Unità d'Italia",030045,Grimacco,46.156556,13.593644,95.0,89.7,17,2026-10-07,"OSRM router.project-osrm.org table/v1 driving, senza traffico"
trieste,"Trieste, Piazza Unità d'Italia",030046,Latisana,45.776336,12.995294,65.3,81.7,9,2026-10-07,"OSRM router.project-osrm.org table/v1 driving, senza traffico"
trieste,"Trieste, Piazza Unità d'Italia",030047,Lauco,46.424111,12.933092,103.9,132.5,15,2026-10-07,"OSRM router.project-osrm.org table/v1 driving, senza traffico"
trieste,"Trieste, Piazza Unità d'Italia",030048,Lestizza,45.957742,13.141058,63.3,69.7,25,2026-10-07,"OSRM router.project-osrm.org table/v1 driving, senza traffico"
trieste,"Trieste, Piazza Unità d'Italia",030049,Lignano Sabbiadoro,45.689167,13.129643,83.1,97.4,27,2026-10-07,"OSRM router.project-osrm.org table/v1 driving, senza traffico"
trieste,"Trieste, Piazza Unità d'Italia",030051,Lusevera,46.264677,13.260455,85.3,99.4,21,2026-10-07,"OSRM router.project-osrm.org table/v1 driving, senza traffico"
trieste,"Trieste, Piazza Unità d'Italia",030052,Magnano in Riviera,46.230992,13.17759,78.2,93.9,23,2026-10-07,"OSRM router.project-osrm.org table/v1 driving, senza traffico"
trieste,"Trieste, Piazza Unità d'Italia",030053,Majano,46.185232,13.069023,80.9,106.8,11,2026-10-07,"OSRM router.project-osrm.org table/v1 driving, senza traffico"
trieste,"Trieste, Piazza Unità d'Italia",030054,Malborghetto Valbruna,46.50742,13.439355,107.1,153.8,34,2026-10-07,"OSRM router.project-osrm.org table/v1 driving, senza traffico"
trieste,"Trieste, Piazza Unità d'Italia",030055,Manzano,45.989637,13.385428,58.7,62.0,25,2026-10-07,"OSRM router.project-osrm.org table/v1 driving, senza traffico"
trieste,"Trieste, Piazza Unità d'Italia",030056,Marano Lagunare,45.765409,13.167288,63.8,72.9,9,2026-10-07,"OSRM router.project-osrm.org table/v1 driving, senza traffico"
trieste,"Trieste, Piazza Unità d'Italia",030057,Martignacco,46.098147,13.130324,68.7,80.6,27,2026-10-07,"OSRM router.project-osrm.org table/v1 driving, senza traffico"
trieste,"Trieste, Piazza Unità d'Italia",030058,Mereto di Tomba,46.051035,13.048527,69.0,84.5,29,2026-10-07,"OSRM router.project-osrm.org table/v1 driving, senza traffico"
trieste,"Trieste, Piazza Unità d'Italia",030059,Moggio Udinese,46.410394,13.19475,92.4,124.8,16,2026-10-07,"OSRM router.project-osrm.org table/v1 driving, senza traffico"
trieste,"Trieste, Piazza Unità d'Italia",030060,Moimacco,46.091809,13.380982,74.4,75.9,15,2026-10-07,"OSRM router.project-osrm.org table/v1 driving, senza traffico"
trieste,"Trieste, Piazza Unità d'Italia",030061,Montenars,46.256678,13.180573,82.4,107.0,14,2026-10-07,"OSRM router.project-osrm.org table/v1 driving, senza traffico"
trieste,"Trieste, Piazza Unità d'Italia",030062,Mortegliano,45.944972,13.172276,59.2,66.2,24,2026-10-07,"OSRM router.project-osrm.org table/v1 driving, senza traffico"
trieste,"Trieste, Piazza Unità d'Italia",030063,Moruzzo,46.119651,13.123766,71.3,84.0,16,2026-10-07,"OSRM router.project-osrm.org table/v1 driving, senza traffico"
trieste,"Trieste, Piazza Unità d'Italia",030064,Muzzana del Turgnano,45.817581,13.12781,61.1,70.1,12,2026-10-07,"OSRM router.project-osrm.org table/v1 driving, senza traffico"
trieste,"Trieste, Piazza Unità d'Italia",030065,Nimis,46.201188,13.265811,75.2,91.3,19,2026-10-07,"OSRM router.project-osrm.org table/v1 driving, senza traffico"
trieste,"Trieste, Piazza Unità d'Italia",030066,Osoppo,46.256698,13.080546,73.2,99.3,13,2026-10-07,"OSRM router.project-osrm.org table/v1 driving, senza traffico"
trieste,"Trieste, Piazza Unità d'Italia",030067,Ovaro,46.483196,12.865548,105.8,136.3,18,2026-10-07,"OSRM router.project-osrm.org table/v1 driving, senza traffico"
trieste,"Trieste, Piazza Unità d'Italia",030068,Pagnacco,46.12053,13.187325,64.0,82.2,11,2026-10-07,"OSRM router.project-osrm.org table/v1 driving, senza traffico"
trieste,"Trieste, Piazza Unità d'Italia",030069,Palazzolo dello Stella,45.804466,13.079431,65.2,83.3,13,2026-10-07,"OSRM router.project-osrm.org table/v1 driving, senza traffico"
trieste,"Trieste, Piazza Unità d'Italia",030070,Palmanova,45.904565,13.309551,45.1,53.4,65,2026-10-07,"OSRM router.project-osrm.org table/v1 driving, senza traffico"
trieste,"Trieste, Piazza Unità d'Italia",030071,Paluzza,46.529506,13.016489,105.5,136.8,4,2026-10-07,"OSRM router.project-osrm.org table/v1 driving, senza traffico"
trieste,"Trieste, Piazza Unità d'Italia",030072,Pasian di Prato,46.049108,13.190787,58.3,72.6,21,2026-10-07,"OSRM router.project-osrm.org table/v1 driving, senza traffico"
trieste,"Trieste, Piazza Unità d'Italia",030073,Paularo,46.530378,13.116391,106.9,139.0,22,2026-10-07,"OSRM router.project-osrm.org table/v1 driving, senza traffico"
trieste,"Trieste, Piazza Unità d'Italia",030074,Pavia di Udine,45.977591,13.281686,57.9,63.0,15,2026-10-07,"OSRM router.project-osrm.org table/v1 driving, senza traffico"
trieste,"Trieste, Piazza Unità d'Italia",030075,Pocenia,45.837077,13.098151,67.5,75.4,14,2026-10-07,"OSRM router.project-osrm.org table/v1 driving, senza traffico"
trieste,"Trieste, Piazza Unità d'Italia",030076,Pontebba,46.506115,13.304164,102.9,148.7,11,2026-10-07,"OSRM router.project-osrm.org table/v1 driving, senza traffico"
trieste,"Trieste, Piazza Unità d'Italia",030077,Porpetto,45.858493,13.21482,48.2,60.5,33,2026-10-07,"OSRM router.project-osrm.org table/v1 driving, senza traffico"
trieste,"Trieste, Piazza Unità d'Italia",030078,Povoletto,46.118558,13.298558,68.7,87.5,17,2026-10-07,"OSRM router.project-osrm.org table/v1 driving, senza traffico"
trieste,"Trieste, Piazza Unità d'Italia",030079,Pozzuolo del Friuli,45.984645,13.196736,60.3,74.1,39,2026-10-07,"OSRM router.project-osrm.org table/v1 driving, senza traffico"
trieste,"Trieste, Piazza Unità d'Italia",030080,Pradamano,46.031191,13.299289,60.7,73.7,11,2026-10-07,"OSRM router.project-osrm.org table/v1 driving, senza traffico"
trieste,"Trieste, Piazza Unità d'Italia",030081,Prato Carnico,46.520399,12.798265,116.3,144.6,14,2026-10-07,"OSRM router.project-osrm.org table/v1 driving, senza traffico"
trieste,"Trieste, Piazza Unità d'Italia",030082,Precenicco,45.789791,13.078478,66.3,84.1,4,2026-10-07,"OSRM router.project-osrm.org table/v1 driving, senza traffico"
trieste,"Trieste, Piazza Unità d'Italia",030083,Premariacco,46.060073,13.394239,68.7,70.3,21,2026-10-07,"OSRM router.project-osrm.org table/v1 driving, senza traffico"
udine,"Udine, Piazza della Libertà",030043,Gemona del Friuli,46.276823,13.139824,32.9,33.5,11,2026-10-07,"OSRM router.project-osrm.org table/v1 driving, senza traffico"
udine,"Udine, Piazza della Libertà",030044,Gonars,45.896562,13.236299,27.8,23.5,22,2026-10-07,"OSRM router.project-osrm.org table/v1 driving, senza traffico"
udine,"Udine, Piazza della Libertà",030045,Grimacco,46.156556,13.593644,46.5,32.9,17,2026-10-07,"OSRM router.project-osrm.org table/v1 driving, senza traffico"
udine,"Udine, Piazza della Libertà",030046,Latisana,45.776336,12.995294,45.0,52.1,9,2026-10-07,"OSRM router.project-osrm.org table/v1 driving, senza traffico"
udine,"Udine, Piazza della Libertà",030047,Lauco,46.424111,12.933092,58.8,62.8,15,2026-10-07,"OSRM router.project-osrm.org table/v1 driving, senza traffico"
udine,"Udine, Piazza della Libertà",030048,Lestizza,45.957742,13.141058,19.2,16.0,25,2026-10-07,"OSRM router.project-osrm.org table/v1 driving, senza traffico"
udine,"Udine, Piazza della Libertà",030049,Lignano Sabbiadoro,45.689167,13.129643,62.8,67.8,27,2026-10-07,"OSRM router.project-osrm.org table/v1 driving, senza traffico"
udine,"Udine, Piazza della Libertà",030051,Lusevera,46.264677,13.260455,36.3,26.5,21,2026-10-07,"OSRM router.project-osrm.org table/v1 driving, senza traffico"
udine,"Udine, Piazza della Libertà",030052,Magnano in Riviera,46.230992,13.17759,29.2,21.0,23,2026-10-07,"OSRM router.project-osrm.org table/v1 driving, senza traffico"
udine,"Udine, Piazza della Libertà",030053,Majano,46.185232,13.069023,30.5,23.0,11,2026-10-07,"OSRM router.project-osrm.org table/v1 driving, senza traffico"
udine,"Udine, Piazza della Libertà",030054,Malborghetto Valbruna,46.50742,13.439355,62.1,84.0,34,2026-10-07,"OSRM router.project-osrm.org table/v1 driving, senza traffico"
udine,"Udine, Piazza della Libertà",030055,Manzano,45.989637,13.385428,24.8,16.8,25,2026-10-07,"OSRM router.project-osrm.org table/v1 driving, senza traffico"
udine,"Udine, Piazza della Libertà",030056,Marano Lagunare,45.765409,13.167288,43.5,43.3,9,2026-10-07,"OSRM router.project-osrm.org table/v1 driving, senza traffico"
udine,"Udine, Piazza della Libertà",030057,Martignacco,46.098147,13.130324,16.8,11.5,27,2026-10-07,"OSRM router.project-osrm.org table/v1 driving, senza traffico"
udine,"Udine, Piazza della Libertà",030058,Mereto di Tomba,46.051035,13.048527,20.4,16.8,29,2026-10-07,"OSRM router.project-osrm.org table/v1 driving, senza traffico"
udine,"Udine, Piazza della Libertà",030059,Moggio Udinese,46.410394,13.19475,47.3,55.0,16,2026-10-07,"OSRM router.project-osrm.org table/v1 driving, senza traffico"
udine,"Udine, Piazza della Libertà",030060,Moimacco,46.091809,13.380982,19.3,13.5,15,2026-10-07,"OSRM router.project-osrm.org table/v1 driving, senza traffico"
udine,"Udine, Piazza della Libertà",030061,Montenars,46.256678,13.180573,37.2,27.0,14,2026-10-07,"OSRM router.project-osrm.org table/v1 driving, senza traffico"
udine,"Udine, Piazza della Libertà",030062,Mortegliano,45.944972,13.172276,17.8,15.4,24,2026-10-07,"OSRM router.project-osrm.org table/v1 driving, senza traffico"
udine,"Udine, Piazza della Libertà",030063,Moruzzo,46.119651,13.123766,18.9,13.4,16,2026-10-07,"OSRM router.project-osrm.org table/v1 driving, senza traffico"
udine,"Udine, Piazza della Libertà",030064,Muzzana del Turgnano,45.817581,13.12781,35.1,30.6,12,2026-10-07,"OSRM router.project-osrm.org table/v1 driving, senza traffico"
udine,"Udine, Piazza della Libertà",030065,Nimis,46.201188,13.265811,25.0,18.2,19,2026-10-07,"OSRM router.project-osrm.org table/v1 driving, senza traffico"
udine,"Udine, Piazza della Libertà",030066,Osoppo,46.256698,13.080546,28.2,29.5,13,2026-10-07,"OSRM router.project-osrm.org table/v1 driving, senza traffico"
udine,"Udine, Piazza della Libertà",030067,Ovaro,46.483196,12.865548,60.7,66.5,18,2026-10-07,"OSRM router.project-osrm.org table/v1 driving, senza traffico"
udine,"Udine, Piazza della Libertà",030068,Pagnacco,46.12053,13.187325,13.5,9.4,11,2026-10-07,"OSRM router.project-osrm.org table/v1 driving, senza traffico"
udine,"Udine, Piazza della Libertà",030069,Palazzolo dello Stella,45.804466,13.079431,39.8,34.2,13,2026-10-07,"OSRM router.project-osrm.org table/v1 driving, senza traffico"
udine,"Udine, Piazza della Libertà",030070,Palmanova,45.904565,13.309551,26.7,26.7,65,2026-10-07,"OSRM router.project-osrm.org table/v1 driving, senza traffico"
udine,"Udine, Piazza della Libertà",030071,Paluzza,46.529506,13.016489,60.5,67.0,4,2026-10-07,"OSRM router.project-osrm.org table/v1 driving, senza traffico"
udine,"Udine, Piazza della Libertà",030072,Pasian di Prato,46.049108,13.190787,9.1,5.1,21,2026-10-07,"OSRM router.project-osrm.org table/v1 driving, senza traffico"
udine,"Udine, Piazza della Libertà",030073,Paularo,46.530378,13.116391,61.8,69.2,22,2026-10-07,"OSRM router.project-osrm.org table/v1 driving, senza traffico"
udine,"Udine, Piazza della Libertà",030074,Pavia di Udine,45.977591,13.281686,15.3,11.2,15,2026-10-07,"OSRM router.project-osrm.org table/v1 driving, senza traffico"
udine,"Udine, Piazza della Libertà",030075,Pocenia,45.837077,13.098151,33.7,29.3,14,2026-10-07,"OSRM router.project-osrm.org table/v1 driving, senza traffico"
udine,"Udine, Piazza della Libertà",030076,Pontebba,46.506115,13.304164,57.8,78.9,11,2026-10-07,"OSRM router.project-osrm.org table/v1 driving, senza traffico"
udine,"Udine, Piazza della Libertà",030077,Porpetto,45.858493,13.21482,27.9,30.9,33,2026-10-07,"OSRM router.project-osrm.org table/v1 driving, senza traffico"
udine,"Udine, Piazza della Libertà",030078,Povoletto,46.118558,13.298558,15.6,10.1,17,2026-10-07,"OSRM router.project-osrm.org table/v1 driving, senza traffico"
udine,"Udine, Piazza della Libertà",030079,Pozzuolo del Friuli,45.984645,13.196736,13.7,10.7,39,2026-10-07,"OSRM router.project-osrm.org table/v1 driving, senza traffico"
udine,"Udine, Piazza della Libertà",030080,Pradamano,46.031191,13.299289,11.4,6.5,11,2026-10-07,"OSRM router.project-osrm.org table/v1 driving, senza traffico"
udine,"Udine, Piazza della Libertà",030081,Prato Carnico,46.520399,12.798265,71.2,74.8,14,2026-10-07,"OSRM router.project-osrm.org table/v1 driving, senza traffico"
udine,"Udine, Piazza della Libertà",030082,Precenicco,45.789791,13.078478,43.5,36.6,4,2026-10-07,"OSRM router.project-osrm.org table/v1 driving, senza traffico"
udine,"Udine, Piazza della Libertà",030083,Premariacco,46.060073,13.394239,22.8,14.5,21,2026-10-07,"OSRM router.project-osrm.org table/v1 driving, senza traffico"
aer_trieste,"Aeroporto di Trieste (Ronchi dei Legionari), terminal",030043,Gemona del Friuli,46.276823,13.139824,53.9,72.3,11,2026-10-07,"OSRM router.project-osrm.org table/v1 driving, senza traffico"
aer_trieste,"Aeroporto di Trieste (Ronchi dei Legionari), terminal",030044,Gonars,45.896562,13.236299,28.0,27.9,22,2026-10-07,"OSRM router.project-osrm.org table/v1 driving, senza traffico"
aer_trieste,"Aeroporto di Trieste (Ronchi dei Legionari), terminal",030045,Grimacco,46.156556,13.593644,70.9,58.8,17,2026-10-07,"OSRM router.project-osrm.org table/v1 driving, senza traffico"
aer_trieste,"Aeroporto di Trieste (Ronchi dei Legionari), terminal",030046,Latisana,45.776336,12.995294,41.2,50.8,9,2026-10-07,"OSRM router.project-osrm.org table/v1 driving, senza traffico"
aer_trieste,"Aeroporto di Trieste (Ronchi dei Legionari), terminal",030047,Lauco,46.424111,12.933092,79.8,101.6,15,2026-10-07,"OSRM router.project-osrm.org table/v1 driving, senza traffico"
aer_trieste,"Aeroporto di Trieste (Ronchi dei Legionari), terminal",030048,Lestizza,45.957742,13.141058,39.3,38.7,25,2026-10-07,"OSRM router.project-osrm.org table/v1 driving, senza traffico"
aer_trieste,"Aeroporto di Trieste (Ronchi dei Legionari), terminal",030049,Lignano Sabbiadoro,45.689167,13.129643,59.1,66.5,27,2026-10-07,"OSRM router.project-osrm.org table/v1 driving, senza traffico"
aer_trieste,"Aeroporto di Trieste (Ronchi dei Legionari), terminal",030051,Lusevera,46.264677,13.260455,61.2,68.4,21,2026-10-07,"OSRM router.project-osrm.org table/v1 driving, senza traffico"
aer_trieste,"Aeroporto di Trieste (Ronchi dei Legionari), terminal",030052,Magnano in Riviera,46.230992,13.17759,54.1,63.0,23,2026-10-07,"OSRM router.project-osrm.org table/v1 driving, senza traffico"
aer_trieste,"Aeroporto di Trieste (Ronchi dei Legionari), terminal",030053,Majano,46.185232,13.069023,56.9,75.9,11,2026-10-07,"OSRM router.project-osrm.org table/v1 driving, senza traffico"
aer_trieste,"Aeroporto di Trieste (Ronchi dei Legionari), terminal",030054,Malborghetto Valbruna,46.50742,13.439355,83.1,122.8,34,2026-10-07,"OSRM router.project-osrm.org table/v1 driving, senza traffico"
aer_trieste,"Aeroporto di Trieste (Ronchi dei Legionari), terminal",030055,Manzano,45.989637,13.385428,34.6,31.0,25,2026-10-07,"OSRM router.project-osrm.org table/v1 driving, senza traffico"
aer_trieste,"Aeroporto di Trieste (Ronchi dei Legionari), terminal",030056,Marano Lagunare,45.765409,13.167288,39.7,41.9,9,2026-10-07,"OSRM router.project-osrm.org table/v1 driving, senza traffico"
aer_trieste,"Aeroporto di Trieste (Ronchi dei Legionari), terminal",030057,Martignacco,46.098147,13.130324,44.6,49.7,27,2026-10-07,"OSRM router.project-osrm.org table/v1 driving, senza traffico"
aer_trieste,"Aeroporto di Trieste (Ronchi dei Legionari), terminal",030058,Mereto di Tomba,46.051035,13.048527,44.9,53.6,29,2026-10-07,"OSRM router.project-osrm.org table/v1 driving, senza traffico"
aer_trieste,"Aeroporto di Trieste (Ronchi dei Legionari), terminal",030059,Moggio Udinese,46.410394,13.19475,68.4,93.8,16,2026-10-07,"OSRM router.project-osrm.org table/v1 driving, senza traffico"
aer_trieste,"Aeroporto di Trieste (Ronchi dei Legionari), terminal",030060,Moimacco,46.091809,13.380982,50.4,44.9,15,2026-10-07,"OSRM router.project-osrm.org table/v1 driving, senza traffico"
aer_trieste,"Aeroporto di Trieste (Ronchi dei Legionari), terminal",030061,Montenars,46.256678,13.180573,58.4,76.0,14,2026-10-07,"OSRM router.project-osrm.org table/v1 driving, senza traffico"
aer_trieste,"Aeroporto di Trieste (Ronchi dei Legionari), terminal",030062,Mortegliano,45.944972,13.172276,35.2,35.3,24,2026-10-07,"OSRM router.project-osrm.org table/v1 driving, senza traffico"
aer_trieste,"Aeroporto di Trieste (Ronchi dei Legionari), terminal",030063,Moruzzo,46.119651,13.123766,47.3,53.0,16,2026-10-07,"OSRM router.project-osrm.org table/v1 driving, senza traffico"
aer_trieste,"Aeroporto di Trieste (Ronchi dei Legionari), terminal",030064,Muzzana del Turgnano,45.817581,13.12781,37.1,39.1,12,2026-10-07,"OSRM router.project-osrm.org table/v1 driving, senza traffico"
aer_trieste,"Aeroporto di Trieste (Ronchi dei Legionari), terminal",030065,Nimis,46.201188,13.265811,51.1,60.3,19,2026-10-07,"OSRM router.project-osrm.org table/v1 driving, senza traffico"
aer_trieste,"Aeroporto di Trieste (Ronchi dei Legionari), terminal",030066,Osoppo,46.256698,13.080546,49.2,68.3,13,2026-10-07,"OSRM router.project-osrm.org table/v1 driving, senza traffico"
aer_trieste,"Aeroporto di Trieste (Ronchi dei Legionari), terminal",030067,Ovaro,46.483196,12.865548,81.8,105.3,18,2026-10-07,"OSRM router.project-osrm.org table/v1 driving, senza traffico"
aer_trieste,"Aeroporto di Trieste (Ronchi dei Legionari), terminal",030068,Pagnacco,46.12053,13.187325,40.0,51.3,11,2026-10-07,"OSRM router.project-osrm.org table/v1 driving, senza traffico"
aer_trieste,"Aeroporto di Trieste (Ronchi dei Legionari), terminal",030069,Palazzolo dello Stella,45.804466,13.079431,41.2,52.3,13,2026-10-07,"OSRM router.project-osrm.org table/v1 driving, senza traffico"
aer_trieste,"Aeroporto di Trieste (Ronchi dei Legionari), terminal",030070,Palmanova,45.904565,13.309551,21.0,22.5,65,2026-10-07,"OSRM router.project-osrm.org table/v1 driving, senza traffico"
aer_trieste,"Aeroporto di Trieste (Ronchi dei Legionari), terminal",030071,Paluzza,46.529506,13.016489,81.5,105.8,4,2026-10-07,"OSRM router.project-osrm.org table/v1 driving, senza traffico"
aer_trieste,"Aeroporto di Trieste (Ronchi dei Legionari), terminal",030072,Pasian di Prato,46.049108,13.190787,34.3,41.7,21,2026-10-07,"OSRM router.project-osrm.org table/v1 driving, senza traffico"
aer_trieste,"Aeroporto di Trieste (Ronchi dei Legionari), terminal",030073,Paularo,46.530378,13.116391,82.8,108.0,22,2026-10-07,"OSRM router.project-osrm.org table/v1 driving, senza traffico"
aer_trieste,"Aeroporto di Trieste (Ronchi dei Legionari), terminal",030074,Pavia di Udine,45.977591,13.281686,33.9,32.0,15,2026-10-07,"OSRM router.project-osrm.org table/v1 driving, senza traffico"
aer_trieste,"Aeroporto di Trieste (Ronchi dei Legionari), terminal",030075,Pocenia,45.837077,13.098151,43.5,44.5,14,2026-10-07,"OSRM router.project-osrm.org table/v1 driving, senza traffico"
aer_trieste,"Aeroporto di Trieste (Ronchi dei Legionari), terminal",030076,Pontebba,46.506115,13.304164,78.9,117.7,11,2026-10-07,"OSRM router.project-osrm.org table/v1 driving, senza traffico"
aer_trieste,"Aeroporto di Trieste (Ronchi dei Legionari), terminal",030077,Porpetto,45.858493,13.21482,24.2,29.5,33,2026-10-07,"OSRM router.project-osrm.org table/v1 driving, senza traffico"
aer_trieste,"Aeroporto di Trieste (Ronchi dei Legionari), terminal",030078,Povoletto,46.118558,13.298558,44.7,56.6,17,2026-10-07,"OSRM router.project-osrm.org table/v1 driving, senza traffico"
aer_trieste,"Aeroporto di Trieste (Ronchi dei Legionari), terminal",030079,Pozzuolo del Friuli,45.984645,13.196736,36.3,43.1,39,2026-10-07,"OSRM router.project-osrm.org table/v1 driving, senza traffico"
aer_trieste,"Aeroporto di Trieste (Ronchi dei Legionari), terminal",030080,Pradamano,46.031191,13.299289,36.7,42.7,11,2026-10-07,"OSRM router.project-osrm.org table/v1 driving, senza traffico"
aer_trieste,"Aeroporto di Trieste (Ronchi dei Legionari), terminal",030081,Prato Carnico,46.520399,12.798265,92.2,113.6,14,2026-10-07,"OSRM router.project-osrm.org table/v1 driving, senza traffico"
aer_trieste,"Aeroporto di Trieste (Ronchi dei Legionari), terminal",030082,Precenicco,45.789791,13.078478,42.3,53.1,4,2026-10-07,"OSRM router.project-osrm.org table/v1 driving, senza traffico"
aer_trieste,"Aeroporto di Trieste (Ronchi dei Legionari), terminal",030083,Premariacco,46.060073,13.394239,44.7,39.4,21,2026-10-07,"OSRM router.project-osrm.org table/v1 driving, senza traffico"
aer_venezia,"Aeroporto di Venezia Marco Polo, viale Galilei (accesso terminal)",030043,Gemona del Friuli,46.276823,13.139824,98.3,147.6,11,2026-10-07,"OSRM router.project-osrm.org table/v1 driving, senza traffico"
aer_venezia,"Aeroporto di Venezia Marco Polo, viale Galilei (accesso terminal)",030044,Gonars,45.896562,13.236299,66.1,95.3,22,2026-10-07,"OSRM router.project-osrm.org table/v1 driving, senza traffico"
aer_venezia,"Aeroporto di Venezia Marco Polo, viale Galilei (accesso terminal)",030045,Grimacco,46.156556,13.593644,121.3,148.6,17,2026-10-07,"OSRM router.project-osrm.org table/v1 driving, senza traffico"
aer_venezia,"Aeroporto di Venezia Marco Polo, viale Galilei (accesso terminal)",030046,Latisana,45.776336,12.995294,57.9,79.8,9,2026-10-07,"OSRM router.project-osrm.org table/v1 driving, senza traffico"
aer_venezia,"Aeroporto di Venezia Marco Polo, viale Galilei (accesso terminal)",030047,Lauco,46.424111,12.933092,124.3,176.9,15,2026-10-07,"OSRM router.project-osrm.org table/v1 driving, senza traffico"
aer_venezia,"Aeroporto di Venezia Marco Polo, viale Galilei (accesso terminal)",030048,Lestizza,45.957742,13.141058,79.0,102.0,25,2026-10-07,"OSRM router.project-osrm.org table/v1 driving, senza traffico"
aer_venezia,"Aeroporto di Venezia Marco Polo, viale Galilei (accesso terminal)",030049,Lignano Sabbiadoro,45.689167,13.129643,75.7,95.5,27,2026-10-07,"OSRM router.project-osrm.org table/v1 driving, senza traffico"
aer_venezia,"Aeroporto di Venezia Marco Polo, viale Galilei (accesso terminal)",030051,Lusevera,46.264677,13.260455,105.7,143.8,21,2026-10-07,"OSRM router.project-osrm.org table/v1 driving, senza traffico"
aer_venezia,"Aeroporto di Venezia Marco Polo, viale Galilei (accesso terminal)",030052,Magnano in Riviera,46.230992,13.17759,98.6,138.3,23,2026-10-07,"OSRM router.project-osrm.org table/v1 driving, senza traffico"
aer_venezia,"Aeroporto di Venezia Marco Polo, viale Galilei (accesso terminal)",030053,Majano,46.185232,13.069023,100.5,128.7,11,2026-10-07,"OSRM router.project-osrm.org table/v1 driving, senza traffico"
aer_venezia,"Aeroporto di Venezia Marco Polo, viale Galilei (accesso terminal)",030054,Malborghetto Valbruna,46.50742,13.439355,127.5,198.1,34,2026-10-07,"OSRM router.project-osrm.org table/v1 driving, senza traffico"
aer_venezia,"Aeroporto di Venezia Marco Polo, viale Galilei (accesso terminal)",030055,Manzano,45.989637,13.385428,87.3,115.2,25,2026-10-07,"OSRM router.project-osrm.org table/v1 driving, senza traffico"
aer_venezia,"Aeroporto di Venezia Marco Polo, viale Galilei (accesso terminal)",030056,Marano Lagunare,45.765409,13.167288,72.7,93.6,9,2026-10-07,"OSRM router.project-osrm.org table/v1 driving, senza traffico"
aer_venezia,"Aeroporto di Venezia Marco Polo, viale Galilei (accesso terminal)",030057,Martignacco,46.098147,13.130324,89.0,125.0,27,2026-10-07,"OSRM router.project-osrm.org table/v1 driving, senza traffico"
aer_venezia,"Aeroporto di Venezia Marco Polo, viale Galilei (accesso terminal)",030058,Mereto di Tomba,46.051035,13.048527,89.4,128.9,29,2026-10-07,"OSRM router.project-osrm.org table/v1 driving, senza traffico"
aer_venezia,"Aeroporto di Venezia Marco Polo, viale Galilei (accesso terminal)",030059,Moggio Udinese,46.410394,13.19475,112.8,169.2,16,2026-10-07,"OSRM router.project-osrm.org table/v1 driving, senza traffico"
aer_venezia,"Aeroporto di Venezia Marco Polo, viale Galilei (accesso terminal)",030060,Moimacco,46.091809,13.380982,95.9,130.0,15,2026-10-07,"OSRM router.project-osrm.org table/v1 driving, senza traffico"
aer_venezia,"Aeroporto di Venezia Marco Polo, viale Galilei (accesso terminal)",030061,Montenars,46.256678,13.180573,102.8,151.3,14,2026-10-07,"OSRM router.project-osrm.org table/v1 driving, senza traffico"
aer_venezia,"Aeroporto di Venezia Marco Polo, viale Galilei (accesso terminal)",030062,Mortegliano,45.944972,13.172276,76.2,103.8,24,2026-10-07,"OSRM router.project-osrm.org table/v1 driving, senza traffico"
aer_venezia,"Aeroporto di Venezia Marco Polo, viale Galilei (accesso terminal)",030063,Moruzzo,46.119651,13.123766,91.7,128.3,16,2026-10-07,"OSRM router.project-osrm.org table/v1 driving, senza traffico"
aer_venezia,"Aeroporto di Venezia Marco Polo, viale Galilei (accesso terminal)",030064,Muzzana del Turgnano,45.817581,13.12781,63.0,85.4,12,2026-10-07,"OSRM router.project-osrm.org table/v1 driving, senza traffico"
aer_venezia,"Aeroporto di Venezia Marco Polo, viale Galilei (accesso terminal)",030065,Nimis,46.201188,13.265811,95.6,135.7,19,2026-10-07,"OSRM router.project-osrm.org table/v1 driving, senza traffico"
aer_venezia,"Aeroporto di Venezia Marco Polo, viale Galilei (accesso terminal)",030066,Osoppo,46.256698,13.080546,93.6,143.6,13,2026-10-07,"OSRM router.project-osrm.org table/v1 driving, senza traffico"
aer_venezia,"Aeroporto di Venezia Marco Polo, viale Galilei (accesso terminal)",030067,Ovaro,46.483196,12.865548,126.2,180.7,18,2026-10-07,"OSRM router.project-osrm.org table/v1 driving, senza traffico"
aer_venezia,"Aeroporto di Venezia Marco Polo, viale Galilei (accesso terminal)",030068,Pagnacco,46.12053,13.187325,84.4,126.6,11,2026-10-07,"OSRM router.project-osrm.org table/v1 driving, senza traffico"
aer_venezia,"Aeroporto di Venezia Marco Polo, viale Galilei (accesso terminal)",030069,Palazzolo dello Stella,45.804466,13.079431,57.8,81.4,13,2026-10-07,"OSRM router.project-osrm.org table/v1 driving, senza traffico"
aer_venezia,"Aeroporto di Venezia Marco Polo, viale Galilei (accesso terminal)",030070,Palmanova,45.904565,13.309551,67.0,100.3,65,2026-10-07,"OSRM router.project-osrm.org table/v1 driving, senza traffico"
aer_venezia,"Aeroporto di Venezia Marco Polo, viale Galilei (accesso terminal)",030071,Paluzza,46.529506,13.016489,125.9,181.2,4,2026-10-07,"OSRM router.project-osrm.org table/v1 driving, senza traffico"
aer_venezia,"Aeroporto di Venezia Marco Polo, viale Galilei (accesso terminal)",030072,Pasian di Prato,46.049108,13.190787,78.7,117.0,21,2026-10-07,"OSRM router.project-osrm.org table/v1 driving, senza traffico"
aer_venezia,"Aeroporto di Venezia Marco Polo, viale Galilei (accesso terminal)",030073,Paularo,46.530378,13.116391,127.3,183.4,22,2026-10-07,"OSRM router.project-osrm.org table/v1 driving, senza traffico"
aer_venezia,"Aeroporto di Venezia Marco Polo, viale Galilei (accesso terminal)",030074,Pavia di Udine,45.977591,13.281686,79.8,109.8,15,2026-10-07,"OSRM router.project-osrm.org table/v1 driving, senza traffico"
aer_venezia,"Aeroporto di Venezia Marco Polo, viale Galilei (accesso terminal)",030075,Pocenia,45.837077,13.098151,64.0,86.4,14,2026-10-07,"OSRM router.project-osrm.org table/v1 driving, senza traffico"
aer_venezia,"Aeroporto di Venezia Marco Polo, viale Galilei (accesso terminal)",030076,Pontebba,46.506115,13.304164,123.3,193.0,11,2026-10-07,"OSRM router.project-osrm.org table/v1 driving, senza traffico"
aer_venezia,"Aeroporto di Venezia Marco Polo, viale Galilei (accesso terminal)",030077,Porpetto,45.858493,13.21482,59.2,90.5,33,2026-10-07,"OSRM router.project-osrm.org table/v1 driving, senza traffico"
aer_venezia,"Aeroporto di Venezia Marco Polo, viale Galilei (accesso terminal)",030078,Povoletto,46.118558,13.298558,89.1,131.9,17,2026-10-07,"OSRM router.project-osrm.org table/v1 driving, senza traffico"
aer_venezia,"Aeroporto di Venezia Marco Polo, viale Galilei (accesso terminal)",030079,Pozzuolo del Friuli,45.984645,13.196736,80.7,118.4,39,2026-10-07,"OSRM router.project-osrm.org table/v1 driving, senza traffico"
aer_venezia,"Aeroporto di Venezia Marco Polo, viale Galilei (accesso terminal)",030080,Pradamano,46.031191,13.299289,81.1,118.1,11,2026-10-07,"OSRM router.project-osrm.org table/v1 driving, senza traffico"
aer_venezia,"Aeroporto di Venezia Marco Polo, viale Galilei (accesso terminal)",030081,Prato Carnico,46.520399,12.798265,136.6,189.0,14,2026-10-07,"OSRM router.project-osrm.org table/v1 driving, senza traffico"
aer_venezia,"Aeroporto di Venezia Marco Polo, viale Galilei (accesso terminal)",030082,Precenicco,45.789791,13.078478,58.9,82.1,4,2026-10-07,"OSRM router.project-osrm.org table/v1 driving, senza traffico"
aer_venezia,"Aeroporto di Venezia Marco Polo, viale Galilei (accesso terminal)",030083,Premariacco,46.060073,13.394239,92.7,127.0,21,2026-10-07,"OSRM router.project-osrm.org table/v1 driving, senza traffico"
lubiana,"Lubiana, Prešernov trg",030043,Gemona del Friuli,46.276823,13.139824,125.7,187.8,11,2026-10-07,"OSRM router.project-osrm.org table/v1 driving, senza traffico"
lubiana,"Lubiana, Prešernov trg",030044,Gonars,45.896562,13.236299,99.8,143.4,22,2026-10-07,"OSRM router.project-osrm.org table/v1 driving, senza traffico"
lubiana,"Lubiana, Prešernov trg",030045,Grimacco,46.156556,13.593644,127.5,128.0,17,2026-10-07,"OSRM router.project-osrm.org table/v1 driving, senza traffico"
lubiana,"Lubiana, Prešernov trg",030046,Latisana,45.776336,12.995294,113.1,166.2,9,2026-10-07,"OSRM router.project-osrm.org table/v1 driving, senza traffico"
lubiana,"Lubiana, Prešernov trg",030047,Lauco,46.424111,12.933092,144.7,199.4,15,2026-10-07,"OSRM router.project-osrm.org table/v1 driving, senza traffico"
lubiana,"Lubiana, Prešernov trg",030048,Lestizza,45.957742,13.141058,111.2,154.2,25,2026-10-07,"OSRM router.project-osrm.org table/v1 driving, senza traffico"
lubiana,"Lubiana, Prešernov trg",030049,Lignano Sabbiadoro,45.689167,13.129643,130.9,182.0,27,2026-10-07,"OSRM router.project-osrm.org table/v1 driving, senza traffico"
lubiana,"Lubiana, Prešernov trg",030051,Lusevera,46.264677,13.260455,133.1,183.9,21,2026-10-07,"OSRM router.project-osrm.org table/v1 driving, senza traffico"
lubiana,"Lubiana, Prešernov trg",030052,Magnano in Riviera,46.230992,13.17759,126.0,178.5,23,2026-10-07,"OSRM router.project-osrm.org table/v1 driving, senza traffico"
lubiana,"Lubiana, Prešernov trg",030053,Majano,46.185232,13.069023,128.7,191.4,11,2026-10-07,"OSRM router.project-osrm.org table/v1 driving, senza traffico"
lubiana,"Lubiana, Prešernov trg",030054,Malborghetto Valbruna,46.50742,13.439355,98.1,137.6,34,2026-10-07,"OSRM router.project-osrm.org table/v1 driving, senza traffico"
lubiana,"Lubiana, Prešernov trg",030055,Manzano,45.989637,13.385428,98.0,131.5,25,2026-10-07,"OSRM router.project-osrm.org table/v1 driving, senza traffico"
lubiana,"Lubiana, Prešernov trg",030056,Marano Lagunare,45.765409,13.167288,111.6,157.4,9,2026-10-07,"OSRM router.project-osrm.org table/v1 driving, senza traffico"
lubiana,"Lubiana, Prešernov trg",030057,Martignacco,46.098147,13.130324,116.5,165.2,27,2026-10-07,"OSRM router.project-osrm.org table/v1 driving, senza traffico"
lubiana,"Lubiana, Prešernov trg",030058,Mereto di Tomba,46.051035,13.048527,116.8,169.1,29,2026-10-07,"OSRM router.project-osrm.org table/v1 driving, senza traffico"
lubiana,"Lubiana, Prešernov trg",030059,Moggio Udinese,46.410394,13.19475,126.8,175.3,16,2026-10-07,"OSRM router.project-osrm.org table/v1 driving, senza traffico"
lubiana,"Lubiana, Prešernov trg",030060,Moimacco,46.091809,13.380982,113.7,145.4,15,2026-10-07,"OSRM router.project-osrm.org table/v1 driving, senza traffico"
lubiana,"Lubiana, Prešernov trg",030061,Montenars,46.256678,13.180573,130.2,191.5,14,2026-10-07,"OSRM router.project-osrm.org table/v1 driving, senza traffico"
lubiana,"Lubiana, Prešernov trg",030062,Mortegliano,45.944972,13.172276,107.0,150.8,24,2026-10-07,"OSRM router.project-osrm.org table/v1 driving, senza traffico"
lubiana,"Lubiana, Prešernov trg",030063,Moruzzo,46.119651,13.123766,119.2,168.5,16,2026-10-07,"OSRM router.project-osrm.org table/v1 driving, senza traffico"
lubiana,"Lubiana, Prešernov trg",030064,Muzzana del Turgnano,45.817581,13.12781,108.9,154.6,12,2026-10-07,"OSRM router.project-osrm.org table/v1 driving, senza traffico"
lubiana,"Lubiana, Prešernov trg",030065,Nimis,46.201188,13.265811,123.0,175.8,19,2026-10-07,"OSRM router.project-osrm.org table/v1 driving, senza traffico"
lubiana,"Lubiana, Prešernov trg",030066,Osoppo,46.256698,13.080546,121.0,183.8,13,2026-10-07,"OSRM router.project-osrm.org table/v1 driving, senza traffico"
lubiana,"Lubiana, Prešernov trg",030067,Ovaro,46.483196,12.865548,146.7,203.1,18,2026-10-07,"OSRM router.project-osrm.org table/v1 driving, senza traffico"
lubiana,"Lubiana, Prešernov trg",030068,Pagnacco,46.12053,13.187325,111.8,166.7,11,2026-10-07,"OSRM router.project-osrm.org table/v1 driving, senza traffico"
lubiana,"Lubiana, Prešernov trg",030069,Palazzolo dello Stella,45.804466,13.079431,113.0,167.8,13,2026-10-07,"OSRM router.project-osrm.org table/v1 driving, senza traffico"
lubiana,"Lubiana, Prešernov trg",030070,Palmanova,45.904565,13.309551,92.9,138.0,65,2026-10-07,"OSRM router.project-osrm.org table/v1 driving, senza traffico"
lubiana,"Lubiana, Prešernov trg",030071,Paluzza,46.529506,13.016489,146.4,203.7,4,2026-10-07,"OSRM router.project-osrm.org table/v1 driving, senza traffico"
lubiana,"Lubiana, Prešernov trg",030072,Pasian di Prato,46.049108,13.190787,106.1,157.2,21,2026-10-07,"OSRM router.project-osrm.org table/v1 driving, senza traffico"
lubiana,"Lubiana, Prešernov trg",030073,Paularo,46.530378,13.116391,147.7,205.8,22,2026-10-07,"OSRM router.project-osrm.org table/v1 driving, senza traffico"
lubiana,"Lubiana, Prešernov trg",030074,Pavia di Udine,45.977591,13.281686,105.7,147.5,15,2026-10-07,"OSRM router.project-osrm.org table/v1 driving, senza traffico"
lubiana,"Lubiana, Prešernov trg",030075,Pocenia,45.837077,13.098151,115.4,159.9,14,2026-10-07,"OSRM router.project-osrm.org table/v1 driving, senza traffico"
lubiana,"Lubiana, Prešernov trg",030076,Pontebba,46.506115,13.304164,103.8,150.3,11,2026-10-07,"OSRM router.project-osrm.org table/v1 driving, senza traffico"
lubiana,"Lubiana, Prešernov trg",030077,Porpetto,45.858493,13.21482,96.0,145.0,33,2026-10-07,"OSRM router.project-osrm.org table/v1 driving, senza traffico"
lubiana,"Lubiana, Prešernov trg",030078,Povoletto,46.118558,13.298558,116.5,172.1,17,2026-10-07,"OSRM router.project-osrm.org table/v1 driving, senza traffico"
lubiana,"Lubiana, Prešernov trg",030079,Pozzuolo del Friuli,45.984645,13.196736,108.1,158.6,39,2026-10-07,"OSRM router.project-osrm.org table/v1 driving, senza traffico"
lubiana,"Lubiana, Prešernov trg",030080,Pradamano,46.031191,13.299289,108.6,158.2,11,2026-10-07,"OSRM router.project-osrm.org table/v1 driving, senza traffico"
lubiana,"Lubiana, Prešernov trg",030081,Prato Carnico,46.520399,12.798265,157.1,211.5,14,2026-10-07,"OSRM router.project-osrm.org table/v1 driving, senza traffico"
lubiana,"Lubiana, Prešernov trg",030082,Precenicco,45.789791,13.078478,114.2,168.6,4,2026-10-07,"OSRM router.project-osrm.org table/v1 driving, senza traffico"
lubiana,"Lubiana, Prešernov trg",030083,Premariacco,46.060073,13.394239,108.0,139.9,21,2026-10-07,"OSRM router.project-osrm.org table/v1 driving, senza traffico"
klagenfurt,"Klagenfurt, Neuer Platz",030043,Gemona del Friuli,46.276823,13.139824,93.9,139.3,11,2026-10-07,"OSRM router.project-osrm.org table/v1 driving, senza traffico"
klagenfurt,"Klagenfurt, Neuer Platz",030044,Gonars,45.896562,13.236299,122.7,187.1,22,2026-10-07,"OSRM router.project-osrm.org table/v1 driving, senza traffico"
klagenfurt,"Klagenfurt, Neuer Platz",030045,Grimacco,46.156556,13.593644,120.9,133.4,17,2026-10-07,"OSRM router.project-osrm.org table/v1 driving, senza traffico"
klagenfurt,"Klagenfurt, Neuer Platz",030046,Latisana,45.776336,12.995294,134.0,207.1,9,2026-10-07,"OSRM router.project-osrm.org table/v1 driving, senza traffico"
klagenfurt,"Klagenfurt, Neuer Platz",030047,Lauco,46.424111,12.933092,102.9,139.2,15,2026-10-07,"OSRM router.project-osrm.org table/v1 driving, senza traffico"
klagenfurt,"Klagenfurt, Neuer Platz",030048,Lestizza,45.957742,13.141058,119.8,178.4,25,2026-10-07,"OSRM router.project-osrm.org table/v1 driving, senza traffico"
klagenfurt,"Klagenfurt, Neuer Platz",030049,Lignano Sabbiadoro,45.689167,13.129643,151.8,222.8,27,2026-10-07,"OSRM router.project-osrm.org table/v1 driving, senza traffico"
klagenfurt,"Klagenfurt, Neuer Platz",030051,Lusevera,46.264677,13.260455,108.5,152.9,21,2026-10-07,"OSRM router.project-osrm.org table/v1 driving, senza traffico"
klagenfurt,"Klagenfurt, Neuer Platz",030052,Magnano in Riviera,46.230992,13.17759,95.9,142.9,23,2026-10-07,"OSRM router.project-osrm.org table/v1 driving, senza traffico"
klagenfurt,"Klagenfurt, Neuer Platz",030053,Majano,46.185232,13.069023,96.9,142.9,11,2026-10-07,"OSRM router.project-osrm.org table/v1 driving, senza traffico"
klagenfurt,"Klagenfurt, Neuer Platz",030054,Malborghetto Valbruna,46.50742,13.439355,56.3,77.5,34,2026-10-07,"OSRM router.project-osrm.org table/v1 driving, senza traffico"
klagenfurt,"Klagenfurt, Neuer Platz",030055,Manzano,45.989637,13.385428,124.6,179.5,25,2026-10-07,"OSRM router.project-osrm.org table/v1 driving, senza traffico"
klagenfurt,"Klagenfurt, Neuer Platz",030056,Marano Lagunare,45.765409,13.167288,132.5,198.2,9,2026-10-07,"OSRM router.project-osrm.org table/v1 driving, senza traffico"
klagenfurt,"Klagenfurt, Neuer Platz",030057,Martignacco,46.098147,13.130324,110.2,162.0,27,2026-10-07,"OSRM router.project-osrm.org table/v1 driving, senza traffico"
klagenfurt,"Klagenfurt, Neuer Platz",030058,Mereto di Tomba,46.051035,13.048527,115.6,170.8,29,2026-10-07,"OSRM router.project-osrm.org table/v1 driving, senza traffico"
klagenfurt,"Klagenfurt, Neuer Platz",030059,Moggio Udinese,46.410394,13.19475,85.0,115.1,16,2026-10-07,"OSRM router.project-osrm.org table/v1 driving, senza traffico"
klagenfurt,"Klagenfurt, Neuer Platz",030060,Moimacco,46.091809,13.380982,120.0,172.3,15,2026-10-07,"OSRM router.project-osrm.org table/v1 driving, senza traffico"
klagenfurt,"Klagenfurt, Neuer Platz",030061,Montenars,46.256678,13.180573,98.4,143.0,14,2026-10-07,"OSRM router.project-osrm.org table/v1 driving, senza traffico"
klagenfurt,"Klagenfurt, Neuer Platz",030062,Mortegliano,45.944972,13.172276,118.3,177.8,24,2026-10-07,"OSRM router.project-osrm.org table/v1 driving, senza traffico"
klagenfurt,"Klagenfurt, Neuer Platz",030063,Moruzzo,46.119651,13.123766,110.0,152.0,16,2026-10-07,"OSRM router.project-osrm.org table/v1 driving, senza traffico"
klagenfurt,"Klagenfurt, Neuer Platz",030064,Muzzana del Turgnano,45.817581,13.12781,129.9,195.5,12,2026-10-07,"OSRM router.project-osrm.org table/v1 driving, senza traffico"
klagenfurt,"Klagenfurt, Neuer Platz",030065,Nimis,46.201188,13.265811,106.8,151.0,19,2026-10-07,"OSRM router.project-osrm.org table/v1 driving, senza traffico"
klagenfurt,"Klagenfurt, Neuer Platz",030066,Osoppo,46.256698,13.080546,89.2,135.3,13,2026-10-07,"OSRM router.project-osrm.org table/v1 driving, senza traffico"
klagenfurt,"Klagenfurt, Neuer Platz",030067,Ovaro,46.483196,12.865548,104.9,142.9,18,2026-10-07,"OSRM router.project-osrm.org table/v1 driving, senza traffico"
klagenfurt,"Klagenfurt, Neuer Platz",030068,Pagnacco,46.12053,13.187325,103.6,156.9,11,2026-10-07,"OSRM router.project-osrm.org table/v1 driving, senza traffico"
klagenfurt,"Klagenfurt, Neuer Platz",030069,Palazzolo dello Stella,45.804466,13.079431,134.0,208.7,13,2026-10-07,"OSRM router.project-osrm.org table/v1 driving, senza traffico"
klagenfurt,"Klagenfurt, Neuer Platz",030070,Palmanova,45.904565,13.309551,115.8,181.7,65,2026-10-07,"OSRM router.project-osrm.org table/v1 driving, senza traffico"
klagenfurt,"Klagenfurt, Neuer Platz",030071,Paluzza,46.529506,13.016489,104.6,143.5,4,2026-10-07,"OSRM router.project-osrm.org table/v1 driving, senza traffico"
klagenfurt,"Klagenfurt, Neuer Platz",030072,Pasian di Prato,46.049108,13.190787,107.1,161.6,21,2026-10-07,"OSRM router.project-osrm.org table/v1 driving, senza traffico"
klagenfurt,"Klagenfurt, Neuer Platz",030073,Paularo,46.530378,13.116391,105.9,145.6,22,2026-10-07,"OSRM router.project-osrm.org table/v1 driving, senza traffico"
klagenfurt,"Klagenfurt, Neuer Platz",030074,Pavia di Udine,45.977591,13.281686,115.3,174.0,15,2026-10-07,"OSRM router.project-osrm.org table/v1 driving, senza traffico"
klagenfurt,"Klagenfurt, Neuer Platz",030075,Pocenia,45.837077,13.098151,134.3,191.7,14,2026-10-07,"OSRM router.project-osrm.org table/v1 driving, senza traffico"
klagenfurt,"Klagenfurt, Neuer Platz",030076,Pontebba,46.506115,13.304164,62.0,90.1,11,2026-10-07,"OSRM router.project-osrm.org table/v1 driving, senza traffico"
klagenfurt,"Klagenfurt, Neuer Platz",030077,Porpetto,45.858493,13.21482,117.0,185.8,33,2026-10-07,"OSRM router.project-osrm.org table/v1 driving, senza traffico"
klagenfurt,"Klagenfurt, Neuer Platz",030078,Povoletto,46.118558,13.298558,108.3,162.3,17,2026-10-07,"OSRM router.project-osrm.org table/v1 driving, senza traffico"
klagenfurt,"Klagenfurt, Neuer Platz",030079,Pozzuolo del Friuli,45.984645,13.196736,114.3,173.1,39,2026-10-07,"OSRM router.project-osrm.org table/v1 driving, senza traffico"
klagenfurt,"Klagenfurt, Neuer Platz",030080,Pradamano,46.031191,13.299289,114.7,172.7,11,2026-10-07,"OSRM router.project-osrm.org table/v1 driving, senza traffico"
klagenfurt,"Klagenfurt, Neuer Platz",030081,Prato Carnico,46.520399,12.798265,115.3,151.3,14,2026-10-07,"OSRM router.project-osrm.org table/v1 driving, senza traffico"
klagenfurt,"Klagenfurt, Neuer Platz",030082,Precenicco,45.789791,13.078478,135.1,209.4,4,2026-10-07,"OSRM router.project-osrm.org table/v1 driving, senza traffico"
klagenfurt,"Klagenfurt, Neuer Platz",030083,Premariacco,46.060073,13.394239,123.5,173.3,21,2026-10-07,"OSRM router.project-osrm.org table/v1 driving, senza traffico"
vienna,"Vienna, Stephansplatz",030043,Gemona del Friuli,46.276823,13.139824,304.5,433.3,11,2026-10-07,"OSRM router.project-osrm.org table/v1 driving, senza traffico"
vienna,"Vienna, Stephansplatz",030044,Gonars,45.896562,13.236299,333.3,481.1,22,2026-10-07,"OSRM router.project-osrm.org table/v1 driving, senza traffico"
vienna,"Vienna, Stephansplatz",030045,Grimacco,46.156556,13.593644,331.5,427.4,17,2026-10-07,"OSRM router.project-osrm.org table/v1 driving, senza traffico"
vienna,"Vienna, Stephansplatz",030046,Latisana,45.776336,12.995294,344.6,501.1,9,2026-10-07,"OSRM router.project-osrm.org table/v1 driving, senza traffico"
vienna,"Vienna, Stephansplatz",030047,Lauco,46.424111,12.933092,313.5,433.2,15,2026-10-07,"OSRM router.project-osrm.org table/v1 driving, senza traffico"
vienna,"Vienna, Stephansplatz",030048,Lestizza,45.957742,13.141058,330.4,472.4,25,2026-10-07,"OSRM router.project-osrm.org table/v1 driving, senza traffico"
vienna,"Vienna, Stephansplatz",030049,Lignano Sabbiadoro,45.689167,13.129643,362.4,516.8,27,2026-10-07,"OSRM router.project-osrm.org table/v1 driving, senza traffico"
vienna,"Vienna, Stephansplatz",030051,Lusevera,46.264677,13.260455,319.0,446.9,21,2026-10-07,"OSRM router.project-osrm.org table/v1 driving, senza traffico"
vienna,"Vienna, Stephansplatz",030052,Magnano in Riviera,46.230992,13.17759,306.4,436.8,23,2026-10-07,"OSRM router.project-osrm.org table/v1 driving, senza traffico"
vienna,"Vienna, Stephansplatz",030053,Majano,46.185232,13.069023,307.5,436.9,11,2026-10-07,"OSRM router.project-osrm.org table/v1 driving, senza traffico"
vienna,"Vienna, Stephansplatz",030054,Malborghetto Valbruna,46.50742,13.439355,266.8,371.4,34,2026-10-07,"OSRM router.project-osrm.org table/v1 driving, senza traffico"
vienna,"Vienna, Stephansplatz",030055,Manzano,45.989637,13.385428,335.2,473.5,25,2026-10-07,"OSRM router.project-osrm.org table/v1 driving, senza traffico"
vienna,"Vienna, Stephansplatz",030056,Marano Lagunare,45.765409,13.167288,343.1,492.2,9,2026-10-07,"OSRM router.project-osrm.org table/v1 driving, senza traffico"
vienna,"Vienna, Stephansplatz",030057,Martignacco,46.098147,13.130324,320.8,456.0,27,2026-10-07,"OSRM router.project-osrm.org table/v1 driving, senza traffico"
vienna,"Vienna, Stephansplatz",030058,Mereto di Tomba,46.051035,13.048527,326.2,464.8,29,2026-10-07,"OSRM router.project-osrm.org table/v1 driving, senza traffico"
vienna,"Vienna, Stephansplatz",030059,Moggio Udinese,46.410394,13.19475,295.6,409.1,16,2026-10-07,"OSRM router.project-osrm.org table/v1 driving, senza traffico"
vienna,"Vienna, Stephansplatz",030060,Moimacco,46.091809,13.380982,330.5,466.3,15,2026-10-07,"OSRM router.project-osrm.org table/v1 driving, senza traffico"
vienna,"Vienna, Stephansplatz",030061,Montenars,46.256678,13.180573,309.0,437.0,14,2026-10-07,"OSRM router.project-osrm.org table/v1 driving, senza traffico"
vienna,"Vienna, Stephansplatz",030062,Mortegliano,45.944972,13.172276,328.9,471.7,24,2026-10-07,"OSRM router.project-osrm.org table/v1 driving, senza traffico"
vienna,"Vienna, Stephansplatz",030063,Moruzzo,46.119651,13.123766,320.6,446.0,16,2026-10-07,"OSRM router.project-osrm.org table/v1 driving, senza traffico"
vienna,"Vienna, Stephansplatz",030064,Muzzana del Turgnano,45.817581,13.12781,340.4,489.4,12,2026-10-07,"OSRM router.project-osrm.org table/v1 driving, senza traffico"
vienna,"Vienna, Stephansplatz",030065,Nimis,46.201188,13.265811,317.3,444.9,19,2026-10-07,"OSRM router.project-osrm.org table/v1 driving, senza traffico"
vienna,"Vienna, Stephansplatz",030066,Osoppo,46.256698,13.080546,299.8,429.3,13,2026-10-07,"OSRM router.project-osrm.org table/v1 driving, senza traffico"
vienna,"Vienna, Stephansplatz",030067,Ovaro,46.483196,12.865548,315.4,436.9,18,2026-10-07,"OSRM router.project-osrm.org table/v1 driving, senza traffico"
vienna,"Vienna, Stephansplatz",030068,Pagnacco,46.12053,13.187325,314.2,450.9,11,2026-10-07,"OSRM router.project-osrm.org table/v1 driving, senza traffico"
vienna,"Vienna, Stephansplatz",030069,Palazzolo dello Stella,45.804466,13.079431,344.5,502.6,13,2026-10-07,"OSRM router.project-osrm.org table/v1 driving, senza traffico"
vienna,"Vienna, Stephansplatz",030070,Palmanova,45.904565,13.309551,326.4,475.6,65,2026-10-07,"OSRM router.project-osrm.org table/v1 driving, senza traffico"
vienna,"Vienna, Stephansplatz",030071,Paluzza,46.529506,13.016489,315.1,437.4,4,2026-10-07,"OSRM router.project-osrm.org table/v1 driving, senza traffico"
vienna,"Vienna, Stephansplatz",030072,Pasian di Prato,46.049108,13.190787,317.7,455.6,21,2026-10-07,"OSRM router.project-osrm.org table/v1 driving, senza traffico"
vienna,"Vienna, Stephansplatz",030073,Paularo,46.530378,13.116391,316.5,439.6,22,2026-10-07,"OSRM router.project-osrm.org table/v1 driving, senza traffico"
vienna,"Vienna, Stephansplatz",030074,Pavia di Udine,45.977591,13.281686,325.8,468.0,15,2026-10-07,"OSRM router.project-osrm.org table/v1 driving, senza traffico"
vienna,"Vienna, Stephansplatz",030075,Pocenia,45.837077,13.098151,344.9,485.6,14,2026-10-07,"OSRM router.project-osrm.org table/v1 driving, senza traffico"
vienna,"Vienna, Stephansplatz",030076,Pontebba,46.506115,13.304164,272.6,384.1,11,2026-10-07,"OSRM router.project-osrm.org table/v1 driving, senza traffico"
vienna,"Vienna, Stephansplatz",030077,Porpetto,45.858493,13.21482,327.5,479.8,33,2026-10-07,"OSRM router.project-osrm.org table/v1 driving, senza traffico"
vienna,"Vienna, Stephansplatz",030078,Povoletto,46.118558,13.298558,318.9,456.2,17,2026-10-07,"OSRM router.project-osrm.org table/v1 driving, senza traffico"
vienna,"Vienna, Stephansplatz",030079,Pozzuolo del Friuli,45.984645,13.196736,324.9,467.1,39,2026-10-07,"OSRM router.project-osrm.org table/v1 driving, senza traffico"
vienna,"Vienna, Stephansplatz",030080,Pradamano,46.031191,13.299289,325.3,466.7,11,2026-10-07,"OSRM router.project-osrm.org table/v1 driving, senza traffico"
vienna,"Vienna, Stephansplatz",030081,Prato Carnico,46.520399,12.798265,325.9,445.2,14,2026-10-07,"OSRM router.project-osrm.org table/v1 driving, senza traffico"
vienna,"Vienna, Stephansplatz",030082,Precenicco,45.789791,13.078478,345.6,503.4,4,2026-10-07,"OSRM router.project-osrm.org table/v1 driving, senza traffico"
vienna,"Vienna, Stephansplatz",030083,Premariacco,46.060073,13.394239,334.0,467.3,21,2026-10-07,"OSRM router.project-osrm.org table/v1 driving, senza traffico"
monaco,"Monaco di Baviera, Marienplatz",030043,Gemona del Friuli,46.276823,13.139824,275.1,421.5,11,2026-10-07,"OSRM router.project-osrm.org table/v1 driving, senza traffico"
monaco,"Monaco di Baviera, Marienplatz",030044,Gonars,45.896562,13.236299,303.9,469.3,22,2026-10-07,"OSRM router.project-osrm.org table/v1 driving, senza traffico"
monaco,"Monaco di Baviera, Marienplatz",030045,Grimacco,46.156556,13.593644,302.1,415.5,17,2026-10-07,"OSRM router.project-osrm.org table/v1 driving, senza traffico"
monaco,"Monaco di Baviera, Marienplatz",030046,Latisana,45.776336,12.995294,315.2,489.2,9,2026-10-07,"OSRM router.project-osrm.org table/v1 driving, senza traffico"
monaco,"Monaco di Baviera, Marienplatz",030047,Lauco,46.424111,12.933092,284.1,421.3,15,2026-10-07,"OSRM router.project-osrm.org table/v1 driving, senza traffico"
monaco,"Monaco di Baviera, Marienplatz",030048,Lestizza,45.957742,13.141058,301.0,460.5,25,2026-10-07,"OSRM router.project-osrm.org table/v1 driving, senza traffico"
monaco,"Monaco di Baviera, Marienplatz",030049,Lignano Sabbiadoro,45.689167,13.129643,333.0,504.9,27,2026-10-07,"OSRM router.project-osrm.org table/v1 driving, senza traffico"
monaco,"Monaco di Baviera, Marienplatz",030051,Lusevera,46.264677,13.260455,289.6,435.0,21,2026-10-07,"OSRM router.project-osrm.org table/v1 driving, senza traffico"
monaco,"Monaco di Baviera, Marienplatz",030052,Magnano in Riviera,46.230992,13.17759,277.0,425.0,23,2026-10-07,"OSRM router.project-osrm.org table/v1 driving, senza traffico"
monaco,"Monaco di Baviera, Marienplatz",030053,Majano,46.185232,13.069023,278.1,425.0,11,2026-10-07,"OSRM router.project-osrm.org table/v1 driving, senza traffico"
monaco,"Monaco di Baviera, Marienplatz",030054,Malborghetto Valbruna,46.50742,13.439355,237.4,359.6,34,2026-10-07,"OSRM router.project-osrm.org table/v1 driving, senza traffico"
monaco,"Monaco di Baviera, Marienplatz",030055,Manzano,45.989637,13.385428,305.8,461.7,25,2026-10-07,"OSRM router.project-osrm.org table/v1 driving, senza traffico"
monaco,"Monaco di Baviera, Marienplatz",030056,Marano Lagunare,45.765409,13.167288,313.7,480.4,9,2026-10-07,"OSRM router.project-osrm.org table/v1 driving, senza traffico"
monaco,"Monaco di Baviera, Marienplatz",030057,Martignacco,46.098147,13.130324,291.4,444.2,27,2026-10-07,"OSRM router.project-osrm.org table/v1 driving, senza traffico"
monaco,"Monaco di Baviera, Marienplatz",030058,Mereto di Tomba,46.051035,13.048527,296.8,453.0,29,2026-10-07,"OSRM router.project-osrm.org table/v1 driving, senza traffico"
monaco,"Monaco di Baviera, Marienplatz",030059,Moggio Udinese,46.410394,13.19475,266.1,397.3,16,2026-10-07,"OSRM router.project-osrm.org table/v1 driving, senza traffico"
monaco,"Monaco di Baviera, Marienplatz",030060,Moimacco,46.091809,13.380982,301.1,454.5,15,2026-10-07,"OSRM router.project-osrm.org table/v1 driving, senza traffico"
monaco,"Monaco di Baviera, Marienplatz",030061,Montenars,46.256678,13.180573,279.5,425.2,14,2026-10-07,"OSRM router.project-osrm.org table/v1 driving, senza traffico"
monaco,"Monaco di Baviera, Marienplatz",030062,Mortegliano,45.944972,13.172276,299.5,459.9,24,2026-10-07,"OSRM router.project-osrm.org table/v1 driving, senza traffico"
monaco,"Monaco di Baviera, Marienplatz",030063,Moruzzo,46.119651,13.123766,291.2,434.2,16,2026-10-07,"OSRM router.project-osrm.org table/v1 driving, senza traffico"
monaco,"Monaco di Baviera, Marienplatz",030064,Muzzana del Turgnano,45.817581,13.12781,311.0,477.6,12,2026-10-07,"OSRM router.project-osrm.org table/v1 driving, senza traffico"
monaco,"Monaco di Baviera, Marienplatz",030065,Nimis,46.201188,13.265811,287.9,433.1,19,2026-10-07,"OSRM router.project-osrm.org table/v1 driving, senza traffico"
monaco,"Monaco di Baviera, Marienplatz",030066,Osoppo,46.256698,13.080546,270.4,417.5,13,2026-10-07,"OSRM router.project-osrm.org table/v1 driving, senza traffico"
monaco,"Monaco di Baviera, Marienplatz",030067,Ovaro,46.483196,12.865548,269.9,300.7,18,2026-10-07,"OSRM router.project-osrm.org table/v1 driving, senza traffico"
monaco,"Monaco di Baviera, Marienplatz",030068,Pagnacco,46.12053,13.187325,284.7,439.1,11,2026-10-07,"OSRM router.project-osrm.org table/v1 driving, senza traffico"
monaco,"Monaco di Baviera, Marienplatz",030069,Palazzolo dello Stella,45.804466,13.079431,315.1,490.8,13,2026-10-07,"OSRM router.project-osrm.org table/v1 driving, senza traffico"
monaco,"Monaco di Baviera, Marienplatz",030070,Palmanova,45.904565,13.309551,296.9,463.8,65,2026-10-07,"OSRM router.project-osrm.org table/v1 driving, senza traffico"
monaco,"Monaco di Baviera, Marienplatz",030071,Paluzza,46.529506,13.016489,247.5,282.3,4,2026-10-07,"OSRM router.project-osrm.org table/v1 driving, senza traffico"
monaco,"Monaco di Baviera, Marienplatz",030072,Pasian di Prato,46.049108,13.190787,288.3,443.8,21,2026-10-07,"OSRM router.project-osrm.org table/v1 driving, senza traffico"
monaco,"Monaco di Baviera, Marienplatz",030073,Paularo,46.530378,13.116391,262.5,295.3,22,2026-10-07,"OSRM router.project-osrm.org table/v1 driving, senza traffico"
monaco,"Monaco di Baviera, Marienplatz",030074,Pavia di Udine,45.977591,13.281686,296.4,456.1,15,2026-10-07,"OSRM router.project-osrm.org table/v1 driving, senza traffico"
monaco,"Monaco di Baviera, Marienplatz",030075,Pocenia,45.837077,13.098151,315.5,473.8,14,2026-10-07,"OSRM router.project-osrm.org table/v1 driving, senza traffico"
monaco,"Monaco di Baviera, Marienplatz",030076,Pontebba,46.506115,13.304164,243.2,372.3,11,2026-10-07,"OSRM router.project-osrm.org table/v1 driving, senza traffico"
monaco,"Monaco di Baviera, Marienplatz",030077,Porpetto,45.858493,13.21482,298.1,468.0,33,2026-10-07,"OSRM router.project-osrm.org table/v1 driving, senza traffico"
monaco,"Monaco di Baviera, Marienplatz",030078,Povoletto,46.118558,13.298558,289.5,444.4,17,2026-10-07,"OSRM router.project-osrm.org table/v1 driving, senza traffico"
monaco,"Monaco di Baviera, Marienplatz",030079,Pozzuolo del Friuli,45.984645,13.196736,295.5,455.2,39,2026-10-07,"OSRM router.project-osrm.org table/v1 driving, senza traffico"
monaco,"Monaco di Baviera, Marienplatz",030080,Pradamano,46.031191,13.299289,295.9,454.9,11,2026-10-07,"OSRM router.project-osrm.org table/v1 driving, senza traffico"
monaco,"Monaco di Baviera, Marienplatz",030081,Prato Carnico,46.520399,12.798265,273.7,304.0,14,2026-10-07,"OSRM router.project-osrm.org table/v1 driving, senza traffico"
monaco,"Monaco di Baviera, Marienplatz",030082,Precenicco,45.789791,13.078478,316.2,491.6,4,2026-10-07,"OSRM router.project-osrm.org table/v1 driving, senza traffico"
monaco,"Monaco di Baviera, Marienplatz",030083,Premariacco,46.060073,13.394239,304.6,455.5,21,2026-10-07,"OSRM router.project-osrm.org table/v1 driving, senza traffico"
salisburgo,"Salisburgo, Residenzplatz",030043,Gemona del Friuli,46.276823,13.139824,196.0,289.9,11,2026-10-07,"OSRM router.project-osrm.org table/v1 driving, senza traffico"
salisburgo,"Salisburgo, Residenzplatz",030044,Gonars,45.896562,13.236299,224.8,337.7,22,2026-10-07,"OSRM router.project-osrm.org table/v1 driving, senza traffico"
salisburgo,"Salisburgo, Residenzplatz",030045,Grimacco,46.156556,13.593644,223.0,284.0,17,2026-10-07,"OSRM router.project-osrm.org table/v1 driving, senza traffico"
salisburgo,"Salisburgo, Residenzplatz",030046,Latisana,45.776336,12.995294,236.1,357.7,9,2026-10-07,"OSRM router.project-osrm.org table/v1 driving, senza traffico"
salisburgo,"Salisburgo, Residenzplatz",030047,Lauco,46.424111,12.933092,205.0,289.8,15,2026-10-07,"OSRM router.project-osrm.org table/v1 driving, senza traffico"
salisburgo,"Salisburgo, Residenzplatz",030048,Lestizza,45.957742,13.141058,221.9,329.0,25,2026-10-07,"OSRM router.project-osrm.org table/v1 driving, senza traffico"
salisburgo,"Salisburgo, Residenzplatz",030049,Lignano Sabbiadoro,45.689167,13.129643,253.9,373.4,27,2026-10-07,"OSRM router.project-osrm.org table/v1 driving, senza traffico"
salisburgo,"Salisburgo, Residenzplatz",030051,Lusevera,46.264677,13.260455,210.6,303.5,21,2026-10-07,"OSRM router.project-osrm.org table/v1 driving, senza traffico"
salisburgo,"Salisburgo, Residenzplatz",030052,Magnano in Riviera,46.230992,13.17759,197.9,293.4,23,2026-10-07,"OSRM router.project-osrm.org table/v1 driving, senza traffico"
salisburgo,"Salisburgo, Residenzplatz",030053,Majano,46.185232,13.069023,199.0,293.5,11,2026-10-07,"OSRM router.project-osrm.org table/v1 driving, senza traffico"
salisburgo,"Salisburgo, Residenzplatz",030054,Malborghetto Valbruna,46.50742,13.439355,158.3,228.0,34,2026-10-07,"OSRM router.project-osrm.org table/v1 driving, senza traffico"
salisburgo,"Salisburgo, Residenzplatz",030055,Manzano,45.989637,13.385428,226.7,330.1,25,2026-10-07,"OSRM router.project-osrm.org table/v1 driving, senza traffico"
salisburgo,"Salisburgo, Residenzplatz",030056,Marano Lagunare,45.765409,13.167288,234.6,348.8,9,2026-10-07,"OSRM router.project-osrm.org table/v1 driving, senza traffico"
salisburgo,"Salisburgo, Residenzplatz",030057,Martignacco,46.098147,13.130324,212.3,312.6,27,2026-10-07,"OSRM router.project-osrm.org table/v1 driving, senza traffico"
salisburgo,"Salisburgo, Residenzplatz",030058,Mereto di Tomba,46.051035,13.048527,217.7,321.4,29,2026-10-07,"OSRM router.project-osrm.org table/v1 driving, senza traffico"
salisburgo,"Salisburgo, Residenzplatz",030059,Moggio Udinese,46.410394,13.19475,187.1,265.7,16,2026-10-07,"OSRM router.project-osrm.org table/v1 driving, senza traffico"
salisburgo,"Salisburgo, Residenzplatz",030060,Moimacco,46.091809,13.380982,222.1,322.9,15,2026-10-07,"OSRM router.project-osrm.org table/v1 driving, senza traffico"
salisburgo,"Salisburgo, Residenzplatz",030061,Montenars,46.256678,13.180573,200.5,293.6,14,2026-10-07,"OSRM router.project-osrm.org table/v1 driving, senza traffico"
salisburgo,"Salisburgo, Residenzplatz",030062,Mortegliano,45.944972,13.172276,220.4,328.4,24,2026-10-07,"OSRM router.project-osrm.org table/v1 driving, senza traffico"
salisburgo,"Salisburgo, Residenzplatz",030063,Moruzzo,46.119651,13.123766,212.1,302.6,16,2026-10-07,"OSRM router.project-osrm.org table/v1 driving, senza traffico"
salisburgo,"Salisburgo, Residenzplatz",030064,Muzzana del Turgnano,45.817581,13.12781,232.0,346.0,12,2026-10-07,"OSRM router.project-osrm.org table/v1 driving, senza traffico"
salisburgo,"Salisburgo, Residenzplatz",030065,Nimis,46.201188,13.265811,208.8,301.6,19,2026-10-07,"OSRM router.project-osrm.org table/v1 driving, senza traffico"
salisburgo,"Salisburgo, Residenzplatz",030066,Osoppo,46.256698,13.080546,191.3,285.9,13,2026-10-07,"OSRM router.project-osrm.org table/v1 driving, senza traffico"
salisburgo,"Salisburgo, Residenzplatz",030067,Ovaro,46.483196,12.865548,206.7,249.2,18,2026-10-07,"OSRM router.project-osrm.org table/v1 driving, senza traffico"
salisburgo,"Salisburgo, Residenzplatz",030068,Pagnacco,46.12053,13.187325,205.7,307.5,11,2026-10-07,"OSRM router.project-osrm.org table/v1 driving, senza traffico"
salisburgo,"Salisburgo, Residenzplatz",030069,Palazzolo dello Stella,45.804466,13.079431,236.1,359.2,13,2026-10-07,"OSRM router.project-osrm.org table/v1 driving, senza traffico"
salisburgo,"Salisburgo, Residenzplatz",030070,Palmanova,45.904565,13.309551,217.9,332.3,65,2026-10-07,"OSRM router.project-osrm.org table/v1 driving, senza traffico"
salisburgo,"Salisburgo, Residenzplatz",030071,Paluzza,46.529506,13.016489,184.3,230.7,4,2026-10-07,"OSRM router.project-osrm.org table/v1 driving, senza traffico"
salisburgo,"Salisburgo, Residenzplatz",030072,Pasian di Prato,46.049108,13.190787,209.2,312.2,21,2026-10-07,"OSRM router.project-osrm.org table/v1 driving, senza traffico"
salisburgo,"Salisburgo, Residenzplatz",030073,Paularo,46.530378,13.116391,199.3,243.8,22,2026-10-07,"OSRM router.project-osrm.org table/v1 driving, senza traffico"
salisburgo,"Salisburgo, Residenzplatz",030074,Pavia di Udine,45.977591,13.281686,217.4,324.6,15,2026-10-07,"OSRM router.project-osrm.org table/v1 driving, senza traffico"
salisburgo,"Salisburgo, Residenzplatz",030075,Pocenia,45.837077,13.098151,236.4,342.3,14,2026-10-07,"OSRM router.project-osrm.org table/v1 driving, senza traffico"
salisburgo,"Salisburgo, Residenzplatz",030076,Pontebba,46.506115,13.304164,164.1,240.7,11,2026-10-07,"OSRM router.project-osrm.org table/v1 driving, senza traffico"
salisburgo,"Salisburgo, Residenzplatz",030077,Porpetto,45.858493,13.21482,219.0,336.4,33,2026-10-07,"OSRM router.project-osrm.org table/v1 driving, senza traffico"
salisburgo,"Salisburgo, Residenzplatz",030078,Povoletto,46.118558,13.298558,210.4,312.8,17,2026-10-07,"OSRM router.project-osrm.org table/v1 driving, senza traffico"
salisburgo,"Salisburgo, Residenzplatz",030079,Pozzuolo del Friuli,45.984645,13.196736,216.4,323.7,39,2026-10-07,"OSRM router.project-osrm.org table/v1 driving, senza traffico"
salisburgo,"Salisburgo, Residenzplatz",030080,Pradamano,46.031191,13.299289,216.8,323.3,11,2026-10-07,"OSRM router.project-osrm.org table/v1 driving, senza traffico"
salisburgo,"Salisburgo, Residenzplatz",030081,Prato Carnico,46.520399,12.798265,210.5,252.5,14,2026-10-07,"OSRM router.project-osrm.org table/v1 driving, senza traffico"
salisburgo,"Salisburgo, Residenzplatz",030082,Precenicco,45.789791,13.078478,237.2,360.0,4,2026-10-07,"OSRM router.project-osrm.org table/v1 driving, senza traffico"
salisburgo,"Salisburgo, Residenzplatz",030083,Premariacco,46.060073,13.394239,225.5,323.9,21,2026-10-07,"OSRM router.project-osrm.org table/v1 driving, senza traffico"
trieste,"Trieste, Piazza Unità d'Italia",030084,Preone,46.395396,12.867688,104.2,133.9,20,2026-10-07,"OSRM router.project-osrm.org table/v1 driving, senza traffico"
trieste,"Trieste, Piazza Unità d'Italia",030085,Prepotto,46.046078,13.479579,67.5,68.7,13,2026-10-07,"OSRM router.project-osrm.org table/v1 driving, senza traffico"
trieste,"Trieste, Piazza Unità d'Italia",030086,Pulfero,46.173399,13.485387,86.1,85.4,12,2026-10-07,"OSRM router.project-osrm.org table/v1 driving, senza traffico"
trieste,"Trieste, Piazza Unità d'Italia",030087,Ragogna,46.17763,12.97854,87.8,114.3,19,2026-10-07,"OSRM router.project-osrm.org table/v1 driving, senza traffico"
trieste,"Trieste, Piazza Unità d'Italia",030088,Ravascletto,46.525528,12.922188,113.0,143.4,11,2026-10-07,"OSRM router.project-osrm.org table/v1 driving, senza traffico"
trieste,"Trieste, Piazza Unità d'Italia",030089,Raveo,46.434514,12.870178,102.3,131.6,4,2026-10-07,"OSRM router.project-osrm.org table/v1 driving, senza traffico"
trieste,"Trieste, Piazza Unità d'Italia",030090,Reana del Rojale,46.149594,13.243026,66.5,84.7,10,2026-10-07,"OSRM router.project-osrm.org table/v1 driving, senza traffico"
trieste,"Trieste, Piazza Unità d'Italia",030091,Remanzacco,46.085242,13.324473,68.8,80.3,23,2026-10-07,"OSRM router.project-osrm.org table/v1 driving, senza traffico"
trieste,"Trieste, Piazza Unità d'Italia",030092,Resia,46.373289,13.305097,105.3,133.7,12,2026-10-07,"OSRM router.project-osrm.org table/v1 driving, senza traffico"
trieste,"Trieste, Piazza Unità d'Italia",030093,Resiutta,46.392967,13.220315,92.9,125.9,13,2026-10-07,"OSRM router.project-osrm.org table/v1 driving, senza traffico"
trieste,"Trieste, Piazza Unità d'Italia",030094,Rigolato,46.54985,12.853669,116.5,145.1,17,2026-10-07,"OSRM router.project-osrm.org table/v1 driving, senza traffico"
trieste,"Trieste, Piazza Unità d'Italia",030095,Rive d'Arcano,46.12621,13.030962,79.4,90.8,30,2026-10-07,"OSRM router.project-osrm.org table/v1 driving, senza traffico"
trieste,"Trieste, Piazza Unità d'Italia",030097,Ronchis,45.805793,12.996037,62.3,79.9,18,2026-10-07,"OSRM router.project-osrm.org table/v1 driving, senza traffico"
trieste,"Trieste, Piazza Unità d'Italia",030098,Ruda,45.837573,13.401455,43.8,47.3,14,2026-10-07,"OSRM router.project-osrm.org table/v1 driving, senza traffico"
trieste,"Trieste, Piazza Unità d'Italia",030099,San Daniele del Friuli,46.161062,13.011271,86.1,111.7,12,2026-10-07,"OSRM router.project-osrm.org table/v1 driving, senza traffico"
trieste,"Trieste, Piazza Unità d'Italia",030100,San Giorgio di Nogaro,45.833006,13.207232,52.5,63.4,15,2026-10-07,"OSRM router.project-osrm.org table/v1 driving, senza traffico"
trieste,"Trieste, Piazza Unità d'Italia",030101,San Giovanni al Natisone,45.980799,13.404477,56.4,60.4,29,2026-10-07,"OSRM router.project-osrm.org table/v1 driving, senza traffico"
trieste,"Trieste, Piazza Unità d'Italia",030102,San Leonardo,46.12127,13.523753,84.0,82.5,18,2026-10-07,"OSRM router.project-osrm.org table/v1 driving, senza traffico"
trieste,"Trieste, Piazza Unità d'Italia",030103,San Pietro al Natisone,46.12647,13.48537,80.5,80.1,16,2026-10-07,"OSRM router.project-osrm.org table/v1 driving, senza traffico"
trieste,"Trieste, Piazza Unità d'Italia",030104,Santa Maria la Longa,45.933304,13.288379,50.6,57.6,31,2026-10-07,"OSRM router.project-osrm.org table/v1 driving, senza traffico"
trieste,"Trieste, Piazza Unità d'Italia",030105,San Vito al Torre,45.895761,13.369993,48.7,51.5,10,2026-10-07,"OSRM router.project-osrm.org table/v1 driving, senza traffico"
trieste,"Trieste, Piazza Unità d'Italia",030106,San Vito di Fagagna,46.089044,13.057607,73.5,86.7,22,2026-10-07,"OSRM router.project-osrm.org table/v1 driving, senza traffico"
trieste,"Trieste, Piazza Unità d'Italia",030107,Sauris,46.466628,12.708183,122.4,152.6,14,2026-10-07,"OSRM router.project-osrm.org table/v1 driving, senza traffico"
trieste,"Trieste, Piazza Unità d'Italia",030108,Savogna,46.159418,13.53338,88.7,85.5,9,2026-10-07,"OSRM router.project-osrm.org table/v1 driving, senza traffico"
trieste,"Trieste, Piazza Unità d'Italia",030109,Sedegliano,46.015391,12.985378,78.1,91.3,38,2026-10-07,"OSRM router.project-osrm.org table/v1 driving, senza traffico"
trieste,"Trieste, Piazza Unità d'Italia",030110,Socchieve,46.40362,12.823243,103.2,134.7,27,2026-10-07,"OSRM router.project-osrm.org table/v1 driving, senza traffico"
trieste,"Trieste, Piazza Unità d'Italia",030111,Stregna,46.127077,13.577669,94.0,88.2,16,2026-10-07,"OSRM router.project-osrm.org table/v1 driving, senza traffico"
trieste,"Trieste, Piazza Unità d'Italia",030112,Sutrio,46.512281,12.990042,104.6,135.6,19,2026-10-07,"OSRM router.project-osrm.org table/v1 driving, senza traffico"
trieste,"Trieste, Piazza Unità d'Italia",030113,Taipana,46.249693,13.34234,91.8,101.9,15,2026-10-07,"OSRM router.project-osrm.org table/v1 driving, senza traffico"
trieste,"Trieste, Piazza Unità d'Italia",030114,Talmassons,45.930223,13.115211,62.5,69.3,32,2026-10-07,"OSRM router.project-osrm.org table/v1 driving, senza traffico"
trieste,"Trieste, Piazza Unità d'Italia",030116,Tarcento,46.216515,13.222347,76.9,92.5,27,2026-10-07,"OSRM router.project-osrm.org table/v1 driving, senza traffico"
trieste,"Trieste, Piazza Unità d'Italia",030117,Tarvisio,46.505124,13.577729,111.9,165.1,26,2026-10-07,"OSRM router.project-osrm.org table/v1 driving, senza traffico"
trieste,"Trieste, Piazza Unità d'Italia",030118,Tavagnacco,46.101326,13.215429,62.6,81.1,24,2026-10-07,"OSRM router.project-osrm.org table/v1 driving, senza traffico"
trieste,"Trieste, Piazza Unità d'Italia",030120,Terzo d'Aquileia,45.800278,13.346432,53.1,54.2,14,2026-10-07,"OSRM router.project-osrm.org table/v1 driving, senza traffico"
trieste,"Trieste, Piazza Unità d'Italia",030121,Tolmezzo,46.405891,13.015568,86.9,119.9,14,2026-10-07,"OSRM router.project-osrm.org table/v1 driving, senza traffico"
trieste,"Trieste, Piazza Unità d'Italia",030122,Torreano,46.130012,13.432293,80.7,79.6,19,2026-10-07,"OSRM router.project-osrm.org table/v1 driving, senza traffico"
trieste,"Trieste, Piazza Unità d'Italia",030123,Torviscosa,45.823273,13.274105,55.8,61.6,14,2026-10-07,"OSRM router.project-osrm.org table/v1 driving, senza traffico"
trieste,"Trieste, Piazza Unità d'Italia",030124,Trasaghis,46.282614,13.075559,78.6,104.3,12,2026-10-07,"OSRM router.project-osrm.org table/v1 driving, senza traffico"
trieste,"Trieste, Piazza Unità d'Italia",030126,Treppo Grande,46.190659,13.1571,74.0,91.3,15,2026-10-07,"OSRM router.project-osrm.org table/v1 driving, senza traffico"
trieste,"Trieste, Piazza Unità d'Italia",030127,Tricesimo,46.161887,13.211838,67.7,85.5,16,2026-10-07,"OSRM router.project-osrm.org table/v1 driving, senza traffico"
udine,"Udine, Piazza della Libertà",030084,Preone,46.395396,12.867688,59.2,64.1,20,2026-10-07,"OSRM router.project-osrm.org table/v1 driving, senza traffico"
udine,"Udine, Piazza della Libertà",030085,Prepotto,46.046078,13.479579,31.4,24.9,13,2026-10-07,"OSRM router.project-osrm.org table/v1 driving, senza traffico"
udine,"Udine, Piazza della Libertà",030086,Pulfero,46.173399,13.485387,37.4,28.5,12,2026-10-07,"OSRM router.project-osrm.org table/v1 driving, senza traffico"
udine,"Udine, Piazza della Libertà",030087,Ragogna,46.17763,12.97854,39.1,28.8,19,2026-10-07,"OSRM router.project-osrm.org table/v1 driving, senza traffico"
udine,"Udine, Piazza della Libertà",030088,Ravascletto,46.525528,12.922188,67.9,73.6,11,2026-10-07,"OSRM router.project-osrm.org table/v1 driving, senza traffico"
udine,"Udine, Piazza della Libertà",030089,Raveo,46.434514,12.870178,57.2,61.8,4,2026-10-07,"OSRM router.project-osrm.org table/v1 driving, senza traffico"
udine,"Udine, Piazza della Libertà",030090,Reana del Rojale,46.149594,13.243026,16.3,11.6,10,2026-10-07,"OSRM router.project-osrm.org table/v1 driving, senza traffico"
udine,"Udine, Piazza della Libertà",030091,Remanzacco,46.085242,13.324473,12.6,8.2,23,2026-10-07,"OSRM router.project-osrm.org table/v1 driving, senza traffico"
udine,"Udine, Piazza della Libertà",030092,Resia,46.373289,13.305097,60.2,63.9,12,2026-10-07,"OSRM router.project-osrm.org table/v1 driving, senza traffico"
udine,"Udine, Piazza della Libertà",030093,Resiutta,46.392967,13.220315,47.8,56.2,13,2026-10-07,"OSRM router.project-osrm.org table/v1 driving, senza traffico"
udine,"Udine, Piazza della Libertà",030094,Rigolato,46.54985,12.853669,71.4,75.3,17,2026-10-07,"OSRM router.project-osrm.org table/v1 driving, senza traffico"
udine,"Udine, Piazza della Libertà",030095,Rive d'Arcano,46.12621,13.030962,29.3,21.0,30,2026-10-07,"OSRM router.project-osrm.org table/v1 driving, senza traffico"
udine,"Udine, Piazza della Libertà",030097,Ronchis,45.805793,12.996037,41.9,50.3,18,2026-10-07,"OSRM router.project-osrm.org table/v1 driving, senza traffico"
udine,"Udine, Piazza della Libertà",030098,Ruda,45.837573,13.401455,38.0,41.8,14,2026-10-07,"OSRM router.project-osrm.org table/v1 driving, senza traffico"
udine,"Udine, Piazza della Libertà",030099,San Daniele del Friuli,46.161062,13.011271,35.3,24.8,12,2026-10-07,"OSRM router.project-osrm.org table/v1 driving, senza traffico"
udine,"Udine, Piazza della Libertà",030100,San Giorgio di Nogaro,45.833006,13.207232,32.2,33.8,15,2026-10-07,"OSRM router.project-osrm.org table/v1 driving, senza traffico"
udine,"Udine, Piazza della Libertà",030101,San Giovanni al Natisone,45.980799,13.404477,27.4,18.9,29,2026-10-07,"OSRM router.project-osrm.org table/v1 driving, senza traffico"
udine,"Udine, Piazza della Libertà",030102,San Leonardo,46.12127,13.523753,35.6,25.7,18,2026-10-07,"OSRM router.project-osrm.org table/v1 driving, senza traffico"
udine,"Udine, Piazza della Libertà",030103,San Pietro al Natisone,46.12647,13.48537,31.8,23.2,16,2026-10-07,"OSRM router.project-osrm.org table/v1 driving, senza traffico"
udine,"Udine, Piazza della Libertà",030104,Santa Maria la Longa,45.933304,13.288379,21.8,16.1,31,2026-10-07,"OSRM router.project-osrm.org table/v1 driving, senza traffico"
udine,"Udine, Piazza della Libertà",030105,San Vito al Torre,45.895761,13.369993,32.4,30.9,10,2026-10-07,"OSRM router.project-osrm.org table/v1 driving, senza traffico"
udine,"Udine, Piazza della Libertà",030106,San Vito di Fagagna,46.089044,13.057607,24.0,17.1,22,2026-10-07,"OSRM router.project-osrm.org table/v1 driving, senza traffico"
udine,"Udine, Piazza della Libertà",030107,Sauris,46.466628,12.708183,77.3,82.8,14,2026-10-07,"OSRM router.project-osrm.org table/v1 driving, senza traffico"
udine,"Udine, Piazza della Libertà",030108,Savogna,46.159418,13.53338,40.2,28.7,9,2026-10-07,"OSRM router.project-osrm.org table/v1 driving, senza traffico"
udine,"Udine, Piazza della Libertà",030109,Sedegliano,46.015391,12.985378,29.5,23.6,38,2026-10-07,"OSRM router.project-osrm.org table/v1 driving, senza traffico"
udine,"Udine, Piazza della Libertà",030110,Socchieve,46.40362,12.823243,58.2,64.9,27,2026-10-07,"OSRM router.project-osrm.org table/v1 driving, senza traffico"
udine,"Udine, Piazza della Libertà",030111,Stregna,46.127077,13.577669,45.6,31.4,16,2026-10-07,"OSRM router.project-osrm.org table/v1 driving, senza traffico"
udine,"Udine, Piazza della Libertà",030112,Sutrio,46.512281,12.990042,59.6,65.8,19,2026-10-07,"OSRM router.project-osrm.org table/v1 driving, senza traffico"
udine,"Udine, Piazza della Libertà",030113,Taipana,46.249693,13.34234,41.6,28.8,15,2026-10-07,"OSRM router.project-osrm.org table/v1 driving, senza traffico"
udine,"Udine, Piazza della Libertà",030114,Talmassons,45.930223,13.115211,23.7,20.4,32,2026-10-07,"OSRM router.project-osrm.org table/v1 driving, senza traffico"
udine,"Udine, Piazza della Libertà",030116,Tarcento,46.216515,13.222347,27.9,19.6,27,2026-10-07,"OSRM router.project-osrm.org table/v1 driving, senza traffico"
udine,"Udine, Piazza della Libertà",030117,Tarvisio,46.505124,13.577729,66.8,95.4,26,2026-10-07,"OSRM router.project-osrm.org table/v1 driving, senza traffico"
udine,"Udine, Piazza della Libertà",030118,Tavagnacco,46.101326,13.215429,9.5,6.3,24,2026-10-07,"OSRM router.project-osrm.org table/v1 driving, senza traffico"
udine,"Udine, Piazza della Libertà",030120,Terzo d'Aquileia,45.800278,13.346432,36.2,36.6,14,2026-10-07,"OSRM router.project-osrm.org table/v1 driving, senza traffico"
udine,"Udine, Piazza della Libertà",030121,Tolmezzo,46.405891,13.015568,41.8,50.1,14,2026-10-07,"OSRM router.project-osrm.org table/v1 driving, senza traffico"
udine,"Udine, Piazza della Libertà",030122,Torreano,46.130012,13.432293,31.3,22.0,19,2026-10-07,"OSRM router.project-osrm.org table/v1 driving, senza traffico"
udine,"Udine, Piazza della Libertà",030123,Torviscosa,45.823273,13.274105,37.5,34.9,14,2026-10-07,"OSRM router.project-osrm.org table/v1 driving, senza traffico"
udine,"Udine, Piazza della Libertà",030124,Trasaghis,46.282614,13.075559,33.6,34.5,12,2026-10-07,"OSRM router.project-osrm.org table/v1 driving, senza traffico"
udine,"Udine, Piazza della Libertà",030126,Treppo Grande,46.190659,13.1571,25.0,18.4,15,2026-10-07,"OSRM router.project-osrm.org table/v1 driving, senza traffico"
udine,"Udine, Piazza della Libertà",030127,Tricesimo,46.161887,13.211838,18.7,12.6,16,2026-10-07,"OSRM router.project-osrm.org table/v1 driving, senza traffico"
aer_trieste,"Aeroporto di Trieste (Ronchi dei Legionari), terminal",030084,Preone,46.395396,12.867688,80.2,102.9,20,2026-10-07,"OSRM router.project-osrm.org table/v1 driving, senza traffico"
aer_trieste,"Aeroporto di Trieste (Ronchi dei Legionari), terminal",030085,Prepotto,46.046078,13.479579,43.5,37.7,13,2026-10-07,"OSRM router.project-osrm.org table/v1 driving, senza traffico"
aer_trieste,"Aeroporto di Trieste (Ronchi dei Legionari), terminal",030086,Pulfero,46.173399,13.485387,62.0,54.4,12,2026-10-07,"OSRM router.project-osrm.org table/v1 driving, senza traffico"
aer_trieste,"Aeroporto di Trieste (Ronchi dei Legionari), terminal",030087,Ragogna,46.17763,12.97854,63.8,83.4,19,2026-10-07,"OSRM router.project-osrm.org table/v1 driving, senza traffico"
aer_trieste,"Aeroporto di Trieste (Ronchi dei Legionari), terminal",030088,Ravascletto,46.525528,12.922188,88.9,112.4,11,2026-10-07,"OSRM router.project-osrm.org table/v1 driving, senza traffico"
aer_trieste,"Aeroporto di Trieste (Ronchi dei Legionari), terminal",030089,Raveo,46.434514,12.870178,78.3,100.6,4,2026-10-07,"OSRM router.project-osrm.org table/v1 driving, senza traffico"
aer_trieste,"Aeroporto di Trieste (Ronchi dei Legionari), terminal",030090,Reana del Rojale,46.149594,13.243026,42.5,53.7,10,2026-10-07,"OSRM router.project-osrm.org table/v1 driving, senza traffico"
aer_trieste,"Aeroporto di Trieste (Ronchi dei Legionari), terminal",030091,Remanzacco,46.085242,13.324473,44.8,49.4,23,2026-10-07,"OSRM router.project-osrm.org table/v1 driving, senza traffico"
aer_trieste,"Aeroporto di Trieste (Ronchi dei Legionari), terminal",030092,Resia,46.373289,13.305097,81.3,102.7,12,2026-10-07,"OSRM router.project-osrm.org table/v1 driving, senza traffico"
aer_trieste,"Aeroporto di Trieste (Ronchi dei Legionari), terminal",030093,Resiutta,46.392967,13.220315,68.8,95.0,13,2026-10-07,"OSRM router.project-osrm.org table/v1 driving, senza traffico"
aer_trieste,"Aeroporto di Trieste (Ronchi dei Legionari), terminal",030094,Rigolato,46.54985,12.853669,92.4,114.1,17,2026-10-07,"OSRM router.project-osrm.org table/v1 driving, senza traffico"
aer_trieste,"Aeroporto di Trieste (Ronchi dei Legionari), terminal",030095,Rive d'Arcano,46.12621,13.030962,55.4,59.8,30,2026-10-07,"OSRM router.project-osrm.org table/v1 driving, senza traffico"
aer_trieste,"Aeroporto di Trieste (Ronchi dei Legionari), terminal",030097,Ronchis,45.805793,12.996037,38.2,49.0,18,2026-10-07,"OSRM router.project-osrm.org table/v1 driving, senza traffico"
aer_trieste,"Aeroporto di Trieste (Ronchi dei Legionari), terminal",030098,Ruda,45.837573,13.401455,16.2,11.1,14,2026-10-07,"OSRM router.project-osrm.org table/v1 driving, senza traffico"
aer_trieste,"Aeroporto di Trieste (Ronchi dei Legionari), terminal",030099,San Daniele del Friuli,46.161062,13.011271,62.1,80.7,12,2026-10-07,"OSRM router.project-osrm.org table/v1 driving, senza traffico"
aer_trieste,"Aeroporto di Trieste (Ronchi dei Legionari), terminal",030100,San Giorgio di Nogaro,45.833006,13.207232,28.5,32.4,15,2026-10-07,"OSRM router.project-osrm.org table/v1 driving, senza traffico"
aer_trieste,"Aeroporto di Trieste (Ronchi dei Legionari), terminal",030101,San Giovanni al Natisone,45.980799,13.404477,32.4,29.4,29,2026-10-07,"OSRM router.project-osrm.org table/v1 driving, senza traffico"
aer_trieste,"Aeroporto di Trieste (Ronchi dei Legionari), terminal",030102,San Leonardo,46.12127,13.523753,60.0,51.5,18,2026-10-07,"OSRM router.project-osrm.org table/v1 driving, senza traffico"
aer_trieste,"Aeroporto di Trieste (Ronchi dei Legionari), terminal",030103,San Pietro al Natisone,46.12647,13.48537,56.4,49.1,16,2026-10-07,"OSRM router.project-osrm.org table/v1 driving, senza traffico"
aer_trieste,"Aeroporto di Trieste (Ronchi dei Legionari), terminal",030104,Santa Maria la Longa,45.933304,13.288379,26.6,26.6,31,2026-10-07,"OSRM router.project-osrm.org table/v1 driving, senza traffico"
aer_trieste,"Aeroporto di Trieste (Ronchi dei Legionari), terminal",030105,San Vito al Torre,45.895761,13.369993,24.7,20.5,10,2026-10-07,"OSRM router.project-osrm.org table/v1 driving, senza traffico"
aer_trieste,"Aeroporto di Trieste (Ronchi dei Legionari), terminal",030106,San Vito di Fagagna,46.089044,13.057607,49.5,55.8,22,2026-10-07,"OSRM router.project-osrm.org table/v1 driving, senza traffico"
aer_trieste,"Aeroporto di Trieste (Ronchi dei Legionari), terminal",030107,Sauris,46.466628,12.708183,98.3,121.6,14,2026-10-07,"OSRM router.project-osrm.org table/v1 driving, senza traffico"
aer_trieste,"Aeroporto di Trieste (Ronchi dei Legionari), terminal",030108,Savogna,46.159418,13.53338,64.7,54.6,9,2026-10-07,"OSRM router.project-osrm.org table/v1 driving, senza traffico"
aer_trieste,"Aeroporto di Trieste (Ronchi dei Legionari), terminal",030109,Sedegliano,46.015391,12.985378,54.1,60.3,38,2026-10-07,"OSRM router.project-osrm.org table/v1 driving, senza traffico"
aer_trieste,"Aeroporto di Trieste (Ronchi dei Legionari), terminal",030110,Socchieve,46.40362,12.823243,79.2,103.7,27,2026-10-07,"OSRM router.project-osrm.org table/v1 driving, senza traffico"
aer_trieste,"Aeroporto di Trieste (Ronchi dei Legionari), terminal",030111,Stregna,46.127077,13.577669,70.0,57.2,16,2026-10-07,"OSRM router.project-osrm.org table/v1 driving, senza traffico"
aer_trieste,"Aeroporto di Trieste (Ronchi dei Legionari), terminal",030112,Sutrio,46.512281,12.990042,80.6,104.7,19,2026-10-07,"OSRM router.project-osrm.org table/v1 driving, senza traffico"
aer_trieste,"Aeroporto di Trieste (Ronchi dei Legionari), terminal",030113,Taipana,46.249693,13.34234,67.7,70.9,15,2026-10-07,"OSRM router.project-osrm.org table/v1 driving, senza traffico"
aer_trieste,"Aeroporto di Trieste (Ronchi dei Legionari), terminal",030114,Talmassons,45.930223,13.115211,38.4,38.4,32,2026-10-07,"OSRM router.project-osrm.org table/v1 driving, senza traffico"
aer_trieste,"Aeroporto di Trieste (Ronchi dei Legionari), terminal",030116,Tarcento,46.216515,13.222347,52.8,61.6,27,2026-10-07,"OSRM router.project-osrm.org table/v1 driving, senza traffico"
aer_trieste,"Aeroporto di Trieste (Ronchi dei Legionari), terminal",030117,Tarvisio,46.505124,13.577729,87.9,134.2,26,2026-10-07,"OSRM router.project-osrm.org table/v1 driving, senza traffico"
aer_trieste,"Aeroporto di Trieste (Ronchi dei Legionari), terminal",030118,Tavagnacco,46.101326,13.215429,38.6,50.1,24,2026-10-07,"OSRM router.project-osrm.org table/v1 driving, senza traffico"
aer_trieste,"Aeroporto di Trieste (Ronchi dei Legionari), terminal",030120,Terzo d'Aquileia,45.800278,13.346432,17.9,12.3,14,2026-10-07,"OSRM router.project-osrm.org table/v1 driving, senza traffico"
aer_trieste,"Aeroporto di Trieste (Ronchi dei Legionari), terminal",030121,Tolmezzo,46.405891,13.015568,62.9,88.9,14,2026-10-07,"OSRM router.project-osrm.org table/v1 driving, senza traffico"
aer_trieste,"Aeroporto di Trieste (Ronchi dei Legionari), terminal",030122,Torreano,46.130012,13.432293,56.7,48.7,19,2026-10-07,"OSRM router.project-osrm.org table/v1 driving, senza traffico"
aer_trieste,"Aeroporto di Trieste (Ronchi dei Legionari), terminal",030123,Torviscosa,45.823273,13.274105,29.4,19.9,14,2026-10-07,"OSRM router.project-osrm.org table/v1 driving, senza traffico"
aer_trieste,"Aeroporto di Trieste (Ronchi dei Legionari), terminal",030124,Trasaghis,46.282614,13.075559,54.6,73.4,12,2026-10-07,"OSRM router.project-osrm.org table/v1 driving, senza traffico"
aer_trieste,"Aeroporto di Trieste (Ronchi dei Legionari), terminal",030126,Treppo Grande,46.190659,13.1571,50.0,60.3,15,2026-10-07,"OSRM router.project-osrm.org table/v1 driving, senza traffico"
aer_trieste,"Aeroporto di Trieste (Ronchi dei Legionari), terminal",030127,Tricesimo,46.161887,13.211838,43.6,54.5,16,2026-10-07,"OSRM router.project-osrm.org table/v1 driving, senza traffico"
aer_venezia,"Aeroporto di Venezia Marco Polo, viale Galilei (accesso terminal)",030084,Preone,46.395396,12.867688,124.6,178.3,20,2026-10-07,"OSRM router.project-osrm.org table/v1 driving, senza traffico"
aer_venezia,"Aeroporto di Venezia Marco Polo, viale Galilei (accesso terminal)",030085,Prepotto,46.046078,13.479579,100.8,125.6,13,2026-10-07,"OSRM router.project-osrm.org table/v1 driving, senza traffico"
aer_venezia,"Aeroporto di Venezia Marco Polo, viale Galilei (accesso terminal)",030086,Pulfero,46.173399,13.485387,112.2,144.2,12,2026-10-07,"OSRM router.project-osrm.org table/v1 driving, senza traffico"
aer_venezia,"Aeroporto di Venezia Marco Polo, viale Galilei (accesso terminal)",030087,Ragogna,46.17763,12.97854,94.3,126.3,19,2026-10-07,"OSRM router.project-osrm.org table/v1 driving, senza traffico"
aer_venezia,"Aeroporto di Venezia Marco Polo, viale Galilei (accesso terminal)",030088,Ravascletto,46.525528,12.922188,133.3,187.7,11,2026-10-07,"OSRM router.project-osrm.org table/v1 driving, senza traffico"
aer_venezia,"Aeroporto di Venezia Marco Polo, viale Galilei (accesso terminal)",030089,Raveo,46.434514,12.870178,122.7,175.9,4,2026-10-07,"OSRM router.project-osrm.org table/v1 driving, senza traffico"
aer_venezia,"Aeroporto di Venezia Marco Polo, viale Galilei (accesso terminal)",030090,Reana del Rojale,46.149594,13.243026,86.9,129.1,10,2026-10-07,"OSRM router.project-osrm.org table/v1 driving, senza traffico"
aer_venezia,"Aeroporto di Venezia Marco Polo, viale Galilei (accesso terminal)",030091,Remanzacco,46.085242,13.324473,89.2,124.7,23,2026-10-07,"OSRM router.project-osrm.org table/v1 driving, senza traffico"
aer_venezia,"Aeroporto di Venezia Marco Polo, viale Galilei (accesso terminal)",030092,Resia,46.373289,13.305097,125.7,178.0,12,2026-10-07,"OSRM router.project-osrm.org table/v1 driving, senza traffico"
aer_venezia,"Aeroporto di Venezia Marco Polo, viale Galilei (accesso terminal)",030093,Resiutta,46.392967,13.220315,113.2,170.3,13,2026-10-07,"OSRM router.project-osrm.org table/v1 driving, senza traffico"
aer_venezia,"Aeroporto di Venezia Marco Polo, viale Galilei (accesso terminal)",030094,Rigolato,46.54985,12.853669,136.8,189.5,17,2026-10-07,"OSRM router.project-osrm.org table/v1 driving, senza traffico"
aer_venezia,"Aeroporto di Venezia Marco Polo, viale Galilei (accesso terminal)",030095,Rive d'Arcano,46.12621,13.030962,96.2,123.1,30,2026-10-07,"OSRM router.project-osrm.org table/v1 driving, senza traffico"
aer_venezia,"Aeroporto di Venezia Marco Polo, viale Galilei (accesso terminal)",030097,Ronchis,45.805793,12.996037,54.8,78.0,18,2026-10-07,"OSRM router.project-osrm.org table/v1 driving, senza traffico"
aer_venezia,"Aeroporto di Venezia Marco Polo, viale Galilei (accesso terminal)",030098,Ruda,45.837573,13.401455,78.3,115.3,14,2026-10-07,"OSRM router.project-osrm.org table/v1 driving, senza traffico"
aer_venezia,"Aeroporto di Venezia Marco Polo, viale Galilei (accesso terminal)",030099,San Daniele del Friuli,46.161062,13.011271,96.1,123.1,12,2026-10-07,"OSRM router.project-osrm.org table/v1 driving, senza traffico"
aer_venezia,"Aeroporto di Venezia Marco Polo, viale Galilei (accesso terminal)",030100,San Giorgio di Nogaro,45.833006,13.207232,63.5,93.4,15,2026-10-07,"OSRM router.project-osrm.org table/v1 driving, senza traffico"
aer_venezia,"Aeroporto di Venezia Marco Polo, viale Galilei (accesso terminal)",030101,San Giovanni al Natisone,45.980799,13.404477,85.1,113.6,29,2026-10-07,"OSRM router.project-osrm.org table/v1 driving, senza traffico"
aer_venezia,"Aeroporto di Venezia Marco Polo, viale Galilei (accesso terminal)",030102,San Leonardo,46.12127,13.523753,110.4,141.3,18,2026-10-07,"OSRM router.project-osrm.org table/v1 driving, senza traffico"
aer_venezia,"Aeroporto di Venezia Marco Polo, viale Galilei (accesso terminal)",030103,San Pietro al Natisone,46.12647,13.48537,106.6,138.9,16,2026-10-07,"OSRM router.project-osrm.org table/v1 driving, senza traffico"
aer_venezia,"Aeroporto di Venezia Marco Polo, viale Galilei (accesso terminal)",030104,Santa Maria la Longa,45.933304,13.288379,72.6,104.4,31,2026-10-07,"OSRM router.project-osrm.org table/v1 driving, senza traffico"
aer_venezia,"Aeroporto di Venezia Marco Polo, viale Galilei (accesso terminal)",030105,San Vito al Torre,45.895761,13.369993,72.7,104.4,10,2026-10-07,"OSRM router.project-osrm.org table/v1 driving, senza traffico"
aer_venezia,"Aeroporto di Venezia Marco Polo, viale Galilei (accesso terminal)",030106,San Vito di Fagagna,46.089044,13.057607,93.4,121.2,22,2026-10-07,"OSRM router.project-osrm.org table/v1 driving, senza traffico"
aer_venezia,"Aeroporto di Venezia Marco Polo, viale Galilei (accesso terminal)",030107,Sauris,46.466628,12.708183,129.0,162.1,14,2026-10-07,"OSRM router.project-osrm.org table/v1 driving, senza traffico"
aer_venezia,"Aeroporto di Venezia Marco Polo, viale Galilei (accesso terminal)",030108,Savogna,46.159418,13.53338,115.0,144.4,9,2026-10-07,"OSRM router.project-osrm.org table/v1 driving, senza traffico"
aer_venezia,"Aeroporto di Venezia Marco Polo, viale Galilei (accesso terminal)",030109,Sedegliano,46.015391,12.985378,80.3,96.9,38,2026-10-07,"OSRM router.project-osrm.org table/v1 driving, senza traffico"
aer_venezia,"Aeroporto di Venezia Marco Polo, viale Galilei (accesso terminal)",030110,Socchieve,46.40362,12.823243,123.6,179.1,27,2026-10-07,"OSRM router.project-osrm.org table/v1 driving, senza traffico"
aer_venezia,"Aeroporto di Venezia Marco Polo, viale Galilei (accesso terminal)",030111,Stregna,46.127077,13.577669,120.4,147.0,16,2026-10-07,"OSRM router.project-osrm.org table/v1 driving, senza traffico"
aer_venezia,"Aeroporto di Venezia Marco Polo, viale Galilei (accesso terminal)",030112,Sutrio,46.512281,12.990042,125.0,180.0,19,2026-10-07,"OSRM router.project-osrm.org table/v1 driving, senza traffico"
aer_venezia,"Aeroporto di Venezia Marco Polo, viale Galilei (accesso terminal)",030113,Taipana,46.249693,13.34234,112.1,146.3,15,2026-10-07,"OSRM router.project-osrm.org table/v1 driving, senza traffico"
aer_venezia,"Aeroporto di Venezia Marco Polo, viale Galilei (accesso terminal)",030114,Talmassons,45.930223,13.115211,74.2,98.4,32,2026-10-07,"OSRM router.project-osrm.org table/v1 driving, senza traffico"
aer_venezia,"Aeroporto di Venezia Marco Polo, viale Galilei (accesso terminal)",030116,Tarcento,46.216515,13.222347,97.3,136.9,27,2026-10-07,"OSRM router.project-osrm.org table/v1 driving, senza traffico"
aer_venezia,"Aeroporto di Venezia Marco Polo, viale Galilei (accesso terminal)",030117,Tarvisio,46.505124,13.577729,132.3,209.5,26,2026-10-07,"OSRM router.project-osrm.org table/v1 driving, senza traffico"
aer_venezia,"Aeroporto di Venezia Marco Polo, viale Galilei (accesso terminal)",030118,Tavagnacco,46.101326,13.215429,83.0,125.5,24,2026-10-07,"OSRM router.project-osrm.org table/v1 driving, senza traffico"
aer_venezia,"Aeroporto di Venezia Marco Polo, viale Galilei (accesso terminal)",030120,Terzo d'Aquileia,45.800278,13.346432,76.5,110.2,14,2026-10-07,"OSRM router.project-osrm.org table/v1 driving, senza traffico"
aer_venezia,"Aeroporto di Venezia Marco Polo, viale Galilei (accesso terminal)",030121,Tolmezzo,46.405891,13.015568,107.3,164.3,14,2026-10-07,"OSRM router.project-osrm.org table/v1 driving, senza traffico"
aer_venezia,"Aeroporto di Venezia Marco Polo, viale Galilei (accesso terminal)",030122,Torreano,46.130012,13.432293,106.1,137.6,19,2026-10-07,"OSRM router.project-osrm.org table/v1 driving, senza traffico"
aer_venezia,"Aeroporto di Venezia Marco Polo, viale Galilei (accesso terminal)",030123,Torviscosa,45.823273,13.274105,69.6,98.8,14,2026-10-07,"OSRM router.project-osrm.org table/v1 driving, senza traffico"
aer_venezia,"Aeroporto di Venezia Marco Polo, viale Galilei (accesso terminal)",030124,Trasaghis,46.282614,13.075559,99.0,148.7,12,2026-10-07,"OSRM router.project-osrm.org table/v1 driving, senza traffico"
aer_venezia,"Aeroporto di Venezia Marco Polo, viale Galilei (accesso terminal)",030126,Treppo Grande,46.190659,13.1571,94.4,135.6,15,2026-10-07,"OSRM router.project-osrm.org table/v1 driving, senza traffico"
aer_venezia,"Aeroporto di Venezia Marco Polo, viale Galilei (accesso terminal)",030127,Tricesimo,46.161887,13.211838,88.1,129.8,16,2026-10-07,"OSRM router.project-osrm.org table/v1 driving, senza traffico"
lubiana,"Lubiana, Prešernov trg",030084,Preone,46.395396,12.867688,145.1,200.7,20,2026-10-07,"OSRM router.project-osrm.org table/v1 driving, senza traffico"
lubiana,"Lubiana, Prešernov trg",030085,Prepotto,46.046078,13.479579,104.2,136.4,13,2026-10-07,"OSRM router.project-osrm.org table/v1 driving, senza traffico"
lubiana,"Lubiana, Prešernov trg",030086,Pulfero,46.173399,13.485387,124.8,154.3,12,2026-10-07,"OSRM router.project-osrm.org table/v1 driving, senza traffico"
lubiana,"Lubiana, Prešernov trg",030087,Ragogna,46.17763,12.97854,135.6,198.9,19,2026-10-07,"OSRM router.project-osrm.org table/v1 driving, senza traffico"
lubiana,"Lubiana, Prešernov trg",030088,Ravascletto,46.525528,12.922188,153.8,210.2,11,2026-10-07,"OSRM router.project-osrm.org table/v1 driving, senza traffico"
lubiana,"Lubiana, Prešernov trg",030089,Raveo,46.434514,12.870178,143.1,198.4,4,2026-10-07,"OSRM router.project-osrm.org table/v1 driving, senza traffico"
lubiana,"Lubiana, Prešernov trg",030090,Reana del Rojale,46.149594,13.243026,114.3,169.2,10,2026-10-07,"OSRM router.project-osrm.org table/v1 driving, senza traffico"
lubiana,"Lubiana, Prešernov trg",030091,Remanzacco,46.085242,13.324473,116.6,164.9,23,2026-10-07,"OSRM router.project-osrm.org table/v1 driving, senza traffico"
lubiana,"Lubiana, Prešernov trg",030092,Resia,46.373289,13.305097,134.0,178.3,12,2026-10-07,"OSRM router.project-osrm.org table/v1 driving, senza traffico"
lubiana,"Lubiana, Prešernov trg",030093,Resiutta,46.392967,13.220315,121.5,170.1,13,2026-10-07,"OSRM router.project-osrm.org table/v1 driving, senza traffico"
lubiana,"Lubiana, Prešernov trg",030094,Rigolato,46.54985,12.853669,157.3,212.0,17,2026-10-07,"OSRM router.project-osrm.org table/v1 driving, senza traffico"
lubiana,"Lubiana, Prešernov trg",030095,Rive d'Arcano,46.12621,13.030962,127.2,175.3,30,2026-10-07,"OSRM router.project-osrm.org table/v1 driving, senza traffico"
lubiana,"Lubiana, Prešernov trg",030097,Ronchis,45.805793,12.996037,110.1,164.5,18,2026-10-07,"OSRM router.project-osrm.org table/v1 driving, senza traffico"
lubiana,"Lubiana, Prešernov trg",030098,Ruda,45.837573,13.401455,89.0,126.3,14,2026-10-07,"OSRM router.project-osrm.org table/v1 driving, senza traffico"
lubiana,"Lubiana, Prešernov trg",030099,San Daniele del Friuli,46.161062,13.011271,134.0,196.2,12,2026-10-07,"OSRM router.project-osrm.org table/v1 driving, senza traffico"
lubiana,"Lubiana, Prešernov trg",030100,San Giorgio di Nogaro,45.833006,13.207232,100.3,147.9,15,2026-10-07,"OSRM router.project-osrm.org table/v1 driving, senza traffico"
lubiana,"Lubiana, Prešernov trg",030101,San Giovanni al Natisone,45.980799,13.404477,95.7,129.9,29,2026-10-07,"OSRM router.project-osrm.org table/v1 driving, senza traffico"
lubiana,"Lubiana, Prešernov trg",030102,San Leonardo,46.12127,13.523753,122.8,151.3,18,2026-10-07,"OSRM router.project-osrm.org table/v1 driving, senza traffico"
lubiana,"Lubiana, Prešernov trg",030103,San Pietro al Natisone,46.12647,13.48537,119.2,148.9,16,2026-10-07,"OSRM router.project-osrm.org table/v1 driving, senza traffico"
lubiana,"Lubiana, Prešernov trg",030104,Santa Maria la Longa,45.933304,13.288379,98.4,142.1,31,2026-10-07,"OSRM router.project-osrm.org table/v1 driving, senza traffico"
lubiana,"Lubiana, Prešernov trg",030105,San Vito al Torre,45.895761,13.369993,93.7,130.1,10,2026-10-07,"OSRM router.project-osrm.org table/v1 driving, senza traffico"
lubiana,"Lubiana, Prešernov trg",030106,San Vito di Fagagna,46.089044,13.057607,121.3,171.3,22,2026-10-07,"OSRM router.project-osrm.org table/v1 driving, senza traffico"
lubiana,"Lubiana, Prešernov trg",030107,Sauris,46.466628,12.708183,163.2,219.4,14,2026-10-07,"OSRM router.project-osrm.org table/v1 driving, senza traffico"
lubiana,"Lubiana, Prešernov trg",030108,Savogna,46.159418,13.53338,127.4,154.4,9,2026-10-07,"OSRM router.project-osrm.org table/v1 driving, senza traffico"
lubiana,"Lubiana, Prešernov trg",030109,Sedegliano,46.015391,12.985378,125.9,175.8,38,2026-10-07,"OSRM router.project-osrm.org table/v1 driving, senza traffico"
lubiana,"Lubiana, Prešernov trg",030110,Socchieve,46.40362,12.823243,144.1,201.6,27,2026-10-07,"OSRM router.project-osrm.org table/v1 driving, senza traffico"
lubiana,"Lubiana, Prešernov trg",030111,Stregna,46.127077,13.577669,133.2,132.0,16,2026-10-07,"OSRM router.project-osrm.org table/v1 driving, senza traffico"
lubiana,"Lubiana, Prešernov trg",030112,Sutrio,46.512281,12.990042,145.5,202.5,19,2026-10-07,"OSRM router.project-osrm.org table/v1 driving, senza traffico"
lubiana,"Lubiana, Prešernov trg",030113,Taipana,46.249693,13.34234,139.6,186.4,15,2026-10-07,"OSRM router.project-osrm.org table/v1 driving, senza traffico"
lubiana,"Lubiana, Prešernov trg",030114,Talmassons,45.930223,13.115211,110.3,153.9,32,2026-10-07,"OSRM router.project-osrm.org table/v1 driving, senza traffico"
lubiana,"Lubiana, Prešernov trg",030116,Tarcento,46.216515,13.222347,124.7,177.1,27,2026-10-07,"OSRM router.project-osrm.org table/v1 driving, senza traffico"
lubiana,"Lubiana, Prešernov trg",030117,Tarvisio,46.505124,13.577729,87.0,126.2,26,2026-10-07,"OSRM router.project-osrm.org table/v1 driving, senza traffico"
lubiana,"Lubiana, Prešernov trg",030118,Tavagnacco,46.101326,13.215429,110.4,165.6,24,2026-10-07,"OSRM router.project-osrm.org table/v1 driving, senza traffico"
lubiana,"Lubiana, Prešernov trg",030120,Terzo d'Aquileia,45.800278,13.346432,98.4,133.2,14,2026-10-07,"OSRM router.project-osrm.org table/v1 driving, senza traffico"
lubiana,"Lubiana, Prešernov trg",030121,Tolmezzo,46.405891,13.015568,127.8,186.7,14,2026-10-07,"OSRM router.project-osrm.org table/v1 driving, senza traffico"
lubiana,"Lubiana, Prešernov trg",030122,Torreano,46.130012,13.432293,120.0,149.2,19,2026-10-07,"OSRM router.project-osrm.org table/v1 driving, senza traffico"
lubiana,"Lubiana, Prešernov trg",030123,Torviscosa,45.823273,13.274105,103.5,137.6,14,2026-10-07,"OSRM router.project-osrm.org table/v1 driving, senza traffico"
lubiana,"Lubiana, Prešernov trg",030124,Trasaghis,46.282614,13.075559,126.4,188.8,12,2026-10-07,"OSRM router.project-osrm.org table/v1 driving, senza traffico"
lubiana,"Lubiana, Prešernov trg",030126,Treppo Grande,46.190659,13.1571,121.8,175.8,15,2026-10-07,"OSRM router.project-osrm.org table/v1 driving, senza traffico"
lubiana,"Lubiana, Prešernov trg",030127,Tricesimo,46.161887,13.211838,115.5,170.0,16,2026-10-07,"OSRM router.project-osrm.org table/v1 driving, senza traffico"
klagenfurt,"Klagenfurt, Neuer Platz",030084,Preone,46.395396,12.867688,103.3,140.6,20,2026-10-07,"OSRM router.project-osrm.org table/v1 driving, senza traffico"
klagenfurt,"Klagenfurt, Neuer Platz",030085,Prepotto,46.046078,13.479579,132.1,183.7,13,2026-10-07,"OSRM router.project-osrm.org table/v1 driving, senza traffico"
klagenfurt,"Klagenfurt, Neuer Platz",030086,Pulfero,46.173399,13.485387,110.3,130.4,12,2026-10-07,"OSRM router.project-osrm.org table/v1 driving, senza traffico"
klagenfurt,"Klagenfurt, Neuer Platz",030087,Ragogna,46.17763,12.97854,103.8,150.4,19,2026-10-07,"OSRM router.project-osrm.org table/v1 driving, senza traffico"
klagenfurt,"Klagenfurt, Neuer Platz",030088,Ravascletto,46.525528,12.922188,112.0,150.0,11,2026-10-07,"OSRM router.project-osrm.org table/v1 driving, senza traffico"
klagenfurt,"Klagenfurt, Neuer Platz",030089,Raveo,46.434514,12.870178,101.3,138.2,4,2026-10-07,"OSRM router.project-osrm.org table/v1 driving, senza traffico"
klagenfurt,"Klagenfurt, Neuer Platz",030090,Reana del Rojale,46.149594,13.243026,106.1,159.4,10,2026-10-07,"OSRM router.project-osrm.org table/v1 driving, senza traffico"
klagenfurt,"Klagenfurt, Neuer Platz",030091,Remanzacco,46.085242,13.324473,113.3,167.1,23,2026-10-07,"OSRM router.project-osrm.org table/v1 driving, senza traffico"
klagenfurt,"Klagenfurt, Neuer Platz",030092,Resia,46.373289,13.305097,92.2,118.1,12,2026-10-07,"OSRM router.project-osrm.org table/v1 driving, senza traffico"
klagenfurt,"Klagenfurt, Neuer Platz",030093,Resiutta,46.392967,13.220315,79.7,109.9,13,2026-10-07,"OSRM router.project-osrm.org table/v1 driving, senza traffico"
klagenfurt,"Klagenfurt, Neuer Platz",030094,Rigolato,46.54985,12.853669,115.5,151.8,17,2026-10-07,"OSRM router.project-osrm.org table/v1 driving, senza traffico"
klagenfurt,"Klagenfurt, Neuer Platz",030095,Rive d'Arcano,46.12621,13.030962,109.4,153.7,30,2026-10-07,"OSRM router.project-osrm.org table/v1 driving, senza traffico"
klagenfurt,"Klagenfurt, Neuer Platz",030097,Ronchis,45.805793,12.996037,131.0,205.3,18,2026-10-07,"OSRM router.project-osrm.org table/v1 driving, senza traffico"
klagenfurt,"Klagenfurt, Neuer Platz",030098,Ruda,45.837573,13.401455,127.1,196.7,14,2026-10-07,"OSRM router.project-osrm.org table/v1 driving, senza traffico"
klagenfurt,"Klagenfurt, Neuer Platz",030099,San Daniele del Friuli,46.161062,13.011271,102.1,147.8,12,2026-10-07,"OSRM router.project-osrm.org table/v1 driving, senza traffico"
klagenfurt,"Klagenfurt, Neuer Platz",030100,San Giorgio di Nogaro,45.833006,13.207232,121.3,188.8,15,2026-10-07,"OSRM router.project-osrm.org table/v1 driving, senza traffico"
klagenfurt,"Klagenfurt, Neuer Platz",030101,San Giovanni al Natisone,45.980799,13.404477,127.2,181.7,29,2026-10-07,"OSRM router.project-osrm.org table/v1 driving, senza traffico"
klagenfurt,"Klagenfurt, Neuer Platz",030102,San Leonardo,46.12127,13.523753,124.5,140.9,18,2026-10-07,"OSRM router.project-osrm.org table/v1 driving, senza traffico"
klagenfurt,"Klagenfurt, Neuer Platz",030103,San Pietro al Natisone,46.12647,13.48537,116.8,136.0,16,2026-10-07,"OSRM router.project-osrm.org table/v1 driving, senza traffico"
klagenfurt,"Klagenfurt, Neuer Platz",030104,Santa Maria la Longa,45.933304,13.288379,121.3,185.8,31,2026-10-07,"OSRM router.project-osrm.org table/v1 driving, senza traffico"
klagenfurt,"Klagenfurt, Neuer Platz",030105,San Vito al Torre,45.895761,13.369993,121.5,185.8,10,2026-10-07,"OSRM router.project-osrm.org table/v1 driving, senza traffico"
klagenfurt,"Klagenfurt, Neuer Platz",030106,San Vito di Fagagna,46.089044,13.057607,114.1,156.7,22,2026-10-07,"OSRM router.project-osrm.org table/v1 driving, senza traffico"
klagenfurt,"Klagenfurt, Neuer Platz",030107,Sauris,46.466628,12.708183,121.4,159.2,14,2026-10-07,"OSRM router.project-osrm.org table/v1 driving, senza traffico"
klagenfurt,"Klagenfurt, Neuer Platz",030108,Savogna,46.159418,13.53338,116.9,130.9,9,2026-10-07,"OSRM router.project-osrm.org table/v1 driving, senza traffico"
klagenfurt,"Klagenfurt, Neuer Platz",030109,Sedegliano,46.015391,12.985378,122.7,166.5,38,2026-10-07,"OSRM router.project-osrm.org table/v1 driving, senza traffico"
klagenfurt,"Klagenfurt, Neuer Platz",030110,Socchieve,46.40362,12.823243,102.3,141.4,27,2026-10-07,"OSRM router.project-osrm.org table/v1 driving, senza traffico"
klagenfurt,"Klagenfurt, Neuer Platz",030111,Stregna,46.127077,13.577669,134.5,146.6,16,2026-10-07,"OSRM router.project-osrm.org table/v1 driving, senza traffico"
klagenfurt,"Klagenfurt, Neuer Platz",030112,Sutrio,46.512281,12.990042,103.7,142.3,19,2026-10-07,"OSRM router.project-osrm.org table/v1 driving, senza traffico"
klagenfurt,"Klagenfurt, Neuer Platz",030113,Taipana,46.249693,13.34234,123.3,161.6,15,2026-10-07,"OSRM router.project-osrm.org table/v1 driving, senza traffico"
klagenfurt,"Klagenfurt, Neuer Platz",030114,Talmassons,45.930223,13.115211,124.3,182.8,32,2026-10-07,"OSRM router.project-osrm.org table/v1 driving, senza traffico"
klagenfurt,"Klagenfurt, Neuer Platz",030116,Tarcento,46.216515,13.222347,100.1,146.0,27,2026-10-07,"OSRM router.project-osrm.org table/v1 driving, senza traffico"
klagenfurt,"Klagenfurt, Neuer Platz",030117,Tarvisio,46.505124,13.577729,45.2,66.0,26,2026-10-07,"OSRM router.project-osrm.org table/v1 driving, senza traffico"
klagenfurt,"Klagenfurt, Neuer Platz",030118,Tavagnacco,46.101326,13.215429,102.2,155.8,24,2026-10-07,"OSRM router.project-osrm.org table/v1 driving, senza traffico"
klagenfurt,"Klagenfurt, Neuer Platz",030120,Terzo d'Aquileia,45.800278,13.346432,125.3,191.6,14,2026-10-07,"OSRM router.project-osrm.org table/v1 driving, senza traffico"
klagenfurt,"Klagenfurt, Neuer Platz",030121,Tolmezzo,46.405891,13.015568,86.0,126.5,14,2026-10-07,"OSRM router.project-osrm.org table/v1 driving, senza traffico"
klagenfurt,"Klagenfurt, Neuer Platz",030122,Torreano,46.130012,13.432293,127.7,174.5,19,2026-10-07,"OSRM router.project-osrm.org table/v1 driving, senza traffico"
klagenfurt,"Klagenfurt, Neuer Platz",030123,Torviscosa,45.823273,13.274105,126.6,189.8,14,2026-10-07,"OSRM router.project-osrm.org table/v1 driving, senza traffico"
klagenfurt,"Klagenfurt, Neuer Platz",030124,Trasaghis,46.282614,13.075559,94.6,140.4,12,2026-10-07,"OSRM router.project-osrm.org table/v1 driving, senza traffico"
klagenfurt,"Klagenfurt, Neuer Platz",030126,Treppo Grande,46.190659,13.1571,98.5,144.6,15,2026-10-07,"OSRM router.project-osrm.org table/v1 driving, senza traffico"
klagenfurt,"Klagenfurt, Neuer Platz",030127,Tricesimo,46.161887,13.211838,104.2,149.5,16,2026-10-07,"OSRM router.project-osrm.org table/v1 driving, senza traffico"
vienna,"Vienna, Stephansplatz",030084,Preone,46.395396,12.867688,313.8,434.5,20,2026-10-07,"OSRM router.project-osrm.org table/v1 driving, senza traffico"
vienna,"Vienna, Stephansplatz",030085,Prepotto,46.046078,13.479579,342.6,477.7,13,2026-10-07,"OSRM router.project-osrm.org table/v1 driving, senza traffico"
vienna,"Vienna, Stephansplatz",030086,Pulfero,46.173399,13.485387,320.8,424.4,12,2026-10-07,"OSRM router.project-osrm.org table/v1 driving, senza traffico"
vienna,"Vienna, Stephansplatz",030087,Ragogna,46.17763,12.97854,314.4,444.4,19,2026-10-07,"OSRM router.project-osrm.org table/v1 driving, senza traffico"
vienna,"Vienna, Stephansplatz",030088,Ravascletto,46.525528,12.922188,322.6,444.0,11,2026-10-07,"OSRM router.project-osrm.org table/v1 driving, senza traffico"
vienna,"Vienna, Stephansplatz",030089,Raveo,46.434514,12.870178,311.9,432.2,4,2026-10-07,"OSRM router.project-osrm.org table/v1 driving, senza traffico"
vienna,"Vienna, Stephansplatz",030090,Reana del Rojale,46.149594,13.243026,316.7,453.4,10,2026-10-07,"OSRM router.project-osrm.org table/v1 driving, senza traffico"
vienna,"Vienna, Stephansplatz",030091,Remanzacco,46.085242,13.324473,323.8,461.1,23,2026-10-07,"OSRM router.project-osrm.org table/v1 driving, senza traffico"
vienna,"Vienna, Stephansplatz",030092,Resia,46.373289,13.305097,302.8,412.1,12,2026-10-07,"OSRM router.project-osrm.org table/v1 driving, senza traffico"
vienna,"Vienna, Stephansplatz",030093,Resiutta,46.392967,13.220315,290.2,403.9,13,2026-10-07,"OSRM router.project-osrm.org table/v1 driving, senza traffico"
vienna,"Vienna, Stephansplatz",030094,Rigolato,46.54985,12.853669,326.1,445.7,17,2026-10-07,"OSRM router.project-osrm.org table/v1 driving, senza traffico"
vienna,"Vienna, Stephansplatz",030095,Rive d'Arcano,46.12621,13.030962,319.9,447.7,30,2026-10-07,"OSRM router.project-osrm.org table/v1 driving, senza traffico"
vienna,"Vienna, Stephansplatz",030097,Ronchis,45.805793,12.996037,341.6,499.3,18,2026-10-07,"OSRM router.project-osrm.org table/v1 driving, senza traffico"
vienna,"Vienna, Stephansplatz",030098,Ruda,45.837573,13.401455,327.4,503.2,14,2026-10-07,"OSRM router.project-osrm.org table/v1 driving, senza traffico"
vienna,"Vienna, Stephansplatz",030099,San Daniele del Friuli,46.161062,13.011271,312.7,441.7,12,2026-10-07,"OSRM router.project-osrm.org table/v1 driving, senza traffico"
vienna,"Vienna, Stephansplatz",030100,San Giorgio di Nogaro,45.833006,13.207232,331.8,482.7,15,2026-10-07,"OSRM router.project-osrm.org table/v1 driving, senza traffico"
vienna,"Vienna, Stephansplatz",030101,San Giovanni al Natisone,45.980799,13.404477,334.1,506.8,29,2026-10-07,"OSRM router.project-osrm.org table/v1 driving, senza traffico"
vienna,"Vienna, Stephansplatz",030102,San Leonardo,46.12127,13.523753,335.1,434.9,18,2026-10-07,"OSRM router.project-osrm.org table/v1 driving, senza traffico"
vienna,"Vienna, Stephansplatz",030103,San Pietro al Natisone,46.12647,13.48537,327.4,429.9,16,2026-10-07,"OSRM router.project-osrm.org table/v1 driving, senza traffico"
vienna,"Vienna, Stephansplatz",030104,Santa Maria la Longa,45.933304,13.288379,331.9,479.8,31,2026-10-07,"OSRM router.project-osrm.org table/v1 driving, senza traffico"
vienna,"Vienna, Stephansplatz",030105,San Vito al Torre,45.895761,13.369993,332.1,479.8,10,2026-10-07,"OSRM router.project-osrm.org table/v1 driving, senza traffico"
vienna,"Vienna, Stephansplatz",030106,San Vito di Fagagna,46.089044,13.057607,324.7,450.6,22,2026-10-07,"OSRM router.project-osrm.org table/v1 driving, senza traffico"
vienna,"Vienna, Stephansplatz",030107,Sauris,46.466628,12.708183,332.0,453.2,14,2026-10-07,"OSRM router.project-osrm.org table/v1 driving, senza traffico"
vienna,"Vienna, Stephansplatz",030108,Savogna,46.159418,13.53338,327.5,424.8,9,2026-10-07,"OSRM router.project-osrm.org table/v1 driving, senza traffico"
vienna,"Vienna, Stephansplatz",030109,Sedegliano,46.015391,12.985378,333.3,460.5,38,2026-10-07,"OSRM router.project-osrm.org table/v1 driving, senza traffico"
vienna,"Vienna, Stephansplatz",030110,Socchieve,46.40362,12.823243,312.8,435.3,27,2026-10-07,"OSRM router.project-osrm.org table/v1 driving, senza traffico"
vienna,"Vienna, Stephansplatz",030111,Stregna,46.127077,13.577669,345.0,440.6,16,2026-10-07,"OSRM router.project-osrm.org table/v1 driving, senza traffico"
vienna,"Vienna, Stephansplatz",030112,Sutrio,46.512281,12.990042,314.2,436.3,19,2026-10-07,"OSRM router.project-osrm.org table/v1 driving, senza traffico"
vienna,"Vienna, Stephansplatz",030113,Taipana,46.249693,13.34234,333.9,455.5,15,2026-10-07,"OSRM router.project-osrm.org table/v1 driving, senza traffico"
vienna,"Vienna, Stephansplatz",030114,Talmassons,45.930223,13.115211,334.9,476.8,32,2026-10-07,"OSRM router.project-osrm.org table/v1 driving, senza traffico"
vienna,"Vienna, Stephansplatz",030116,Tarcento,46.216515,13.222347,310.6,440.0,27,2026-10-07,"OSRM router.project-osrm.org table/v1 driving, senza traffico"
vienna,"Vienna, Stephansplatz",030117,Tarvisio,46.505124,13.577729,255.8,360.0,26,2026-10-07,"OSRM router.project-osrm.org table/v1 driving, senza traffico"
vienna,"Vienna, Stephansplatz",030118,Tavagnacco,46.101326,13.215429,312.8,449.8,24,2026-10-07,"OSRM router.project-osrm.org table/v1 driving, senza traffico"
vienna,"Vienna, Stephansplatz",030120,Terzo d'Aquileia,45.800278,13.346432,335.9,485.6,14,2026-10-07,"OSRM router.project-osrm.org table/v1 driving, senza traffico"
vienna,"Vienna, Stephansplatz",030121,Tolmezzo,46.405891,13.015568,296.5,420.5,14,2026-10-07,"OSRM router.project-osrm.org table/v1 driving, senza traffico"
vienna,"Vienna, Stephansplatz",030122,Torreano,46.130012,13.432293,338.3,468.5,19,2026-10-07,"OSRM router.project-osrm.org table/v1 driving, senza traffico"
vienna,"Vienna, Stephansplatz",030123,Torviscosa,45.823273,13.274105,337.1,483.8,14,2026-10-07,"OSRM router.project-osrm.org table/v1 driving, senza traffico"
vienna,"Vienna, Stephansplatz",030124,Trasaghis,46.282614,13.075559,305.2,434.3,12,2026-10-07,"OSRM router.project-osrm.org table/v1 driving, senza traffico"
vienna,"Vienna, Stephansplatz",030126,Treppo Grande,46.190659,13.1571,309.0,438.6,15,2026-10-07,"OSRM router.project-osrm.org table/v1 driving, senza traffico"
vienna,"Vienna, Stephansplatz",030127,Tricesimo,46.161887,13.211838,314.7,443.5,16,2026-10-07,"OSRM router.project-osrm.org table/v1 driving, senza traffico"
monaco,"Monaco di Baviera, Marienplatz",030084,Preone,46.395396,12.867688,284.4,422.7,20,2026-10-07,"OSRM router.project-osrm.org table/v1 driving, senza traffico"
monaco,"Monaco di Baviera, Marienplatz",030085,Prepotto,46.046078,13.479579,313.2,465.9,13,2026-10-07,"OSRM router.project-osrm.org table/v1 driving, senza traffico"
monaco,"Monaco di Baviera, Marienplatz",030086,Pulfero,46.173399,13.485387,291.4,412.6,12,2026-10-07,"OSRM router.project-osrm.org table/v1 driving, senza traffico"
monaco,"Monaco di Baviera, Marienplatz",030087,Ragogna,46.17763,12.97854,284.9,432.5,19,2026-10-07,"OSRM router.project-osrm.org table/v1 driving, senza traffico"
monaco,"Monaco di Baviera, Marienplatz",030088,Ravascletto,46.525528,12.922188,258.7,291.2,11,2026-10-07,"OSRM router.project-osrm.org table/v1 driving, senza traffico"
monaco,"Monaco di Baviera, Marienplatz",030089,Raveo,46.434514,12.870178,279.1,307.3,4,2026-10-07,"OSRM router.project-osrm.org table/v1 driving, senza traffico"
monaco,"Monaco di Baviera, Marienplatz",030090,Reana del Rojale,46.149594,13.243026,287.2,441.6,10,2026-10-07,"OSRM router.project-osrm.org table/v1 driving, senza traffico"
monaco,"Monaco di Baviera, Marienplatz",030091,Remanzacco,46.085242,13.324473,294.4,449.2,23,2026-10-07,"OSRM router.project-osrm.org table/v1 driving, senza traffico"
monaco,"Monaco di Baviera, Marienplatz",030092,Resia,46.373289,13.305097,273.3,400.3,12,2026-10-07,"OSRM router.project-osrm.org table/v1 driving, senza traffico"
monaco,"Monaco di Baviera, Marienplatz",030093,Resiutta,46.392967,13.220315,260.8,392.1,13,2026-10-07,"OSRM router.project-osrm.org table/v1 driving, senza traffico"
monaco,"Monaco di Baviera, Marienplatz",030094,Rigolato,46.54985,12.853669,270.0,301.9,17,2026-10-07,"OSRM router.project-osrm.org table/v1 driving, senza traffico"
monaco,"Monaco di Baviera, Marienplatz",030095,Rive d'Arcano,46.12621,13.030962,290.5,435.8,30,2026-10-07,"OSRM router.project-osrm.org table/v1 driving, senza traffico"
monaco,"Monaco di Baviera, Marienplatz",030097,Ronchis,45.805793,12.996037,312.2,487.4,18,2026-10-07,"OSRM router.project-osrm.org table/v1 driving, senza traffico"
monaco,"Monaco di Baviera, Marienplatz",030098,Ruda,45.837573,13.401455,308.2,478.9,14,2026-10-07,"OSRM router.project-osrm.org table/v1 driving, senza traffico"
monaco,"Monaco di Baviera, Marienplatz",030099,San Daniele del Friuli,46.161062,13.011271,283.3,429.9,12,2026-10-07,"OSRM router.project-osrm.org table/v1 driving, senza traffico"
monaco,"Monaco di Baviera, Marienplatz",030100,San Giorgio di Nogaro,45.833006,13.207232,302.4,470.9,15,2026-10-07,"OSRM router.project-osrm.org table/v1 driving, senza traffico"
monaco,"Monaco di Baviera, Marienplatz",030101,San Giovanni al Natisone,45.980799,13.404477,308.3,463.9,29,2026-10-07,"OSRM router.project-osrm.org table/v1 driving, senza traffico"
monaco,"Monaco di Baviera, Marienplatz",030102,San Leonardo,46.12127,13.523753,305.6,423.0,18,2026-10-07,"OSRM router.project-osrm.org table/v1 driving, senza traffico"
monaco,"Monaco di Baviera, Marienplatz",030103,San Pietro al Natisone,46.12647,13.48537,298.0,418.1,16,2026-10-07,"OSRM router.project-osrm.org table/v1 driving, senza traffico"
monaco,"Monaco di Baviera, Marienplatz",030104,Santa Maria la Longa,45.933304,13.288379,302.5,467.9,31,2026-10-07,"OSRM router.project-osrm.org table/v1 driving, senza traffico"
monaco,"Monaco di Baviera, Marienplatz",030105,San Vito al Torre,45.895761,13.369993,302.6,468.0,10,2026-10-07,"OSRM router.project-osrm.org table/v1 driving, senza traffico"
monaco,"Monaco di Baviera, Marienplatz",030106,San Vito di Fagagna,46.089044,13.057607,295.3,438.8,22,2026-10-07,"OSRM router.project-osrm.org table/v1 driving, senza traffico"
monaco,"Monaco di Baviera, Marienplatz",030107,Sauris,46.466628,12.708183,302.6,441.4,14,2026-10-07,"OSRM router.project-osrm.org table/v1 driving, senza traffico"
monaco,"Monaco di Baviera, Marienplatz",030108,Savogna,46.159418,13.53338,298.0,413.0,9,2026-10-07,"OSRM router.project-osrm.org table/v1 driving, senza traffico"
monaco,"Monaco di Baviera, Marienplatz",030109,Sedegliano,46.015391,12.985378,303.8,448.7,38,2026-10-07,"OSRM router.project-osrm.org table/v1 driving, senza traffico"
monaco,"Monaco di Baviera, Marienplatz",030110,Socchieve,46.40362,12.823243,283.4,423.5,27,2026-10-07,"OSRM router.project-osrm.org table/v1 driving, senza traffico"
monaco,"Monaco di Baviera, Marienplatz",030111,Stregna,46.127077,13.577669,315.6,428.7,16,2026-10-07,"OSRM router.project-osrm.org table/v1 driving, senza traffico"
monaco,"Monaco di Baviera, Marienplatz",030112,Sutrio,46.512281,12.990042,252.1,285.4,19,2026-10-07,"OSRM router.project-osrm.org table/v1 driving, senza traffico"
monaco,"Monaco di Baviera, Marienplatz",030113,Taipana,46.249693,13.34234,304.5,443.7,15,2026-10-07,"OSRM router.project-osrm.org table/v1 driving, senza traffico"
monaco,"Monaco di Baviera, Marienplatz",030114,Talmassons,45.930223,13.115211,305.5,464.9,32,2026-10-07,"OSRM router.project-osrm.org table/v1 driving, senza traffico"
monaco,"Monaco di Baviera, Marienplatz",030116,Tarcento,46.216515,13.222347,281.2,428.1,27,2026-10-07,"OSRM router.project-osrm.org table/v1 driving, senza traffico"
monaco,"Monaco di Baviera, Marienplatz",030117,Tarvisio,46.505124,13.577729,226.4,348.1,26,2026-10-07,"OSRM router.project-osrm.org table/v1 driving, senza traffico"
monaco,"Monaco di Baviera, Marienplatz",030118,Tavagnacco,46.101326,13.215429,283.4,438.0,24,2026-10-07,"OSRM router.project-osrm.org table/v1 driving, senza traffico"
monaco,"Monaco di Baviera, Marienplatz",030120,Terzo d'Aquileia,45.800278,13.346432,306.5,473.7,14,2026-10-07,"OSRM router.project-osrm.org table/v1 driving, senza traffico"
monaco,"Monaco di Baviera, Marienplatz",030121,Tolmezzo,46.405891,13.015568,267.1,408.7,14,2026-10-07,"OSRM router.project-osrm.org table/v1 driving, senza traffico"
monaco,"Monaco di Baviera, Marienplatz",030122,Torreano,46.130012,13.432293,308.8,456.6,19,2026-10-07,"OSRM router.project-osrm.org table/v1 driving, senza traffico"
monaco,"Monaco di Baviera, Marienplatz",030123,Torviscosa,45.823273,13.274105,307.7,472.0,14,2026-10-07,"OSRM router.project-osrm.org table/v1 driving, senza traffico"
monaco,"Monaco di Baviera, Marienplatz",030124,Trasaghis,46.282614,13.075559,275.8,422.5,12,2026-10-07,"OSRM router.project-osrm.org table/v1 driving, senza traffico"
monaco,"Monaco di Baviera, Marienplatz",030126,Treppo Grande,46.190659,13.1571,279.6,426.8,15,2026-10-07,"OSRM router.project-osrm.org table/v1 driving, senza traffico"
monaco,"Monaco di Baviera, Marienplatz",030127,Tricesimo,46.161887,13.211838,285.3,431.7,16,2026-10-07,"OSRM router.project-osrm.org table/v1 driving, senza traffico"
salisburgo,"Salisburgo, Residenzplatz",030084,Preone,46.395396,12.867688,205.4,291.1,20,2026-10-07,"OSRM router.project-osrm.org table/v1 driving, senza traffico"
salisburgo,"Salisburgo, Residenzplatz",030085,Prepotto,46.046078,13.479579,234.1,334.3,13,2026-10-07,"OSRM router.project-osrm.org table/v1 driving, senza traffico"
salisburgo,"Salisburgo, Residenzplatz",030086,Pulfero,46.173399,13.485387,212.4,281.0,12,2026-10-07,"OSRM router.project-osrm.org table/v1 driving, senza traffico"
salisburgo,"Salisburgo, Residenzplatz",030087,Ragogna,46.17763,12.97854,205.9,301.0,19,2026-10-07,"OSRM router.project-osrm.org table/v1 driving, senza traffico"
salisburgo,"Salisburgo, Residenzplatz",030088,Ravascletto,46.525528,12.922188,195.5,239.7,11,2026-10-07,"OSRM router.project-osrm.org table/v1 driving, senza traffico"
salisburgo,"Salisburgo, Residenzplatz",030089,Raveo,46.434514,12.870178,203.4,288.8,4,2026-10-07,"OSRM router.project-osrm.org table/v1 driving, senza traffico"
salisburgo,"Salisburgo, Residenzplatz",030090,Reana del Rojale,46.149594,13.243026,208.2,310.0,10,2026-10-07,"OSRM router.project-osrm.org table/v1 driving, senza traffico"
salisburgo,"Salisburgo, Residenzplatz",030091,Remanzacco,46.085242,13.324473,215.4,317.7,23,2026-10-07,"OSRM router.project-osrm.org table/v1 driving, senza traffico"
salisburgo,"Salisburgo, Residenzplatz",030092,Resia,46.373289,13.305097,194.3,268.7,12,2026-10-07,"OSRM router.project-osrm.org table/v1 driving, senza traffico"
salisburgo,"Salisburgo, Residenzplatz",030093,Resiutta,46.392967,13.220315,181.7,260.5,13,2026-10-07,"OSRM router.project-osrm.org table/v1 driving, senza traffico"
salisburgo,"Salisburgo, Residenzplatz",030094,Rigolato,46.54985,12.853669,206.7,250.4,17,2026-10-07,"OSRM router.project-osrm.org table/v1 driving, senza traffico"
salisburgo,"Salisburgo, Residenzplatz",030095,Rive d'Arcano,46.12621,13.030962,211.5,304.3,30,2026-10-07,"OSRM router.project-osrm.org table/v1 driving, senza traffico"
salisburgo,"Salisburgo, Residenzplatz",030097,Ronchis,45.805793,12.996037,233.1,355.9,18,2026-10-07,"OSRM router.project-osrm.org table/v1 driving, senza traffico"
salisburgo,"Salisburgo, Residenzplatz",030098,Ruda,45.837573,13.401455,229.2,347.3,14,2026-10-07,"OSRM router.project-osrm.org table/v1 driving, senza traffico"
salisburgo,"Salisburgo, Residenzplatz",030099,San Daniele del Friuli,46.161062,13.011271,204.2,298.3,12,2026-10-07,"OSRM router.project-osrm.org table/v1 driving, senza traffico"
salisburgo,"Salisburgo, Residenzplatz",030100,San Giorgio di Nogaro,45.833006,13.207232,223.3,339.4,15,2026-10-07,"OSRM router.project-osrm.org table/v1 driving, senza traffico"
salisburgo,"Salisburgo, Residenzplatz",030101,San Giovanni al Natisone,45.980799,13.404477,229.3,332.3,29,2026-10-07,"OSRM router.project-osrm.org table/v1 driving, senza traffico"
salisburgo,"Salisburgo, Residenzplatz",030102,San Leonardo,46.12127,13.523753,226.6,291.5,18,2026-10-07,"OSRM router.project-osrm.org table/v1 driving, senza traffico"
salisburgo,"Salisburgo, Residenzplatz",030103,San Pietro al Natisone,46.12647,13.48537,218.9,286.6,16,2026-10-07,"OSRM router.project-osrm.org table/v1 driving, senza traffico"
salisburgo,"Salisburgo, Residenzplatz",030104,Santa Maria la Longa,45.933304,13.288379,223.4,336.4,31,2026-10-07,"OSRM router.project-osrm.org table/v1 driving, senza traffico"
salisburgo,"Salisburgo, Residenzplatz",030105,San Vito al Torre,45.895761,13.369993,223.6,336.4,10,2026-10-07,"OSRM router.project-osrm.org table/v1 driving, senza traffico"
salisburgo,"Salisburgo, Residenzplatz",030106,San Vito di Fagagna,46.089044,13.057607,216.2,307.2,22,2026-10-07,"OSRM router.project-osrm.org table/v1 driving, senza traffico"
salisburgo,"Salisburgo, Residenzplatz",030107,Sauris,46.466628,12.708183,223.5,309.8,14,2026-10-07,"OSRM router.project-osrm.org table/v1 driving, senza traffico"
salisburgo,"Salisburgo, Residenzplatz",030108,Savogna,46.159418,13.53338,219.0,281.4,9,2026-10-07,"OSRM router.project-osrm.org table/v1 driving, senza traffico"
salisburgo,"Salisburgo, Residenzplatz",030109,Sedegliano,46.015391,12.985378,224.8,317.1,38,2026-10-07,"OSRM router.project-osrm.org table/v1 driving, senza traffico"
salisburgo,"Salisburgo, Residenzplatz",030110,Socchieve,46.40362,12.823243,204.4,292.0,27,2026-10-07,"OSRM router.project-osrm.org table/v1 driving, senza traffico"
salisburgo,"Salisburgo, Residenzplatz",030111,Stregna,46.127077,13.577669,236.6,297.2,16,2026-10-07,"OSRM router.project-osrm.org table/v1 driving, senza traffico"
salisburgo,"Salisburgo, Residenzplatz",030112,Sutrio,46.512281,12.990042,188.9,233.8,19,2026-10-07,"OSRM router.project-osrm.org table/v1 driving, senza traffico"
salisburgo,"Salisburgo, Residenzplatz",030113,Taipana,46.249693,13.34234,225.4,312.2,15,2026-10-07,"OSRM router.project-osrm.org table/v1 driving, senza traffico"
salisburgo,"Salisburgo, Residenzplatz",030114,Talmassons,45.930223,13.115211,226.4,333.4,32,2026-10-07,"OSRM router.project-osrm.org table/v1 driving, senza traffico"
salisburgo,"Salisburgo, Residenzplatz",030116,Tarcento,46.216515,13.222347,202.1,296.6,27,2026-10-07,"OSRM router.project-osrm.org table/v1 driving, senza traffico"
salisburgo,"Salisburgo, Residenzplatz",030117,Tarvisio,46.505124,13.577729,147.3,216.6,26,2026-10-07,"OSRM router.project-osrm.org table/v1 driving, senza traffico"
salisburgo,"Salisburgo, Residenzplatz",030118,Tavagnacco,46.101326,13.215429,204.3,306.4,24,2026-10-07,"OSRM router.project-osrm.org table/v1 driving, senza traffico"
salisburgo,"Salisburgo, Residenzplatz",030120,Terzo d'Aquileia,45.800278,13.346432,227.4,342.2,14,2026-10-07,"OSRM router.project-osrm.org table/v1 driving, senza traffico"
salisburgo,"Salisburgo, Residenzplatz",030121,Tolmezzo,46.405891,13.015568,188.0,277.1,14,2026-10-07,"OSRM router.project-osrm.org table/v1 driving, senza traffico"
salisburgo,"Salisburgo, Residenzplatz",030122,Torreano,46.130012,13.432293,229.8,325.1,19,2026-10-07,"OSRM router.project-osrm.org table/v1 driving, senza traffico"
salisburgo,"Salisburgo, Residenzplatz",030123,Torviscosa,45.823273,13.274105,228.6,340.4,14,2026-10-07,"OSRM router.project-osrm.org table/v1 driving, senza traffico"
salisburgo,"Salisburgo, Residenzplatz",030124,Trasaghis,46.282614,13.075559,196.7,291.0,12,2026-10-07,"OSRM router.project-osrm.org table/v1 driving, senza traffico"
salisburgo,"Salisburgo, Residenzplatz",030126,Treppo Grande,46.190659,13.1571,200.5,295.2,15,2026-10-07,"OSRM router.project-osrm.org table/v1 driving, senza traffico"
salisburgo,"Salisburgo, Residenzplatz",030127,Tricesimo,46.161887,13.211838,206.2,300.1,16,2026-10-07,"OSRM router.project-osrm.org table/v1 driving, senza traffico"
trieste,"Trieste, Piazza Unità d'Italia",030128,Trivignano Udinese,45.946056,13.340332,53.9,59.4,9,2026-10-07,"OSRM router.project-osrm.org table/v1 driving, senza traffico"
trieste,"Trieste, Piazza Unità d'Italia",030129,Udine,46.062888,13.235295,60.9,74.1,56,2026-10-07,"OSRM router.project-osrm.org table/v1 driving, senza traffico"
trieste,"Trieste, Piazza Unità d'Italia",030130,Varmo,45.886923,12.988075,72.8,89.3,16,2026-10-07,"OSRM router.project-osrm.org table/v1 driving, senza traffico"
trieste,"Trieste, Piazza Unità d'Italia",030131,Venzone,46.333643,13.139082,82.2,108.6,15,2026-10-07,"OSRM router.project-osrm.org table/v1 driving, senza traffico"
trieste,"Trieste, Piazza Unità d'Italia",030132,Verzegnis,46.389844,12.993745,88.6,121.9,18,2026-10-07,"OSRM router.project-osrm.org table/v1 driving, senza traffico"
trieste,"Trieste, Piazza Unità d'Italia",030133,Villa Santina,46.415487,12.92394,94.3,126.4,6,2026-10-07,"OSRM router.project-osrm.org table/v1 driving, senza traffico"
trieste,"Trieste, Piazza Unità d'Italia",030135,Visco,45.892082,13.347469,48.9,56.7,10,2026-10-07,"OSRM router.project-osrm.org table/v1 driving, senza traffico"
trieste,"Trieste, Piazza Unità d'Italia",030136,Zuglio,46.460816,13.026158,95.8,128.5,12,2026-10-07,"OSRM router.project-osrm.org table/v1 driving, senza traffico"
trieste,"Trieste, Piazza Unità d'Italia",030137,Forgaria nel Friuli,46.22412,12.968501,89.2,115.0,15,2026-10-07,"OSRM router.project-osrm.org table/v1 driving, senza traffico"
trieste,"Trieste, Piazza Unità d'Italia",030138,Campolongo Tapogliano,45.864112,13.394133,47.9,48.5,26,2026-10-07,"OSRM router.project-osrm.org table/v1 driving, senza traffico"
trieste,"Trieste, Piazza Unità d'Italia",030188,Rivignano Teor,45.874273,13.041142,71.3,88.0,20,2026-10-07,"OSRM router.project-osrm.org table/v1 driving, senza traffico"
trieste,"Trieste, Piazza Unità d'Italia",030189,Sappada,46.566001,12.683955,139.8,163.8,10,2026-10-07,"OSRM router.project-osrm.org table/v1 driving, senza traffico"
trieste,"Trieste, Piazza Unità d'Italia",030190,Fiumicello Villa Vicentina,45.790608,13.409463,48.7,46.8,36,2026-10-07,"OSRM router.project-osrm.org table/v1 driving, senza traffico"
trieste,"Trieste, Piazza Unità d'Italia",030191,Treppo Ligosullo,46.533954,13.043084,108.0,139.0,22,2026-10-07,"OSRM router.project-osrm.org table/v1 driving, senza traffico"
trieste,"Trieste, Piazza Unità d'Italia",031001,Capriva del Friuli,45.941736,13.514124,52.1,56.1,15,2026-10-07,"OSRM router.project-osrm.org table/v1 driving, senza traffico"
trieste,"Trieste, Piazza Unità d'Italia",031002,Cormons,45.960441,13.473596,53.1,56.9,33,2026-10-07,"OSRM router.project-osrm.org table/v1 driving, senza traffico"
trieste,"Trieste, Piazza Unità d'Italia",031003,Doberdò del Lago,45.844407,13.539869,41.1,37.7,12,2026-10-07,"OSRM router.project-osrm.org table/v1 driving, senza traffico"
trieste,"Trieste, Piazza Unità d'Italia",031004,Dolegna del Collio,46.031663,13.479284,64.7,66.6,16,2026-10-07,"OSRM router.project-osrm.org table/v1 driving, senza traffico"
trieste,"Trieste, Piazza Unità d'Italia",031005,Farra d'Isonzo,45.907389,13.518017,49.1,47.2,18,2026-10-07,"OSRM router.project-osrm.org table/v1 driving, senza traffico"
trieste,"Trieste, Piazza Unità d'Italia",031006,Fogliano Redipuglia,45.866489,13.481002,39.5,40.7,13,2026-10-07,"OSRM router.project-osrm.org table/v1 driving, senza traffico"
trieste,"Trieste, Piazza Unità d'Italia",031007,Gorizia,45.9352,13.6193,50.9,45.5,65,2026-10-07,"OSRM router.project-osrm.org table/v1 driving, senza traffico"
trieste,"Trieste, Piazza Unità d'Italia",031008,Gradisca d'Isonzo,45.889092,13.50388,45.6,44.5,23,2026-10-07,"OSRM router.project-osrm.org table/v1 driving, senza traffico"
trieste,"Trieste, Piazza Unità d'Italia",031009,Grado,45.67521,13.386509,62.0,55.2,22,2026-10-07,"OSRM router.project-osrm.org table/v1 driving, senza traffico"
trieste,"Trieste, Piazza Unità d'Italia",031010,Mariano del Friuli,45.917913,13.458528,45.3,50.6,14,2026-10-07,"OSRM router.project-osrm.org table/v1 driving, senza traffico"
trieste,"Trieste, Piazza Unità d'Italia",031011,Medea,45.917082,13.423527,46.9,48.6,15,2026-10-07,"OSRM router.project-osrm.org table/v1 driving, senza traffico"
trieste,"Trieste, Piazza Unità d'Italia",031012,Monfalcone,45.809243,13.533109,32.6,31.0,62,2026-10-07,"OSRM router.project-osrm.org table/v1 driving, senza traffico"
trieste,"Trieste, Piazza Unità d'Italia",031013,Moraro,45.930364,13.495069,48.5,53.9,24,2026-10-07,"OSRM router.project-osrm.org table/v1 driving, senza traffico"
trieste,"Trieste, Piazza Unità d'Italia",031014,Mossa,45.938304,13.547759,53.8,57.7,9,2026-10-07,"OSRM router.project-osrm.org table/v1 driving, senza traffico"
trieste,"Trieste, Piazza Unità d'Italia",031015,Romans d'Isonzo,45.890705,13.439262,41.8,44.9,17,2026-10-07,"OSRM router.project-osrm.org table/v1 driving, senza traffico"
trieste,"Trieste, Piazza Unità d'Italia",031016,Ronchi dei Legionari,45.827808,13.501845,36.3,38.6,2,2026-10-07,"OSRM router.project-osrm.org table/v1 driving, senza traffico"
trieste,"Trieste, Piazza Unità d'Italia",031017,Sagrado,45.876413,13.485413,41.8,42.2,14,2026-10-07,"OSRM router.project-osrm.org table/v1 driving, senza traffico"
trieste,"Trieste, Piazza Unità d'Italia",031018,San Canzian d'Isonzo,45.809521,13.443429,43.4,43.1,27,2026-10-07,"OSRM router.project-osrm.org table/v1 driving, senza traffico"
trieste,"Trieste, Piazza Unità d'Italia",031019,San Floriano del Collio,45.981819,13.585001,61.7,53.0,9,2026-10-07,"OSRM router.project-osrm.org table/v1 driving, senza traffico"
trieste,"Trieste, Piazza Unità d'Italia",031020,San Lorenzo Isontino,45.932893,13.5264,50.6,55.7,20,2026-10-07,"OSRM router.project-osrm.org table/v1 driving, senza traffico"
trieste,"Trieste, Piazza Unità d'Italia",031021,San Pier d'Isonzo,45.846374,13.460749,37.9,39.3,25,2026-10-07,"OSRM router.project-osrm.org table/v1 driving, senza traffico"
trieste,"Trieste, Piazza Unità d'Italia",031022,Savogna d'Isonzo,45.905882,13.574864,46.7,41.1,4,2026-10-07,"OSRM router.project-osrm.org table/v1 driving, senza traffico"
trieste,"Trieste, Piazza Unità d'Italia",031023,Staranzano,45.806505,13.499781,36.8,33.7,16,2026-10-07,"OSRM router.project-osrm.org table/v1 driving, senza traffico"
trieste,"Trieste, Piazza Unità d'Italia",031024,Turriaco,45.820856,13.444822,43.5,43.0,12,2026-10-07,"OSRM router.project-osrm.org table/v1 driving, senza traffico"
trieste,"Trieste, Piazza Unità d'Italia",031025,Villesse,45.859748,13.438408,40.1,43.6,15,2026-10-07,"OSRM router.project-osrm.org table/v1 driving, senza traffico"
trieste,"Trieste, Piazza Unità d'Italia",032001,Duino Aurisina,45.750434,13.670866,23.8,16.0,24,2026-10-07,"OSRM router.project-osrm.org table/v1 driving, senza traffico"
udine,"Udine, Piazza della Libertà",030128,Trivignano Udinese,45.946056,13.340332,25.1,17.4,9,2026-10-07,"OSRM router.project-osrm.org table/v1 driving, senza traffico"
udine,"Udine, Piazza della Libertà",030129,Udine,46.062888,13.235295,0.1,0.0,56,2026-10-07,"OSRM router.project-osrm.org table/v1 driving, senza traffico"
udine,"Udine, Piazza della Libertà",030130,Varmo,45.886923,12.988075,36.1,33.5,16,2026-10-07,"OSRM router.project-osrm.org table/v1 driving, senza traffico"
udine,"Udine, Piazza della Libertà",030131,Venzone,46.333643,13.139082,37.1,38.8,15,2026-10-07,"OSRM router.project-osrm.org table/v1 driving, senza traffico"
udine,"Udine, Piazza della Libertà",030132,Verzegnis,46.389844,12.993745,43.5,52.2,18,2026-10-07,"OSRM router.project-osrm.org table/v1 driving, senza traffico"
udine,"Udine, Piazza della Libertà",030133,Villa Santina,46.415487,12.92394,49.2,56.6,6,2026-10-07,"OSRM router.project-osrm.org table/v1 driving, senza traffico"
udine,"Udine, Piazza della Libertà",030135,Visco,45.892082,13.347469,30.5,29.9,10,2026-10-07,"OSRM router.project-osrm.org table/v1 driving, senza traffico"
udine,"Udine, Piazza della Libertà",030136,Zuglio,46.460816,13.026158,50.7,58.8,12,2026-10-07,"OSRM router.project-osrm.org table/v1 driving, senza traffico"
udine,"Udine, Piazza della Libertà",030137,Forgaria nel Friuli,46.22412,12.968501,43.4,34.7,15,2026-10-07,"OSRM router.project-osrm.org table/v1 driving, senza traffico"
udine,"Udine, Piazza della Libertà",030138,Campolongo Tapogliano,45.864112,13.394133,36.6,34.0,26,2026-10-07,"OSRM router.project-osrm.org table/v1 driving, senza traffico"
udine,"Udine, Piazza della Libertà",030188,Rivignano Teor,45.874273,13.041142,35.2,31.2,20,2026-10-07,"OSRM router.project-osrm.org table/v1 driving, senza traffico"
udine,"Udine, Piazza della Libertà",030189,Sappada,46.566001,12.683955,94.7,94.0,10,2026-10-07,"OSRM router.project-osrm.org table/v1 driving, senza traffico"
udine,"Udine, Piazza della Libertà",030190,Fiumicello Villa Vicentina,45.790608,13.409463,45.4,43.5,36,2026-10-07,"OSRM router.project-osrm.org table/v1 driving, senza traffico"
udine,"Udine, Piazza della Libertà",030191,Treppo Ligosullo,46.533954,13.043084,63.0,69.2,22,2026-10-07,"OSRM router.project-osrm.org table/v1 driving, senza traffico"
udine,"Udine, Piazza della Libertà",031001,Capriva del Friuli,45.941736,13.514124,38.6,28.7,15,2026-10-07,"OSRM router.project-osrm.org table/v1 driving, senza traffico"
udine,"Udine, Piazza della Libertà",031002,Cormons,45.960441,13.473596,36.1,25.4,33,2026-10-07,"OSRM router.project-osrm.org table/v1 driving, senza traffico"
udine,"Udine, Piazza della Libertà",031003,Doberdò del Lago,45.844407,13.539869,43.0,47.9,12,2026-10-07,"OSRM router.project-osrm.org table/v1 driving, senza traffico"
udine,"Udine, Piazza della Libertà",031004,Dolegna del Collio,46.031663,13.479284,32.5,25.9,16,2026-10-07,"OSRM router.project-osrm.org table/v1 driving, senza traffico"
udine,"Udine, Piazza della Libertà",031005,Farra d'Isonzo,45.907389,13.518017,43.0,32.0,18,2026-10-07,"OSRM router.project-osrm.org table/v1 driving, senza traffico"
udine,"Udine, Piazza della Libertà",031006,Fogliano Redipuglia,45.866489,13.481002,38.7,44.4,13,2026-10-07,"OSRM router.project-osrm.org table/v1 driving, senza traffico"
udine,"Udine, Piazza della Libertà",031007,Gorizia,45.9352,13.6193,45.2,54.6,65,2026-10-07,"OSRM router.project-osrm.org table/v1 driving, senza traffico"
udine,"Udine, Piazza della Libertà",031008,Gradisca d'Isonzo,45.889092,13.50388,40.9,42.5,23,2026-10-07,"OSRM router.project-osrm.org table/v1 driving, senza traffico"
udine,"Udine, Piazza della Libertà",031009,Grado,45.67521,13.386509,56.9,52.2,22,2026-10-07,"OSRM router.project-osrm.org table/v1 driving, senza traffico"
udine,"Udine, Piazza della Libertà",031010,Mariano del Friuli,45.917913,13.458528,35.8,26.3,14,2026-10-07,"OSRM router.project-osrm.org table/v1 driving, senza traffico"
udine,"Udine, Piazza della Libertà",031011,Medea,45.917082,13.423527,36.6,27.2,15,2026-10-07,"OSRM router.project-osrm.org table/v1 driving, senza traffico"
udine,"Udine, Piazza della Libertà",031012,Monfalcone,45.809243,13.533109,41.6,46.8,62,2026-10-07,"OSRM router.project-osrm.org table/v1 driving, senza traffico"
udine,"Udine, Piazza della Libertà",031013,Moraro,45.930364,13.495069,38.9,29.8,24,2026-10-07,"OSRM router.project-osrm.org table/v1 driving, senza traffico"
udine,"Udine, Piazza della Libertà",031014,Mossa,45.938304,13.547759,42.6,31.8,9,2026-10-07,"OSRM router.project-osrm.org table/v1 driving, senza traffico"
udine,"Udine, Piazza della Libertà",031015,Romans d'Isonzo,45.890705,13.439262,36.0,39.3,17,2026-10-07,"OSRM router.project-osrm.org table/v1 driving, senza traffico"
udine,"Udine, Piazza della Libertà",031016,Ronchi dei Legionari,45.827808,13.501845,35.6,42.3,2,2026-10-07,"OSRM router.project-osrm.org table/v1 driving, senza traffico"
udine,"Udine, Piazza della Libertà",031017,Sagrado,45.876413,13.485413,38.1,40.9,14,2026-10-07,"OSRM router.project-osrm.org table/v1 driving, senza traffico"
udine,"Udine, Piazza della Libertà",031018,San Canzian d'Isonzo,45.809521,13.443429,42.7,46.8,27,2026-10-07,"OSRM router.project-osrm.org table/v1 driving, senza traffico"
udine,"Udine, Piazza della Libertà",031019,San Floriano del Collio,45.981819,13.585001,52.2,39.0,9,2026-10-07,"OSRM router.project-osrm.org table/v1 driving, senza traffico"
udine,"Udine, Piazza della Libertà",031020,San Lorenzo Isontino,45.932893,13.5264,40.0,29.8,20,2026-10-07,"OSRM router.project-osrm.org table/v1 driving, senza traffico"
udine,"Udine, Piazza della Libertà",031021,San Pier d'Isonzo,45.846374,13.460749,37.2,43.0,25,2026-10-07,"OSRM router.project-osrm.org table/v1 driving, senza traffico"
udine,"Udine, Piazza della Libertà",031022,Savogna d'Isonzo,45.905882,13.574864,46.7,55.8,4,2026-10-07,"OSRM router.project-osrm.org table/v1 driving, senza traffico"
udine,"Udine, Piazza della Libertà",031023,Staranzano,45.806505,13.499781,39.5,45.4,16,2026-10-07,"OSRM router.project-osrm.org table/v1 driving, senza traffico"
udine,"Udine, Piazza della Libertà",031024,Turriaco,45.820856,13.444822,42.7,46.7,12,2026-10-07,"OSRM router.project-osrm.org table/v1 driving, senza traffico"
udine,"Udine, Piazza della Libertà",031025,Villesse,45.859748,13.438408,34.4,38.1,15,2026-10-07,"OSRM router.project-osrm.org table/v1 driving, senza traffico"
udine,"Udine, Piazza della Libertà",032001,Duino Aurisina,45.750434,13.670866,49.4,59.7,24,2026-10-07,"OSRM router.project-osrm.org table/v1 driving, senza traffico"
aer_trieste,"Aeroporto di Trieste (Ronchi dei Legionari), terminal",030128,Trivignano Udinese,45.946056,13.340332,29.9,28.4,9,2026-10-07,"OSRM router.project-osrm.org table/v1 driving, senza traffico"
aer_trieste,"Aeroporto di Trieste (Ronchi dei Legionari), terminal",030129,Udine,46.062888,13.235295,36.8,43.2,56,2026-10-07,"OSRM router.project-osrm.org table/v1 driving, senza traffico"
aer_trieste,"Aeroporto di Trieste (Ronchi dei Legionari), terminal",030130,Varmo,45.886923,12.988075,48.7,58.3,16,2026-10-07,"OSRM router.project-osrm.org table/v1 driving, senza traffico"
aer_trieste,"Aeroporto di Trieste (Ronchi dei Legionari), terminal",030131,Venzone,46.333643,13.139082,58.1,77.6,15,2026-10-07,"OSRM router.project-osrm.org table/v1 driving, senza traffico"
aer_trieste,"Aeroporto di Trieste (Ronchi dei Legionari), terminal",030132,Verzegnis,46.389844,12.993745,64.5,91.0,18,2026-10-07,"OSRM router.project-osrm.org table/v1 driving, senza traffico"
aer_trieste,"Aeroporto di Trieste (Ronchi dei Legionari), terminal",030133,Villa Santina,46.415487,12.92394,70.3,95.4,6,2026-10-07,"OSRM router.project-osrm.org table/v1 driving, senza traffico"
aer_trieste,"Aeroporto di Trieste (Ronchi dei Legionari), terminal",030135,Visco,45.892082,13.347469,24.8,25.7,10,2026-10-07,"OSRM router.project-osrm.org table/v1 driving, senza traffico"
aer_trieste,"Aeroporto di Trieste (Ronchi dei Legionari), terminal",030136,Zuglio,46.460816,13.026158,71.7,97.6,12,2026-10-07,"OSRM router.project-osrm.org table/v1 driving, senza traffico"
aer_trieste,"Aeroporto di Trieste (Ronchi dei Legionari), terminal",030137,Forgaria nel Friuli,46.22412,12.968501,65.2,84.0,15,2026-10-07,"OSRM router.project-osrm.org table/v1 driving, senza traffico"
aer_trieste,"Aeroporto di Trieste (Ronchi dei Legionari), terminal",030138,Campolongo Tapogliano,45.864112,13.394133,21.4,15.4,26,2026-10-07,"OSRM router.project-osrm.org table/v1 driving, senza traffico"
aer_trieste,"Aeroporto di Trieste (Ronchi dei Legionari), terminal",030188,Rivignano Teor,45.874273,13.041142,47.3,57.0,20,2026-10-07,"OSRM router.project-osrm.org table/v1 driving, senza traffico"
aer_trieste,"Aeroporto di Trieste (Ronchi dei Legionari), terminal",030189,Sappada,46.566001,12.683955,115.8,132.9,10,2026-10-07,"OSRM router.project-osrm.org table/v1 driving, senza traffico"
aer_trieste,"Aeroporto di Trieste (Ronchi dei Legionari), terminal",030190,Fiumicello Villa Vicentina,45.790608,13.409463,13.4,7.8,36,2026-10-07,"OSRM router.project-osrm.org table/v1 driving, senza traffico"
aer_trieste,"Aeroporto di Trieste (Ronchi dei Legionari), terminal",030191,Treppo Ligosullo,46.533954,13.043084,84.0,108.0,22,2026-10-07,"OSRM router.project-osrm.org table/v1 driving, senza traffico"
aer_trieste,"Aeroporto di Trieste (Ronchi dei Legionari), terminal",031001,Capriva del Friuli,45.941736,13.514124,27.1,18.3,15,2026-10-07,"OSRM router.project-osrm.org table/v1 driving, senza traffico"
aer_trieste,"Aeroporto di Trieste (Ronchi dei Legionari), terminal",031002,Cormons,45.960441,13.473596,29.0,25.9,33,2026-10-07,"OSRM router.project-osrm.org table/v1 driving, senza traffico"
aer_trieste,"Aeroporto di Trieste (Ronchi dei Legionari), terminal",031003,Doberdò del Lago,45.844407,13.539869,13.1,8.2,12,2026-10-07,"OSRM router.project-osrm.org table/v1 driving, senza traffico"
aer_trieste,"Aeroporto di Trieste (Ronchi dei Legionari), terminal",031004,Dolegna del Collio,46.031663,13.479284,40.7,35.7,16,2026-10-07,"OSRM router.project-osrm.org table/v1 driving, senza traffico"
aer_trieste,"Aeroporto di Trieste (Ronchi dei Legionari), terminal",031005,Farra d'Isonzo,45.907389,13.518017,21.6,14.1,18,2026-10-07,"OSRM router.project-osrm.org table/v1 driving, senza traffico"
aer_trieste,"Aeroporto di Trieste (Ronchi dei Legionari), terminal",031006,Fogliano Redipuglia,45.866489,13.481002,12.0,7.7,13,2026-10-07,"OSRM router.project-osrm.org table/v1 driving, senza traffico"
aer_trieste,"Aeroporto di Trieste (Ronchi dei Legionari), terminal",031007,Gorizia,45.9352,13.6193,27.0,29.2,65,2026-10-07,"OSRM router.project-osrm.org table/v1 driving, senza traffico"
aer_trieste,"Aeroporto di Trieste (Ronchi dei Legionari), terminal",031008,Gradisca d'Isonzo,45.889092,13.50388,18.0,11.5,23,2026-10-07,"OSRM router.project-osrm.org table/v1 driving, senza traffico"
aer_trieste,"Aeroporto di Trieste (Ronchi dei Legionari), terminal",031009,Grado,45.67521,13.386509,34.2,24.4,22,2026-10-07,"OSRM router.project-osrm.org table/v1 driving, senza traffico"
aer_trieste,"Aeroporto di Trieste (Ronchi dei Legionari), terminal",031010,Mariano del Friuli,45.917913,13.458528,21.3,19.6,14,2026-10-07,"OSRM router.project-osrm.org table/v1 driving, senza traffico"
aer_trieste,"Aeroporto di Trieste (Ronchi dei Legionari), terminal",031011,Medea,45.917082,13.423527,22.8,17.7,15,2026-10-07,"OSRM router.project-osrm.org table/v1 driving, senza traffico"
aer_trieste,"Aeroporto di Trieste (Ronchi dei Legionari), terminal",031012,Monfalcone,45.809243,13.533109,10.6,6.5,62,2026-10-07,"OSRM router.project-osrm.org table/v1 driving, senza traffico"
aer_trieste,"Aeroporto di Trieste (Ronchi dei Legionari), terminal",031013,Moraro,45.930364,13.495069,23.4,16.1,24,2026-10-07,"OSRM router.project-osrm.org table/v1 driving, senza traffico"
aer_trieste,"Aeroporto di Trieste (Ronchi dei Legionari), terminal",031014,Mossa,45.938304,13.547759,28.8,20.0,9,2026-10-07,"OSRM router.project-osrm.org table/v1 driving, senza traffico"
aer_trieste,"Aeroporto di Trieste (Ronchi dei Legionari), terminal",031015,Romans d'Isonzo,45.890705,13.439262,17.8,13.9,17,2026-10-07,"OSRM router.project-osrm.org table/v1 driving, senza traffico"
aer_trieste,"Aeroporto di Trieste (Ronchi dei Legionari), terminal",031016,Ronchi dei Legionari,45.827808,13.501845,6.4,3.3,2,2026-10-07,"OSRM router.project-osrm.org table/v1 driving, senza traffico"
aer_trieste,"Aeroporto di Trieste (Ronchi dei Legionari), terminal",031017,Sagrado,45.876413,13.485413,14.3,9.2,14,2026-10-07,"OSRM router.project-osrm.org table/v1 driving, senza traffico"
aer_trieste,"Aeroporto di Trieste (Ronchi dei Legionari), terminal",031018,San Canzian d'Isonzo,45.809521,13.443429,8.2,4.1,27,2026-10-07,"OSRM router.project-osrm.org table/v1 driving, senza traffico"
aer_trieste,"Aeroporto di Trieste (Ronchi dei Legionari), terminal",031019,San Floriano del Collio,45.981819,13.585001,37.7,36.6,9,2026-10-07,"OSRM router.project-osrm.org table/v1 driving, senza traffico"
aer_trieste,"Aeroporto di Trieste (Ronchi dei Legionari), terminal",031020,San Lorenzo Isontino,45.932893,13.5264,25.6,17.9,20,2026-10-07,"OSRM router.project-osrm.org table/v1 driving, senza traffico"
aer_trieste,"Aeroporto di Trieste (Ronchi dei Legionari), terminal",031021,San Pier d'Isonzo,45.846374,13.460749,11.0,6.6,25,2026-10-07,"OSRM router.project-osrm.org table/v1 driving, senza traffico"
aer_trieste,"Aeroporto di Trieste (Ronchi dei Legionari), terminal",031022,Savogna d'Isonzo,45.905882,13.574864,23.8,17.0,4,2026-10-07,"OSRM router.project-osrm.org table/v1 driving, senza traffico"
aer_trieste,"Aeroporto di Trieste (Ronchi dei Legionari), terminal",031023,Staranzano,45.806505,13.499781,8.5,5.1,16,2026-10-07,"OSRM router.project-osrm.org table/v1 driving, senza traffico"
aer_trieste,"Aeroporto di Trieste (Ronchi dei Legionari), terminal",031024,Turriaco,45.820856,13.444822,8.5,3.5,12,2026-10-07,"OSRM router.project-osrm.org table/v1 driving, senza traffico"
aer_trieste,"Aeroporto di Trieste (Ronchi dei Legionari), terminal",031025,Villesse,45.859748,13.438408,16.1,12.7,15,2026-10-07,"OSRM router.project-osrm.org table/v1 driving, senza traffico"
aer_trieste,"Aeroporto di Trieste (Ronchi dei Legionari), terminal",032001,Duino Aurisina,45.750434,13.670866,25.1,24.3,24,2026-10-07,"OSRM router.project-osrm.org table/v1 driving, senza traffico"
aer_venezia,"Aeroporto di Venezia Marco Polo, viale Galilei (accesso terminal)",030128,Trivignano Udinese,45.946056,13.340332,75.9,106.2,9,2026-10-07,"OSRM router.project-osrm.org table/v1 driving, senza traffico"
aer_venezia,"Aeroporto di Venezia Marco Polo, viale Galilei (accesso terminal)",030129,Udine,46.062888,13.235295,81.3,118.5,56,2026-10-07,"OSRM router.project-osrm.org table/v1 driving, senza traffico"
aer_venezia,"Aeroporto di Venezia Marco Polo, viale Galilei (accesso terminal)",030130,Varmo,45.886923,12.988075,65.4,87.4,16,2026-10-07,"OSRM router.project-osrm.org table/v1 driving, senza traffico"
aer_venezia,"Aeroporto di Venezia Marco Polo, viale Galilei (accesso terminal)",030131,Venzone,46.333643,13.139082,102.5,153.0,15,2026-10-07,"OSRM router.project-osrm.org table/v1 driving, senza traffico"
aer_venezia,"Aeroporto di Venezia Marco Polo, viale Galilei (accesso terminal)",030132,Verzegnis,46.389844,12.993745,109.0,166.3,18,2026-10-07,"OSRM router.project-osrm.org table/v1 driving, senza traffico"
aer_venezia,"Aeroporto di Venezia Marco Polo, viale Galilei (accesso terminal)",030133,Villa Santina,46.415487,12.92394,114.7,170.8,6,2026-10-07,"OSRM router.project-osrm.org table/v1 driving, senza traffico"
aer_venezia,"Aeroporto di Venezia Marco Polo, viale Galilei (accesso terminal)",030135,Visco,45.892082,13.347469,70.8,103.5,10,2026-10-07,"OSRM router.project-osrm.org table/v1 driving, senza traffico"
aer_venezia,"Aeroporto di Venezia Marco Polo, viale Galilei (accesso terminal)",030136,Zuglio,46.460816,13.026158,116.2,172.9,12,2026-10-07,"OSRM router.project-osrm.org table/v1 driving, senza traffico"
aer_venezia,"Aeroporto di Venezia Marco Polo, viale Galilei (accesso terminal)",030137,Forgaria nel Friuli,46.22412,12.968501,96.8,128.7,15,2026-10-07,"OSRM router.project-osrm.org table/v1 driving, senza traffico"
aer_venezia,"Aeroporto di Venezia Marco Polo, viale Galilei (accesso terminal)",030138,Campolongo Tapogliano,45.864112,13.394133,76.9,107.6,26,2026-10-07,"OSRM router.project-osrm.org table/v1 driving, senza traffico"
aer_venezia,"Aeroporto di Venezia Marco Polo, viale Galilei (accesso terminal)",030188,Rivignano Teor,45.874273,13.041142,63.9,86.1,20,2026-10-07,"OSRM router.project-osrm.org table/v1 driving, senza traffico"
aer_venezia,"Aeroporto di Venezia Marco Polo, viale Galilei (accesso terminal)",030189,Sappada,46.566001,12.683955,121.5,153.6,10,2026-10-07,"OSRM router.project-osrm.org table/v1 driving, senza traffico"
aer_venezia,"Aeroporto di Venezia Marco Polo, viale Galilei (accesso terminal)",030190,Fiumicello Villa Vicentina,45.790608,13.409463,85.7,117.1,36,2026-10-07,"OSRM router.project-osrm.org table/v1 driving, senza traffico"
aer_venezia,"Aeroporto di Venezia Marco Polo, viale Galilei (accesso terminal)",030191,Treppo Ligosullo,46.533954,13.043084,128.4,183.3,22,2026-10-07,"OSRM router.project-osrm.org table/v1 driving, senza traffico"
aer_venezia,"Aeroporto di Venezia Marco Polo, viale Galilei (accesso terminal)",031001,Capriva del Friuli,45.941736,13.514124,86.6,124.1,15,2026-10-07,"OSRM router.project-osrm.org table/v1 driving, senza traffico"
aer_venezia,"Aeroporto di Venezia Marco Polo, viale Galilei (accesso terminal)",031002,Cormons,45.960441,13.473596,87.6,124.9,33,2026-10-07,"OSRM router.project-osrm.org table/v1 driving, senza traffico"
aer_venezia,"Aeroporto di Venezia Marco Polo, viale Galilei (accesso terminal)",031003,Doberdò del Lago,45.844407,13.539869,83.4,121.5,12,2026-10-07,"OSRM router.project-osrm.org table/v1 driving, senza traffico"
aer_venezia,"Aeroporto di Venezia Marco Polo, viale Galilei (accesso terminal)",031004,Dolegna del Collio,46.031663,13.479284,98.1,123.5,16,2026-10-07,"OSRM router.project-osrm.org table/v1 driving, senza traffico"
aer_venezia,"Aeroporto di Venezia Marco Polo, viale Galilei (accesso terminal)",031005,Farra d'Isonzo,45.907389,13.518017,84.1,121.6,18,2026-10-07,"OSRM router.project-osrm.org table/v1 driving, senza traffico"
aer_venezia,"Aeroporto di Venezia Marco Polo, viale Galilei (accesso terminal)",031006,Fogliano Redipuglia,45.866489,13.481002,79.0,117.9,13,2026-10-07,"OSRM router.project-osrm.org table/v1 driving, senza traffico"
aer_venezia,"Aeroporto di Venezia Marco Polo, viale Galilei (accesso terminal)",031007,Gorizia,45.9352,13.6193,85.5,128.1,65,2026-10-07,"OSRM router.project-osrm.org table/v1 driving, senza traffico"
aer_venezia,"Aeroporto di Venezia Marco Polo, viale Galilei (accesso terminal)",031008,Gradisca d'Isonzo,45.889092,13.50388,81.2,116.0,23,2026-10-07,"OSRM router.project-osrm.org table/v1 driving, senza traffico"
aer_venezia,"Aeroporto di Venezia Marco Polo, viale Galilei (accesso terminal)",031009,Grado,45.67521,13.386509,97.2,125.7,22,2026-10-07,"OSRM router.project-osrm.org table/v1 driving, senza traffico"
aer_venezia,"Aeroporto di Venezia Marco Polo, viale Galilei (accesso terminal)",031010,Mariano del Friuli,45.917913,13.458528,79.9,118.6,14,2026-10-07,"OSRM router.project-osrm.org table/v1 driving, senza traffico"
aer_venezia,"Aeroporto di Venezia Marco Polo, viale Galilei (accesso terminal)",031011,Medea,45.917082,13.423527,80.3,111.8,15,2026-10-07,"OSRM router.project-osrm.org table/v1 driving, senza traffico"
aer_venezia,"Aeroporto di Venezia Marco Polo, viale Galilei (accesso terminal)",031012,Monfalcone,45.809243,13.533109,81.9,120.3,62,2026-10-07,"OSRM router.project-osrm.org table/v1 driving, senza traffico"
aer_venezia,"Aeroporto di Venezia Marco Polo, viale Galilei (accesso terminal)",031013,Moraro,45.930364,13.495069,83.0,121.9,24,2026-10-07,"OSRM router.project-osrm.org table/v1 driving, senza traffico"
aer_venezia,"Aeroporto di Venezia Marco Polo, viale Galilei (accesso terminal)",031014,Mossa,45.938304,13.547759,88.4,125.7,9,2026-10-07,"OSRM router.project-osrm.org table/v1 driving, senza traffico"
aer_venezia,"Aeroporto di Venezia Marco Polo, viale Galilei (accesso terminal)",031015,Romans d'Isonzo,45.890705,13.439262,76.3,112.9,17,2026-10-07,"OSRM router.project-osrm.org table/v1 driving, senza traffico"
aer_venezia,"Aeroporto di Venezia Marco Polo, viale Galilei (accesso terminal)",031016,Ronchi dei Legionari,45.827808,13.501845,75.9,115.8,2,2026-10-07,"OSRM router.project-osrm.org table/v1 driving, senza traffico"
aer_venezia,"Aeroporto di Venezia Marco Polo, viale Galilei (accesso terminal)",031017,Sagrado,45.876413,13.485413,78.4,114.4,14,2026-10-07,"OSRM router.project-osrm.org table/v1 driving, senza traffico"
aer_venezia,"Aeroporto di Venezia Marco Polo, viale Galilei (accesso terminal)",031018,San Canzian d'Isonzo,45.809521,13.443429,83.0,120.3,27,2026-10-07,"OSRM router.project-osrm.org table/v1 driving, senza traffico"
aer_venezia,"Aeroporto di Venezia Marco Polo, viale Galilei (accesso terminal)",031019,San Floriano del Collio,45.981819,13.585001,96.3,135.6,9,2026-10-07,"OSRM router.project-osrm.org table/v1 driving, senza traffico"
aer_venezia,"Aeroporto di Venezia Marco Polo, viale Galilei (accesso terminal)",031020,San Lorenzo Isontino,45.932893,13.5264,85.1,123.7,20,2026-10-07,"OSRM router.project-osrm.org table/v1 driving, senza traffico"
aer_venezia,"Aeroporto di Venezia Marco Polo, viale Galilei (accesso terminal)",031021,San Pier d'Isonzo,45.846374,13.460749,77.5,116.5,25,2026-10-07,"OSRM router.project-osrm.org table/v1 driving, senza traffico"
aer_venezia,"Aeroporto di Venezia Marco Polo, viale Galilei (accesso terminal)",031022,Savogna d'Isonzo,45.905882,13.574864,87.0,129.4,4,2026-10-07,"OSRM router.project-osrm.org table/v1 driving, senza traffico"
aer_venezia,"Aeroporto di Venezia Marco Polo, viale Galilei (accesso terminal)",031023,Staranzano,45.806505,13.499781,79.8,118.9,16,2026-10-07,"OSRM router.project-osrm.org table/v1 driving, senza traffico"
aer_venezia,"Aeroporto di Venezia Marco Polo, viale Galilei (accesso terminal)",031024,Turriaco,45.820856,13.444822,83.0,120.2,12,2026-10-07,"OSRM router.project-osrm.org table/v1 driving, senza traffico"
aer_venezia,"Aeroporto di Venezia Marco Polo, viale Galilei (accesso terminal)",031025,Villesse,45.859748,13.438408,74.7,111.6,15,2026-10-07,"OSRM router.project-osrm.org table/v1 driving, senza traffico"
aer_venezia,"Aeroporto di Venezia Marco Polo, viale Galilei (accesso terminal)",032001,Duino Aurisina,45.750434,13.670866,89.7,133.3,24,2026-10-07,"OSRM router.project-osrm.org table/v1 driving, senza traffico"
lubiana,"Lubiana, Prešernov trg",030128,Trivignano Udinese,45.946056,13.340332,101.3,136.2,9,2026-10-07,"OSRM router.project-osrm.org table/v1 driving, senza traffico"
lubiana,"Lubiana, Prešernov trg",030129,Udine,46.062888,13.235295,108.7,158.7,56,2026-10-07,"OSRM router.project-osrm.org table/v1 driving, senza traffico"
lubiana,"Lubiana, Prešernov trg",030130,Varmo,45.886923,12.988075,120.6,173.8,16,2026-10-07,"OSRM router.project-osrm.org table/v1 driving, senza traffico"
lubiana,"Lubiana, Prešernov trg",030131,Venzone,46.333643,13.139082,130.0,193.1,15,2026-10-07,"OSRM router.project-osrm.org table/v1 driving, senza traffico"
lubiana,"Lubiana, Prešernov trg",030132,Verzegnis,46.389844,12.993745,129.4,188.8,18,2026-10-07,"OSRM router.project-osrm.org table/v1 driving, senza traffico"
lubiana,"Lubiana, Prešernov trg",030133,Villa Santina,46.415487,12.92394,135.2,193.3,6,2026-10-07,"OSRM router.project-osrm.org table/v1 driving, senza traffico"
lubiana,"Lubiana, Prešernov trg",030135,Visco,45.892082,13.347469,95.2,131.5,10,2026-10-07,"OSRM router.project-osrm.org table/v1 driving, senza traffico"
lubiana,"Lubiana, Prešernov trg",030136,Zuglio,46.460816,13.026158,136.6,195.4,12,2026-10-07,"OSRM router.project-osrm.org table/v1 driving, senza traffico"
lubiana,"Lubiana, Prešernov trg",030137,Forgaria nel Friuli,46.22412,12.968501,137.0,199.5,15,2026-10-07,"OSRM router.project-osrm.org table/v1 driving, senza traffico"
lubiana,"Lubiana, Prešernov trg",030138,Campolongo Tapogliano,45.864112,13.394133,93.2,127.5,26,2026-10-07,"OSRM router.project-osrm.org table/v1 driving, senza traffico"
lubiana,"Lubiana, Prešernov trg",030188,Rivignano Teor,45.874273,13.041142,119.1,172.5,20,2026-10-07,"OSRM router.project-osrm.org table/v1 driving, senza traffico"
lubiana,"Lubiana, Prešernov trg",030189,Sappada,46.566001,12.683955,180.7,230.7,10,2026-10-07,"OSRM router.project-osrm.org table/v1 driving, senza traffico"
lubiana,"Lubiana, Prešernov trg",030190,Fiumicello Villa Vicentina,45.790608,13.409463,96.5,131.3,36,2026-10-07,"OSRM router.project-osrm.org table/v1 driving, senza traffico"
lubiana,"Lubiana, Prešernov trg",030191,Treppo Ligosullo,46.533954,13.043084,148.9,205.8,22,2026-10-07,"OSRM router.project-osrm.org table/v1 driving, senza traffico"
lubiana,"Lubiana, Prešernov trg",031001,Capriva del Friuli,45.941736,13.514124,87.4,115.7,15,2026-10-07,"OSRM router.project-osrm.org table/v1 driving, senza traffico"
lubiana,"Lubiana, Prešernov trg",031002,Cormons,45.960441,13.473596,92.4,126.4,33,2026-10-07,"OSRM router.project-osrm.org table/v1 driving, senza traffico"
lubiana,"Lubiana, Prešernov trg",031003,Doberdò del Lago,45.844407,13.539869,86.5,117.6,12,2026-10-07,"OSRM router.project-osrm.org table/v1 driving, senza traffico"
lubiana,"Lubiana, Prešernov trg",031004,Dolegna del Collio,46.031663,13.479284,101.5,134.3,16,2026-10-07,"OSRM router.project-osrm.org table/v1 driving, senza traffico"
lubiana,"Lubiana, Prešernov trg",031005,Farra d'Isonzo,45.907389,13.518017,87.1,115.7,18,2026-10-07,"OSRM router.project-osrm.org table/v1 driving, senza traffico"
lubiana,"Lubiana, Prešernov trg",031006,Fogliano Redipuglia,45.866489,13.481002,87.1,121.9,13,2026-10-07,"OSRM router.project-osrm.org table/v1 driving, senza traffico"
lubiana,"Lubiana, Prešernov trg",031007,Gorizia,45.9352,13.6193,77.5,106.5,65,2026-10-07,"OSRM router.project-osrm.org table/v1 driving, senza traffico"
lubiana,"Lubiana, Prešernov trg",031008,Gradisca d'Isonzo,45.889092,13.50388,86.3,121.2,23,2026-10-07,"OSRM router.project-osrm.org table/v1 driving, senza traffico"
lubiana,"Lubiana, Prešernov trg",031009,Grado,45.67521,13.386509,109.9,139.7,22,2026-10-07,"OSRM router.project-osrm.org table/v1 driving, senza traffico"
lubiana,"Lubiana, Prešernov trg",031010,Mariano del Friuli,45.917913,13.458528,84.7,120.1,14,2026-10-07,"OSRM router.project-osrm.org table/v1 driving, senza traffico"
lubiana,"Lubiana, Prešernov trg",031011,Medea,45.917082,13.423527,88.6,123.1,15,2026-10-07,"OSRM router.project-osrm.org table/v1 driving, senza traffico"
lubiana,"Lubiana, Prešernov trg",031012,Monfalcone,45.809243,13.533109,80.4,115.6,62,2026-10-07,"OSRM router.project-osrm.org table/v1 driving, senza traffico"
lubiana,"Lubiana, Prešernov trg",031013,Moraro,45.930364,13.495069,87.8,123.4,24,2026-10-07,"OSRM router.project-osrm.org table/v1 driving, senza traffico"
lubiana,"Lubiana, Prešernov trg",031014,Mossa,45.938304,13.547759,84.5,114.0,9,2026-10-07,"OSRM router.project-osrm.org table/v1 driving, senza traffico"
lubiana,"Lubiana, Prešernov trg",031015,Romans d'Isonzo,45.890705,13.439262,86.1,121.1,17,2026-10-07,"OSRM router.project-osrm.org table/v1 driving, senza traffico"
lubiana,"Lubiana, Prešernov trg",031016,Ronchi dei Legionari,45.827808,13.501845,84.1,123.1,2,2026-10-07,"OSRM router.project-osrm.org table/v1 driving, senza traffico"
lubiana,"Lubiana, Prešernov trg",031017,Sagrado,45.876413,13.485413,85.1,120.6,14,2026-10-07,"OSRM router.project-osrm.org table/v1 driving, senza traffico"
lubiana,"Lubiana, Prešernov trg",031018,San Canzian d'Isonzo,45.809521,13.443429,91.3,127.6,27,2026-10-07,"OSRM router.project-osrm.org table/v1 driving, senza traffico"
lubiana,"Lubiana, Prešernov trg",031019,San Floriano del Collio,45.981819,13.585001,85.2,113.5,9,2026-10-07,"OSRM router.project-osrm.org table/v1 driving, senza traffico"
lubiana,"Lubiana, Prešernov trg",031020,San Lorenzo Isontino,45.932893,13.5264,85.2,114.4,20,2026-10-07,"OSRM router.project-osrm.org table/v1 driving, senza traffico"
lubiana,"Lubiana, Prešernov trg",031021,San Pier d'Isonzo,45.846374,13.460749,85.7,123.8,25,2026-10-07,"OSRM router.project-osrm.org table/v1 driving, senza traffico"
lubiana,"Lubiana, Prešernov trg",031022,Savogna d'Isonzo,45.905882,13.574864,79.3,109.7,4,2026-10-07,"OSRM router.project-osrm.org table/v1 driving, senza traffico"
lubiana,"Lubiana, Prešernov trg",031023,Staranzano,45.806505,13.499781,84.7,118.2,16,2026-10-07,"OSRM router.project-osrm.org table/v1 driving, senza traffico"
lubiana,"Lubiana, Prešernov trg",031024,Turriaco,45.820856,13.444822,91.3,127.5,12,2026-10-07,"OSRM router.project-osrm.org table/v1 driving, senza traffico"
lubiana,"Lubiana, Prešernov trg",031025,Villesse,45.859748,13.438408,85.4,122.6,15,2026-10-07,"OSRM router.project-osrm.org table/v1 driving, senza traffico"
lubiana,"Lubiana, Prešernov trg",032001,Duino Aurisina,45.750434,13.670866,75.9,100.9,24,2026-10-07,"OSRM router.project-osrm.org table/v1 driving, senza traffico"
klagenfurt,"Klagenfurt, Neuer Platz",030128,Trivignano Udinese,45.946056,13.340332,124.6,187.6,9,2026-10-07,"OSRM router.project-osrm.org table/v1 driving, senza traffico"
klagenfurt,"Klagenfurt, Neuer Platz",030129,Udine,46.062888,13.235295,107.7,161.0,56,2026-10-07,"OSRM router.project-osrm.org table/v1 driving, senza traffico"
klagenfurt,"Klagenfurt, Neuer Platz",030130,Varmo,45.886923,12.988075,135.2,189.1,16,2026-10-07,"OSRM router.project-osrm.org table/v1 driving, senza traffico"
klagenfurt,"Klagenfurt, Neuer Platz",030131,Venzone,46.333643,13.139082,89.3,130.1,15,2026-10-07,"OSRM router.project-osrm.org table/v1 driving, senza traffico"
klagenfurt,"Klagenfurt, Neuer Platz",030132,Verzegnis,46.389844,12.993745,87.6,128.6,18,2026-10-07,"OSRM router.project-osrm.org table/v1 driving, senza traffico"
klagenfurt,"Klagenfurt, Neuer Platz",030133,Villa Santina,46.415487,12.92394,93.4,133.1,6,2026-10-07,"OSRM router.project-osrm.org table/v1 driving, senza traffico"
klagenfurt,"Klagenfurt, Neuer Platz",030135,Visco,45.892082,13.347469,119.6,184.9,10,2026-10-07,"OSRM router.project-osrm.org table/v1 driving, senza traffico"
klagenfurt,"Klagenfurt, Neuer Platz",030136,Zuglio,46.460816,13.026158,94.8,135.2,12,2026-10-07,"OSRM router.project-osrm.org table/v1 driving, senza traffico"
klagenfurt,"Klagenfurt, Neuer Platz",030137,Forgaria nel Friuli,46.22412,12.968501,105.2,151.1,15,2026-10-07,"OSRM router.project-osrm.org table/v1 driving, senza traffico"
klagenfurt,"Klagenfurt, Neuer Platz",030138,Campolongo Tapogliano,45.864112,13.394133,125.7,189.0,26,2026-10-07,"OSRM router.project-osrm.org table/v1 driving, senza traffico"
klagenfurt,"Klagenfurt, Neuer Platz",030188,Rivignano Teor,45.874273,13.041142,135.0,188.2,20,2026-10-07,"OSRM router.project-osrm.org table/v1 driving, senza traffico"
klagenfurt,"Klagenfurt, Neuer Platz",030189,Sappada,46.566001,12.683955,138.9,170.5,10,2026-10-07,"OSRM router.project-osrm.org table/v1 driving, senza traffico"
klagenfurt,"Klagenfurt, Neuer Platz",030190,Fiumicello Villa Vicentina,45.790608,13.409463,134.5,198.5,36,2026-10-07,"OSRM router.project-osrm.org table/v1 driving, senza traffico"
klagenfurt,"Klagenfurt, Neuer Platz",030191,Treppo Ligosullo,46.533954,13.043084,107.1,145.6,22,2026-10-07,"OSRM router.project-osrm.org table/v1 driving, senza traffico"
klagenfurt,"Klagenfurt, Neuer Platz",031001,Capriva del Friuli,45.941736,13.514124,135.4,205.5,15,2026-10-07,"OSRM router.project-osrm.org table/v1 driving, senza traffico"
klagenfurt,"Klagenfurt, Neuer Platz",031002,Cormons,45.960441,13.473596,135.9,188.2,33,2026-10-07,"OSRM router.project-osrm.org table/v1 driving, senza traffico"
klagenfurt,"Klagenfurt, Neuer Platz",031003,Doberdò del Lago,45.844407,13.539869,132.1,202.9,12,2026-10-07,"OSRM router.project-osrm.org table/v1 driving, senza traffico"
klagenfurt,"Klagenfurt, Neuer Platz",031004,Dolegna del Collio,46.031663,13.479284,133.2,184.8,16,2026-10-07,"OSRM router.project-osrm.org table/v1 driving, senza traffico"
klagenfurt,"Klagenfurt, Neuer Platz",031005,Farra d'Isonzo,45.907389,13.518017,132.8,203.0,18,2026-10-07,"OSRM router.project-osrm.org table/v1 driving, senza traffico"
klagenfurt,"Klagenfurt, Neuer Platz",031006,Fogliano Redipuglia,45.866489,13.481002,127.8,199.3,13,2026-10-07,"OSRM router.project-osrm.org table/v1 driving, senza traffico"
klagenfurt,"Klagenfurt, Neuer Platz",031007,Gorizia,45.9352,13.6193,134.3,209.6,65,2026-10-07,"OSRM router.project-osrm.org table/v1 driving, senza traffico"
klagenfurt,"Klagenfurt, Neuer Platz",031008,Gradisca d'Isonzo,45.889092,13.50388,129.9,197.5,23,2026-10-07,"OSRM router.project-osrm.org table/v1 driving, senza traffico"
klagenfurt,"Klagenfurt, Neuer Platz",031009,Grado,45.67521,13.386509,146.0,207.1,22,2026-10-07,"OSRM router.project-osrm.org table/v1 driving, senza traffico"
klagenfurt,"Klagenfurt, Neuer Platz",031010,Mariano del Friuli,45.917913,13.458528,128.6,200.0,14,2026-10-07,"OSRM router.project-osrm.org table/v1 driving, senza traffico"
klagenfurt,"Klagenfurt, Neuer Platz",031011,Medea,45.917082,13.423527,129.1,193.2,15,2026-10-07,"OSRM router.project-osrm.org table/v1 driving, senza traffico"
klagenfurt,"Klagenfurt, Neuer Platz",031012,Monfalcone,45.809243,13.533109,130.7,201.8,62,2026-10-07,"OSRM router.project-osrm.org table/v1 driving, senza traffico"
klagenfurt,"Klagenfurt, Neuer Platz",031013,Moraro,45.930364,13.495069,131.8,203.3,24,2026-10-07,"OSRM router.project-osrm.org table/v1 driving, senza traffico"
klagenfurt,"Klagenfurt, Neuer Platz",031014,Mossa,45.938304,13.547759,137.1,207.2,9,2026-10-07,"OSRM router.project-osrm.org table/v1 driving, senza traffico"
klagenfurt,"Klagenfurt, Neuer Platz",031015,Romans d'Isonzo,45.890705,13.439262,125.1,194.3,17,2026-10-07,"OSRM router.project-osrm.org table/v1 driving, senza traffico"
klagenfurt,"Klagenfurt, Neuer Platz",031016,Ronchi dei Legionari,45.827808,13.501845,124.6,197.2,2,2026-10-07,"OSRM router.project-osrm.org table/v1 driving, senza traffico"
klagenfurt,"Klagenfurt, Neuer Platz",031017,Sagrado,45.876413,13.485413,127.2,195.9,14,2026-10-07,"OSRM router.project-osrm.org table/v1 driving, senza traffico"
klagenfurt,"Klagenfurt, Neuer Platz",031018,San Canzian d'Isonzo,45.809521,13.443429,131.7,201.7,27,2026-10-07,"OSRM router.project-osrm.org table/v1 driving, senza traffico"
klagenfurt,"Klagenfurt, Neuer Platz",031019,San Floriano del Collio,45.981819,13.585001,145.0,217.0,9,2026-10-07,"OSRM router.project-osrm.org table/v1 driving, senza traffico"
klagenfurt,"Klagenfurt, Neuer Platz",031020,San Lorenzo Isontino,45.932893,13.5264,133.9,205.1,20,2026-10-07,"OSRM router.project-osrm.org table/v1 driving, senza traffico"
klagenfurt,"Klagenfurt, Neuer Platz",031021,San Pier d'Isonzo,45.846374,13.460749,126.2,197.9,25,2026-10-07,"OSRM router.project-osrm.org table/v1 driving, senza traffico"
klagenfurt,"Klagenfurt, Neuer Platz",031022,Savogna d'Isonzo,45.905882,13.574864,135.8,210.8,4,2026-10-07,"OSRM router.project-osrm.org table/v1 driving, senza traffico"
klagenfurt,"Klagenfurt, Neuer Platz",031023,Staranzano,45.806505,13.499781,128.6,200.4,16,2026-10-07,"OSRM router.project-osrm.org table/v1 driving, senza traffico"
klagenfurt,"Klagenfurt, Neuer Platz",031024,Turriaco,45.820856,13.444822,131.8,201.7,12,2026-10-07,"OSRM router.project-osrm.org table/v1 driving, senza traffico"
klagenfurt,"Klagenfurt, Neuer Platz",031025,Villesse,45.859748,13.438408,123.4,193.1,15,2026-10-07,"OSRM router.project-osrm.org table/v1 driving, senza traffico"
klagenfurt,"Klagenfurt, Neuer Platz",032001,Duino Aurisina,45.750434,13.670866,136.8,178.1,24,2026-10-07,"OSRM router.project-osrm.org table/v1 driving, senza traffico"
vienna,"Vienna, Stephansplatz",030128,Trivignano Udinese,45.946056,13.340332,335.2,481.6,9,2026-10-07,"OSRM router.project-osrm.org table/v1 driving, senza traffico"
vienna,"Vienna, Stephansplatz",030129,Udine,46.062888,13.235295,318.3,455.0,56,2026-10-07,"OSRM router.project-osrm.org table/v1 driving, senza traffico"
vienna,"Vienna, Stephansplatz",030130,Varmo,45.886923,12.988075,345.7,483.1,16,2026-10-07,"OSRM router.project-osrm.org table/v1 driving, senza traffico"
vienna,"Vienna, Stephansplatz",030131,Venzone,46.333643,13.139082,299.9,424.1,15,2026-10-07,"OSRM router.project-osrm.org table/v1 driving, senza traffico"
vienna,"Vienna, Stephansplatz",030132,Verzegnis,46.389844,12.993745,298.2,422.6,18,2026-10-07,"OSRM router.project-osrm.org table/v1 driving, senza traffico"
vienna,"Vienna, Stephansplatz",030133,Villa Santina,46.415487,12.92394,303.9,427.1,6,2026-10-07,"OSRM router.project-osrm.org table/v1 driving, senza traffico"
vienna,"Vienna, Stephansplatz",030135,Visco,45.892082,13.347469,330.2,478.9,10,2026-10-07,"OSRM router.project-osrm.org table/v1 driving, senza traffico"
vienna,"Vienna, Stephansplatz",030136,Zuglio,46.460816,13.026158,305.4,429.2,12,2026-10-07,"OSRM router.project-osrm.org table/v1 driving, senza traffico"
vienna,"Vienna, Stephansplatz",030137,Forgaria nel Friuli,46.22412,12.968501,315.8,445.0,15,2026-10-07,"OSRM router.project-osrm.org table/v1 driving, senza traffico"
vienna,"Vienna, Stephansplatz",030138,Campolongo Tapogliano,45.864112,13.394133,331.6,504.4,26,2026-10-07,"OSRM router.project-osrm.org table/v1 driving, senza traffico"
vienna,"Vienna, Stephansplatz",030188,Rivignano Teor,45.874273,13.041142,345.6,482.2,20,2026-10-07,"OSRM router.project-osrm.org table/v1 driving, senza traffico"
vienna,"Vienna, Stephansplatz",030189,Sappada,46.566001,12.683955,349.4,464.5,10,2026-10-07,"OSRM router.project-osrm.org table/v1 driving, senza traffico"
vienna,"Vienna, Stephansplatz",030190,Fiumicello Villa Vicentina,45.790608,13.409463,334.9,508.2,36,2026-10-07,"OSRM router.project-osrm.org table/v1 driving, senza traffico"
vienna,"Vienna, Stephansplatz",030191,Treppo Ligosullo,46.533954,13.043084,317.6,439.6,22,2026-10-07,"OSRM router.project-osrm.org table/v1 driving, senza traffico"
vienna,"Vienna, Stephansplatz",031001,Capriva del Friuli,45.941736,13.514124,325.8,492.6,15,2026-10-07,"OSRM router.project-osrm.org table/v1 driving, senza traffico"
vienna,"Vienna, Stephansplatz",031002,Cormons,45.960441,13.473596,330.8,503.3,33,2026-10-07,"OSRM router.project-osrm.org table/v1 driving, senza traffico"
vienna,"Vienna, Stephansplatz",031003,Doberdò del Lago,45.844407,13.539869,324.8,494.6,12,2026-10-07,"OSRM router.project-osrm.org table/v1 driving, senza traffico"
vienna,"Vienna, Stephansplatz",031004,Dolegna del Collio,46.031663,13.479284,339.9,511.3,16,2026-10-07,"OSRM router.project-osrm.org table/v1 driving, senza traffico"
vienna,"Vienna, Stephansplatz",031005,Farra d'Isonzo,45.907389,13.518017,325.5,492.6,18,2026-10-07,"OSRM router.project-osrm.org table/v1 driving, senza traffico"
vienna,"Vienna, Stephansplatz",031006,Fogliano Redipuglia,45.866489,13.481002,325.5,498.8,13,2026-10-07,"OSRM router.project-osrm.org table/v1 driving, senza traffico"
vienna,"Vienna, Stephansplatz",031007,Gorizia,45.9352,13.6193,315.9,483.5,65,2026-10-07,"OSRM router.project-osrm.org table/v1 driving, senza traffico"
vienna,"Vienna, Stephansplatz",031008,Gradisca d'Isonzo,45.889092,13.50388,324.7,498.1,23,2026-10-07,"OSRM router.project-osrm.org table/v1 driving, senza traffico"
vienna,"Vienna, Stephansplatz",031009,Grado,45.67521,13.386509,348.3,516.6,22,2026-10-07,"OSRM router.project-osrm.org table/v1 driving, senza traffico"
vienna,"Vienna, Stephansplatz",031010,Mariano del Friuli,45.917913,13.458528,323.0,497.0,14,2026-10-07,"OSRM router.project-osrm.org table/v1 driving, senza traffico"
vienna,"Vienna, Stephansplatz",031011,Medea,45.917082,13.423527,326.9,500.1,15,2026-10-07,"OSRM router.project-osrm.org table/v1 driving, senza traffico"
vienna,"Vienna, Stephansplatz",031012,Monfalcone,45.809243,13.533109,318.8,492.5,62,2026-10-07,"OSRM router.project-osrm.org table/v1 driving, senza traffico"
vienna,"Vienna, Stephansplatz",031013,Moraro,45.930364,13.495069,326.2,500.3,24,2026-10-07,"OSRM router.project-osrm.org table/v1 driving, senza traffico"
vienna,"Vienna, Stephansplatz",031014,Mossa,45.938304,13.547759,322.9,490.9,9,2026-10-07,"OSRM router.project-osrm.org table/v1 driving, senza traffico"
vienna,"Vienna, Stephansplatz",031015,Romans d'Isonzo,45.890705,13.439262,324.5,498.1,17,2026-10-07,"OSRM router.project-osrm.org table/v1 driving, senza traffico"
vienna,"Vienna, Stephansplatz",031016,Ronchi dei Legionari,45.827808,13.501845,322.5,500.0,2,2026-10-07,"OSRM router.project-osrm.org table/v1 driving, senza traffico"
vienna,"Vienna, Stephansplatz",031017,Sagrado,45.876413,13.485413,323.5,497.5,14,2026-10-07,"OSRM router.project-osrm.org table/v1 driving, senza traffico"
vienna,"Vienna, Stephansplatz",031018,San Canzian d'Isonzo,45.809521,13.443429,329.6,504.5,27,2026-10-07,"OSRM router.project-osrm.org table/v1 driving, senza traffico"
vienna,"Vienna, Stephansplatz",031019,San Floriano del Collio,45.981819,13.585001,323.5,490.5,9,2026-10-07,"OSRM router.project-osrm.org table/v1 driving, senza traffico"
vienna,"Vienna, Stephansplatz",031020,San Lorenzo Isontino,45.932893,13.5264,323.6,491.3,20,2026-10-07,"OSRM router.project-osrm.org table/v1 driving, senza traffico"
vienna,"Vienna, Stephansplatz",031021,San Pier d'Isonzo,45.846374,13.460749,324.1,500.7,25,2026-10-07,"OSRM router.project-osrm.org table/v1 driving, senza traffico"
vienna,"Vienna, Stephansplatz",031022,Savogna d'Isonzo,45.905882,13.574864,317.7,486.6,4,2026-10-07,"OSRM router.project-osrm.org table/v1 driving, senza traffico"
vienna,"Vienna, Stephansplatz",031023,Staranzano,45.806505,13.499781,323.0,495.1,16,2026-10-07,"OSRM router.project-osrm.org table/v1 driving, senza traffico"
vienna,"Vienna, Stephansplatz",031024,Turriaco,45.820856,13.444822,329.7,504.4,12,2026-10-07,"OSRM router.project-osrm.org table/v1 driving, senza traffico"
vienna,"Vienna, Stephansplatz",031025,Villesse,45.859748,13.438408,323.8,499.5,15,2026-10-07,"OSRM router.project-osrm.org table/v1 driving, senza traffico"
vienna,"Vienna, Stephansplatz",032001,Duino Aurisina,45.750434,13.670866,314.3,477.8,24,2026-10-07,"OSRM router.project-osrm.org table/v1 driving, senza traffico"
monaco,"Monaco di Baviera, Marienplatz",030128,Trivignano Udinese,45.946056,13.340332,305.8,469.7,9,2026-10-07,"OSRM router.project-osrm.org table/v1 driving, senza traffico"
monaco,"Monaco di Baviera, Marienplatz",030129,Udine,46.062888,13.235295,288.8,443.1,56,2026-10-07,"OSRM router.project-osrm.org table/v1 driving, senza traffico"
monaco,"Monaco di Baviera, Marienplatz",030130,Varmo,45.886923,12.988075,316.3,471.3,16,2026-10-07,"OSRM router.project-osrm.org table/v1 driving, senza traffico"
monaco,"Monaco di Baviera, Marienplatz",030131,Venzone,46.333643,13.139082,270.5,412.2,15,2026-10-07,"OSRM router.project-osrm.org table/v1 driving, senza traffico"
monaco,"Monaco di Baviera, Marienplatz",030132,Verzegnis,46.389844,12.993745,268.8,410.7,18,2026-10-07,"OSRM router.project-osrm.org table/v1 driving, senza traffico"
monaco,"Monaco di Baviera, Marienplatz",030133,Villa Santina,46.415487,12.92394,274.5,415.2,6,2026-10-07,"OSRM router.project-osrm.org table/v1 driving, senza traffico"
monaco,"Monaco di Baviera, Marienplatz",030135,Visco,45.892082,13.347469,300.7,467.0,10,2026-10-07,"OSRM router.project-osrm.org table/v1 driving, senza traffico"
monaco,"Monaco di Baviera, Marienplatz",030136,Zuglio,46.460816,13.026158,259.1,291.3,12,2026-10-07,"OSRM router.project-osrm.org table/v1 driving, senza traffico"
monaco,"Monaco di Baviera, Marienplatz",030137,Forgaria nel Friuli,46.22412,12.968501,286.4,433.2,15,2026-10-07,"OSRM router.project-osrm.org table/v1 driving, senza traffico"
monaco,"Monaco di Baviera, Marienplatz",030138,Campolongo Tapogliano,45.864112,13.394133,306.8,471.1,26,2026-10-07,"OSRM router.project-osrm.org table/v1 driving, senza traffico"
monaco,"Monaco di Baviera, Marienplatz",030188,Rivignano Teor,45.874273,13.041142,316.2,470.3,20,2026-10-07,"OSRM router.project-osrm.org table/v1 driving, senza traffico"
monaco,"Monaco di Baviera, Marienplatz",030189,Sappada,46.566001,12.683955,277.5,307.7,10,2026-10-07,"OSRM router.project-osrm.org table/v1 driving, senza traffico"
monaco,"Monaco di Baviera, Marienplatz",030190,Fiumicello Villa Vicentina,45.790608,13.409463,315.6,480.6,36,2026-10-07,"OSRM router.project-osrm.org table/v1 driving, senza traffico"
monaco,"Monaco di Baviera, Marienplatz",030191,Treppo Ligosullo,46.533954,13.043084,250.6,284.4,22,2026-10-07,"OSRM router.project-osrm.org table/v1 driving, senza traffico"
monaco,"Monaco di Baviera, Marienplatz",031001,Capriva del Friuli,45.941736,13.514124,316.6,487.6,15,2026-10-07,"OSRM router.project-osrm.org table/v1 driving, senza traffico"
monaco,"Monaco di Baviera, Marienplatz",031002,Cormons,45.960441,13.473596,317.1,470.3,33,2026-10-07,"OSRM router.project-osrm.org table/v1 driving, senza traffico"
monaco,"Monaco di Baviera, Marienplatz",031003,Doberdò del Lago,45.844407,13.539869,313.3,485.0,12,2026-10-07,"OSRM router.project-osrm.org table/v1 driving, senza traffico"
monaco,"Monaco di Baviera, Marienplatz",031004,Dolegna del Collio,46.031663,13.479284,314.4,466.9,16,2026-10-07,"OSRM router.project-osrm.org table/v1 driving, senza traffico"
monaco,"Monaco di Baviera, Marienplatz",031005,Farra d'Isonzo,45.907389,13.518017,314.0,485.2,18,2026-10-07,"OSRM router.project-osrm.org table/v1 driving, senza traffico"
monaco,"Monaco di Baviera, Marienplatz",031006,Fogliano Redipuglia,45.866489,13.481002,308.9,481.5,13,2026-10-07,"OSRM router.project-osrm.org table/v1 driving, senza traffico"
monaco,"Monaco di Baviera, Marienplatz",031007,Gorizia,45.9352,13.6193,315.4,491.7,65,2026-10-07,"OSRM router.project-osrm.org table/v1 driving, senza traffico"
monaco,"Monaco di Baviera, Marienplatz",031008,Gradisca d'Isonzo,45.889092,13.50388,311.1,479.6,23,2026-10-07,"OSRM router.project-osrm.org table/v1 driving, senza traffico"
monaco,"Monaco di Baviera, Marienplatz",031009,Grado,45.67521,13.386509,327.2,489.3,22,2026-10-07,"OSRM router.project-osrm.org table/v1 driving, senza traffico"
monaco,"Monaco di Baviera, Marienplatz",031010,Mariano del Friuli,45.917913,13.458528,309.8,482.1,14,2026-10-07,"OSRM router.project-osrm.org table/v1 driving, senza traffico"
monaco,"Monaco di Baviera, Marienplatz",031011,Medea,45.917082,13.423527,310.2,475.3,15,2026-10-07,"OSRM router.project-osrm.org table/v1 driving, senza traffico"
monaco,"Monaco di Baviera, Marienplatz",031012,Monfalcone,45.809243,13.533109,311.8,483.9,62,2026-10-07,"OSRM router.project-osrm.org table/v1 driving, senza traffico"
monaco,"Monaco di Baviera, Marienplatz",031013,Moraro,45.930364,13.495069,312.9,485.4,24,2026-10-07,"OSRM router.project-osrm.org table/v1 driving, senza traffico"
monaco,"Monaco di Baviera, Marienplatz",031014,Mossa,45.938304,13.547759,318.3,489.3,9,2026-10-07,"OSRM router.project-osrm.org table/v1 driving, senza traffico"
monaco,"Monaco di Baviera, Marienplatz",031015,Romans d'Isonzo,45.890705,13.439262,306.3,476.4,17,2026-10-07,"OSRM router.project-osrm.org table/v1 driving, senza traffico"
monaco,"Monaco di Baviera, Marienplatz",031016,Ronchi dei Legionari,45.827808,13.501845,305.8,479.4,2,2026-10-07,"OSRM router.project-osrm.org table/v1 driving, senza traffico"
monaco,"Monaco di Baviera, Marienplatz",031017,Sagrado,45.876413,13.485413,308.3,478.0,14,2026-10-07,"OSRM router.project-osrm.org table/v1 driving, senza traffico"
monaco,"Monaco di Baviera, Marienplatz",031018,San Canzian d'Isonzo,45.809521,13.443429,312.9,483.9,27,2026-10-07,"OSRM router.project-osrm.org table/v1 driving, senza traffico"
monaco,"Monaco di Baviera, Marienplatz",031019,San Floriano del Collio,45.981819,13.585001,326.2,499.2,9,2026-10-07,"OSRM router.project-osrm.org table/v1 driving, senza traffico"
monaco,"Monaco di Baviera, Marienplatz",031020,San Lorenzo Isontino,45.932893,13.5264,315.0,487.2,20,2026-10-07,"OSRM router.project-osrm.org table/v1 driving, senza traffico"
monaco,"Monaco di Baviera, Marienplatz",031021,San Pier d'Isonzo,45.846374,13.460749,307.4,480.1,25,2026-10-07,"OSRM router.project-osrm.org table/v1 driving, senza traffico"
monaco,"Monaco di Baviera, Marienplatz",031022,Savogna d'Isonzo,45.905882,13.574864,317.0,492.9,4,2026-10-07,"OSRM router.project-osrm.org table/v1 driving, senza traffico"
monaco,"Monaco di Baviera, Marienplatz",031023,Staranzano,45.806505,13.499781,309.7,482.5,16,2026-10-07,"OSRM router.project-osrm.org table/v1 driving, senza traffico"
monaco,"Monaco di Baviera, Marienplatz",031024,Turriaco,45.820856,13.444822,312.9,483.8,12,2026-10-07,"OSRM router.project-osrm.org table/v1 driving, senza traffico"
monaco,"Monaco di Baviera, Marienplatz",031025,Villesse,45.859748,13.438408,304.6,475.2,15,2026-10-07,"OSRM router.project-osrm.org table/v1 driving, senza traffico"
monaco,"Monaco di Baviera, Marienplatz",032001,Duino Aurisina,45.750434,13.670866,319.6,496.8,24,2026-10-07,"OSRM router.project-osrm.org table/v1 driving, senza traffico"
salisburgo,"Salisburgo, Residenzplatz",030128,Trivignano Udinese,45.946056,13.340332,226.7,338.2,9,2026-10-07,"OSRM router.project-osrm.org table/v1 driving, senza traffico"
salisburgo,"Salisburgo, Residenzplatz",030129,Udine,46.062888,13.235295,209.8,311.6,56,2026-10-07,"OSRM router.project-osrm.org table/v1 driving, senza traffico"
salisburgo,"Salisburgo, Residenzplatz",030130,Varmo,45.886923,12.988075,237.2,339.7,16,2026-10-07,"OSRM router.project-osrm.org table/v1 driving, senza traffico"
salisburgo,"Salisburgo, Residenzplatz",030131,Venzone,46.333643,13.139082,191.4,280.7,15,2026-10-07,"OSRM router.project-osrm.org table/v1 driving, senza traffico"
salisburgo,"Salisburgo, Residenzplatz",030132,Verzegnis,46.389844,12.993745,189.7,279.2,18,2026-10-07,"OSRM router.project-osrm.org table/v1 driving, senza traffico"
salisburgo,"Salisburgo, Residenzplatz",030133,Villa Santina,46.415487,12.92394,195.4,283.7,6,2026-10-07,"OSRM router.project-osrm.org table/v1 driving, senza traffico"
salisburgo,"Salisburgo, Residenzplatz",030135,Visco,45.892082,13.347469,221.7,335.5,10,2026-10-07,"OSRM router.project-osrm.org table/v1 driving, senza traffico"
salisburgo,"Salisburgo, Residenzplatz",030136,Zuglio,46.460816,13.026158,195.9,239.8,12,2026-10-07,"OSRM router.project-osrm.org table/v1 driving, senza traffico"
salisburgo,"Salisburgo, Residenzplatz",030137,Forgaria nel Friuli,46.22412,12.968501,207.3,301.7,15,2026-10-07,"OSRM router.project-osrm.org table/v1 driving, senza traffico"
salisburgo,"Salisburgo, Residenzplatz",030138,Campolongo Tapogliano,45.864112,13.394133,227.8,339.6,26,2026-10-07,"OSRM router.project-osrm.org table/v1 driving, senza traffico"
salisburgo,"Salisburgo, Residenzplatz",030188,Rivignano Teor,45.874273,13.041142,237.1,338.8,20,2026-10-07,"OSRM router.project-osrm.org table/v1 driving, senza traffico"
salisburgo,"Salisburgo, Residenzplatz",030189,Sappada,46.566001,12.683955,230.1,269.1,10,2026-10-07,"OSRM router.project-osrm.org table/v1 driving, senza traffico"
salisburgo,"Salisburgo, Residenzplatz",030190,Fiumicello Villa Vicentina,45.790608,13.409463,236.6,349.1,36,2026-10-07,"OSRM router.project-osrm.org table/v1 driving, senza traffico"
salisburgo,"Salisburgo, Residenzplatz",030191,Treppo Ligosullo,46.533954,13.043084,187.4,232.9,22,2026-10-07,"OSRM router.project-osrm.org table/v1 driving, senza traffico"
salisburgo,"Salisburgo, Residenzplatz",031001,Capriva del Friuli,45.941736,13.514124,237.5,356.1,15,2026-10-07,"OSRM router.project-osrm.org table/v1 driving, senza traffico"
salisburgo,"Salisburgo, Residenzplatz",031002,Cormons,45.960441,13.473596,238.0,338.8,33,2026-10-07,"OSRM router.project-osrm.org table/v1 driving, senza traffico"
salisburgo,"Salisburgo, Residenzplatz",031003,Doberdò del Lago,45.844407,13.539869,234.2,353.5,12,2026-10-07,"OSRM router.project-osrm.org table/v1 driving, senza traffico"
salisburgo,"Salisburgo, Residenzplatz",031004,Dolegna del Collio,46.031663,13.479284,235.3,335.4,16,2026-10-07,"OSRM router.project-osrm.org table/v1 driving, senza traffico"
salisburgo,"Salisburgo, Residenzplatz",031005,Farra d'Isonzo,45.907389,13.518017,234.9,353.6,18,2026-10-07,"OSRM router.project-osrm.org table/v1 driving, senza traffico"
salisburgo,"Salisburgo, Residenzplatz",031006,Fogliano Redipuglia,45.866489,13.481002,229.9,349.9,13,2026-10-07,"OSRM router.project-osrm.org table/v1 driving, senza traffico"
salisburgo,"Salisburgo, Residenzplatz",031007,Gorizia,45.9352,13.6193,236.4,360.1,65,2026-10-07,"OSRM router.project-osrm.org table/v1 driving, senza traffico"
salisburgo,"Salisburgo, Residenzplatz",031008,Gradisca d'Isonzo,45.889092,13.50388,232.0,348.0,23,2026-10-07,"OSRM router.project-osrm.org table/v1 driving, senza traffico"
salisburgo,"Salisburgo, Residenzplatz",031009,Grado,45.67521,13.386509,248.1,357.7,22,2026-10-07,"OSRM router.project-osrm.org table/v1 driving, senza traffico"
salisburgo,"Salisburgo, Residenzplatz",031010,Mariano del Friuli,45.917913,13.458528,230.7,350.6,14,2026-10-07,"OSRM router.project-osrm.org table/v1 driving, senza traffico"
salisburgo,"Salisburgo, Residenzplatz",031011,Medea,45.917082,13.423527,231.1,343.8,15,2026-10-07,"OSRM router.project-osrm.org table/v1 driving, senza traffico"
salisburgo,"Salisburgo, Residenzplatz",031012,Monfalcone,45.809243,13.533109,232.8,352.3,62,2026-10-07,"OSRM router.project-osrm.org table/v1 driving, senza traffico"
salisburgo,"Salisburgo, Residenzplatz",031013,Moraro,45.930364,13.495069,233.8,353.9,24,2026-10-07,"OSRM router.project-osrm.org table/v1 driving, senza traffico"
salisburgo,"Salisburgo, Residenzplatz",031014,Mossa,45.938304,13.547759,239.2,357.7,9,2026-10-07,"OSRM router.project-osrm.org table/v1 driving, senza traffico"
salisburgo,"Salisburgo, Residenzplatz",031015,Romans d'Isonzo,45.890705,13.439262,227.2,344.9,17,2026-10-07,"OSRM router.project-osrm.org table/v1 driving, senza traffico"
salisburgo,"Salisburgo, Residenzplatz",031016,Ronchi dei Legionari,45.827808,13.501845,226.7,347.8,2,2026-10-07,"OSRM router.project-osrm.org table/v1 driving, senza traffico"
salisburgo,"Salisburgo, Residenzplatz",031017,Sagrado,45.876413,13.485413,229.3,346.4,14,2026-10-07,"OSRM router.project-osrm.org table/v1 driving, senza traffico"
salisburgo,"Salisburgo, Residenzplatz",031018,San Canzian d'Isonzo,45.809521,13.443429,233.8,352.3,27,2026-10-07,"OSRM router.project-osrm.org table/v1 driving, senza traffico"
salisburgo,"Salisburgo, Residenzplatz",031019,San Floriano del Collio,45.981819,13.585001,247.1,367.6,9,2026-10-07,"OSRM router.project-osrm.org table/v1 driving, senza traffico"
salisburgo,"Salisburgo, Residenzplatz",031020,San Lorenzo Isontino,45.932893,13.5264,236.0,355.7,20,2026-10-07,"OSRM router.project-osrm.org table/v1 driving, senza traffico"
salisburgo,"Salisburgo, Residenzplatz",031021,San Pier d'Isonzo,45.846374,13.460749,228.3,348.5,25,2026-10-07,"OSRM router.project-osrm.org table/v1 driving, senza traffico"
salisburgo,"Salisburgo, Residenzplatz",031022,Savogna d'Isonzo,45.905882,13.574864,237.9,361.4,4,2026-10-07,"OSRM router.project-osrm.org table/v1 driving, senza traffico"
salisburgo,"Salisburgo, Residenzplatz",031023,Staranzano,45.806505,13.499781,230.7,350.9,16,2026-10-07,"OSRM router.project-osrm.org table/v1 driving, senza traffico"
salisburgo,"Salisburgo, Residenzplatz",031024,Turriaco,45.820856,13.444822,233.9,352.2,12,2026-10-07,"OSRM router.project-osrm.org table/v1 driving, senza traffico"
salisburgo,"Salisburgo, Residenzplatz",031025,Villesse,45.859748,13.438408,225.5,343.6,15,2026-10-07,"OSRM router.project-osrm.org table/v1 driving, senza traffico"
salisburgo,"Salisburgo, Residenzplatz",032001,Duino Aurisina,45.750434,13.670866,240.5,365.3,24,2026-10-07,"OSRM router.project-osrm.org table/v1 driving, senza traffico"
trieste,"Trieste, Piazza Unità d'Italia",032002,Monrupino,45.718913,13.800474,16.0,10.0,13,2026-10-07,"OSRM router.project-osrm.org table/v1 driving, senza traffico"
trieste,"Trieste, Piazza Unità d'Italia",032003,Muggia,45.604441,13.767529,18.2,12.0,27,2026-10-07,"OSRM router.project-osrm.org table/v1 driving, senza traffico"
trieste,"Trieste, Piazza Unità d'Italia",032004,San Dorligo della Valle,45.607789,13.856888,14.9,11.1,36,2026-10-07,"OSRM router.project-osrm.org table/v1 driving, senza traffico"
trieste,"Trieste, Piazza Unità d'Italia",032005,Sgonico,45.733333,13.75,21.3,13.6,76,2026-10-07,"OSRM router.project-osrm.org table/v1 driving, senza traffico"
trieste,"Trieste, Piazza Unità d'Italia",032006,Trieste,45.649425,13.768411,2.2,1.3,65,2026-10-07,"OSRM router.project-osrm.org table/v1 driving, senza traffico"
trieste,"Trieste, Piazza Unità d'Italia",093001,Andreis,46.2018,12.614563,119.1,148.2,20,2026-10-07,"OSRM router.project-osrm.org table/v1 driving, senza traffico"
trieste,"Trieste, Piazza Unità d'Italia",093002,Arba,46.146218,12.790431,104.2,116.6,17,2026-10-07,"OSRM router.project-osrm.org table/v1 driving, senza traffico"
trieste,"Trieste, Piazza Unità d'Italia",093004,Aviano,46.06702,12.588168,103.5,129.1,10,2026-10-07,"OSRM router.project-osrm.org table/v1 driving, senza traffico"
trieste,"Trieste, Piazza Unità d'Italia",093005,Azzano Decimo,45.88103,12.714836,78.4,107.3,19,2026-10-07,"OSRM router.project-osrm.org table/v1 driving, senza traffico"
trieste,"Trieste, Piazza Unità d'Italia",093006,Barcis,46.190979,12.560075,118.2,149.4,12,2026-10-07,"OSRM router.project-osrm.org table/v1 driving, senza traffico"
trieste,"Trieste, Piazza Unità d'Italia",093007,Brugnera,45.899184,12.536807,90.9,127.5,18,2026-10-07,"OSRM router.project-osrm.org table/v1 driving, senza traffico"
trieste,"Trieste, Piazza Unità d'Italia",093008,Budoia,46.042776,12.532425,101.5,135.9,10,2026-10-07,"OSRM router.project-osrm.org table/v1 driving, senza traffico"
trieste,"Trieste, Piazza Unità d'Italia",093009,Caneva,45.968792,12.448944,95.1,132.3,27,2026-10-07,"OSRM router.project-osrm.org table/v1 driving, senza traffico"
trieste,"Trieste, Piazza Unità d'Italia",093010,Casarsa della Delizia,45.95703,12.84212,88.6,115.1,13,2026-10-07,"OSRM router.project-osrm.org table/v1 driving, senza traffico"
trieste,"Trieste, Piazza Unità d'Italia",093011,Castelnovo del Friuli,46.199867,12.903252,104.8,127.5,16,2026-10-07,"OSRM router.project-osrm.org table/v1 driving, senza traffico"
trieste,"Trieste, Piazza Unità d'Italia",093012,Cavasso Nuovo,46.194391,12.768723,108.8,118.9,39,2026-10-07,"OSRM router.project-osrm.org table/v1 driving, senza traffico"
trieste,"Trieste, Piazza Unità d'Italia",093013,Chions,45.862319,12.752446,75.0,101.4,20,2026-10-07,"OSRM router.project-osrm.org table/v1 driving, senza traffico"
trieste,"Trieste, Piazza Unità d'Italia",093014,Cimolais,46.288052,12.437826,135.5,166.7,8,2026-10-07,"OSRM router.project-osrm.org table/v1 driving, senza traffico"
trieste,"Trieste, Piazza Unità d'Italia",093015,Claut,46.267486,12.513766,135.7,166.5,10,2026-10-07,"OSRM router.project-osrm.org table/v1 driving, senza traffico"
trieste,"Trieste, Piazza Unità d'Italia",093016,Clauzetto,46.230058,12.917139,100.8,122.0,20,2026-10-07,"OSRM router.project-osrm.org table/v1 driving, senza traffico"
trieste,"Trieste, Piazza Unità d'Italia",093017,Cordenons,45.988382,12.707699,91.2,118.9,14,2026-10-07,"OSRM router.project-osrm.org table/v1 driving, senza traffico"
trieste,"Trieste, Piazza Unità d'Italia",093018,Cordovado,45.849887,12.882508,78.6,95.8,15,2026-10-07,"OSRM router.project-osrm.org table/v1 driving, senza traffico"
trieste,"Trieste, Piazza Unità d'Italia",093019,Erto e Casso,46.275654,12.373545,139.6,198.3,9,2026-10-07,"OSRM router.project-osrm.org table/v1 driving, senza traffico"
trieste,"Trieste, Piazza Unità d'Italia",093020,Fanna,46.1878,12.754586,107.2,119.2,20,2026-10-07,"OSRM router.project-osrm.org table/v1 driving, senza traffico"
trieste,"Trieste, Piazza Unità d'Italia",093021,Fiume Veneto,45.927943,12.732176,79.4,108.4,21,2026-10-07,"OSRM router.project-osrm.org table/v1 driving, senza traffico"
trieste,"Trieste, Piazza Unità d'Italia",093022,Fontanafredda,45.966667,12.566667,91.5,124.9,86,2026-10-07,"OSRM router.project-osrm.org table/v1 driving, senza traffico"
trieste,"Trieste, Piazza Unità d'Italia",093024,Frisanco,46.212743,12.723599,117.5,127.4,14,2026-10-07,"OSRM router.project-osrm.org table/v1 driving, senza traffico"
trieste,"Trieste, Piazza Unità d'Italia",093025,Maniago,46.170974,12.707399,108.8,121.3,33,2026-10-07,"OSRM router.project-osrm.org table/v1 driving, senza traffico"
trieste,"Trieste, Piazza Unità d'Italia",093026,Meduno,46.217702,12.788437,108.5,119.2,22,2026-10-07,"OSRM router.project-osrm.org table/v1 driving, senza traffico"
trieste,"Trieste, Piazza Unità d'Italia",093027,Montereale Valcellina,46.166667,12.666667,113.2,139.6,165,2026-10-07,"OSRM router.project-osrm.org table/v1 driving, senza traffico"
trieste,"Trieste, Piazza Unità d'Italia",093028,Morsano al Tagliamento,45.858235,12.928822,73.9,91.7,16,2026-10-07,"OSRM router.project-osrm.org table/v1 driving, senza traffico"
trieste,"Trieste, Piazza Unità d'Italia",093029,Pasiano di Pordenone,45.851525,12.627643,89.8,116.6,22,2026-10-07,"OSRM router.project-osrm.org table/v1 driving, senza traffico"
trieste,"Trieste, Piazza Unità d'Italia",093030,Pinzano al Tagliamento,46.182989,12.946087,92.4,118.8,11,2026-10-07,"OSRM router.project-osrm.org table/v1 driving, senza traffico"
trieste,"Trieste, Piazza Unità d'Italia",093031,Polcenigo,46.030297,12.501853,99.6,133.9,11,2026-10-07,"OSRM router.project-osrm.org table/v1 driving, senza traffico"
trieste,"Trieste, Piazza Unità d'Italia",093032,Porcia,45.958016,12.611469,83.9,117.1,17,2026-10-07,"OSRM router.project-osrm.org table/v1 driving, senza traffico"
trieste,"Trieste, Piazza Unità d'Italia",093033,Pordenone,45.954241,12.659935,81.8,113.9,64,2026-10-07,"OSRM router.project-osrm.org table/v1 driving, senza traffico"
trieste,"Trieste, Piazza Unità d'Italia",093034,Prata di Pordenone,45.894278,12.596855,87.7,119.5,48,2026-10-07,"OSRM router.project-osrm.org table/v1 driving, senza traffico"
trieste,"Trieste, Piazza Unità d'Italia",093035,Pravisdomini,45.817675,12.691792,83.3,108.2,22,2026-10-07,"OSRM router.project-osrm.org table/v1 driving, senza traffico"
trieste,"Trieste, Piazza Unità d'Italia",093036,Roveredo in Piano,46.009202,12.618308,93.4,123.0,24,2026-10-07,"OSRM router.project-osrm.org table/v1 driving, senza traffico"
trieste,"Trieste, Piazza Unità d'Italia",093037,Sacile,45.954346,12.502852,92.7,126.2,25,2026-10-07,"OSRM router.project-osrm.org table/v1 driving, senza traffico"
udine,"Udine, Piazza della Libertà",032002,Monrupino,45.718913,13.800474,59.5,73.4,13,2026-10-07,"OSRM router.project-osrm.org table/v1 driving, senza traffico"
udine,"Udine, Piazza della Libertà",032003,Muggia,45.604441,13.767529,73.3,89.0,27,2026-10-07,"OSRM router.project-osrm.org table/v1 driving, senza traffico"
udine,"Udine, Piazza della Libertà",032004,San Dorligo della Valle,45.607789,13.856888,65.0,84.2,36,2026-10-07,"OSRM router.project-osrm.org table/v1 driving, senza traffico"
udine,"Udine, Piazza della Libertà",032005,Sgonico,45.733333,13.75,53.4,68.0,76,2026-10-07,"OSRM router.project-osrm.org table/v1 driving, senza traffico"
udine,"Udine, Piazza della Libertà",032006,Trieste,45.649425,13.768411,64.1,75.1,65,2026-10-07,"OSRM router.project-osrm.org table/v1 driving, senza traffico"
udine,"Udine, Piazza della Libertà",093001,Andreis,46.2018,12.614563,75.9,66.9,20,2026-10-07,"OSRM router.project-osrm.org table/v1 driving, senza traffico"
udine,"Udine, Piazza della Libertà",093002,Arba,46.146218,12.790431,54.6,47.0,17,2026-10-07,"OSRM router.project-osrm.org table/v1 driving, senza traffico"
udine,"Udine, Piazza della Libertà",093004,Aviano,46.06702,12.588168,73.3,61.8,10,2026-10-07,"OSRM router.project-osrm.org table/v1 driving, senza traffico"
udine,"Udine, Piazza della Libertà",093005,Azzano Decimo,45.88103,12.714836,58.0,77.7,19,2026-10-07,"OSRM router.project-osrm.org table/v1 driving, senza traffico"
udine,"Udine, Piazza della Libertà",093006,Barcis,46.190979,12.560075,75.1,68.0,12,2026-10-07,"OSRM router.project-osrm.org table/v1 driving, senza traffico"
udine,"Udine, Piazza della Libertà",093007,Brugnera,45.899184,12.536807,70.6,97.9,18,2026-10-07,"OSRM router.project-osrm.org table/v1 driving, senza traffico"
udine,"Udine, Piazza della Libertà",093008,Budoia,46.042776,12.532425,79.3,68.1,10,2026-10-07,"OSRM router.project-osrm.org table/v1 driving, senza traffico"
udine,"Udine, Piazza della Libertà",093009,Caneva,45.968792,12.448944,74.8,102.7,27,2026-10-07,"OSRM router.project-osrm.org table/v1 driving, senza traffico"
udine,"Udine, Piazza della Libertà",093010,Casarsa della Delizia,45.95703,12.84212,43.9,36.7,13,2026-10-07,"OSRM router.project-osrm.org table/v1 driving, senza traffico"
udine,"Udine, Piazza della Libertà",093011,Castelnovo del Friuli,46.199867,12.903252,56.1,45.4,16,2026-10-07,"OSRM router.project-osrm.org table/v1 driving, senza traffico"
udine,"Udine, Piazza della Libertà",093012,Cavasso Nuovo,46.194391,12.768723,59.2,49.2,39,2026-10-07,"OSRM router.project-osrm.org table/v1 driving, senza traffico"
udine,"Udine, Piazza della Libertà",093013,Chions,45.862319,12.752446,54.7,71.8,20,2026-10-07,"OSRM router.project-osrm.org table/v1 driving, senza traffico"
udine,"Udine, Piazza della Libertà",093014,Cimolais,46.288052,12.437826,92.3,85.3,8,2026-10-07,"OSRM router.project-osrm.org table/v1 driving, senza traffico"
udine,"Udine, Piazza della Libertà",093015,Claut,46.267486,12.513766,92.6,85.2,10,2026-10-07,"OSRM router.project-osrm.org table/v1 driving, senza traffico"
udine,"Udine, Piazza della Libertà",093016,Clauzetto,46.230058,12.917139,54.9,41.7,20,2026-10-07,"OSRM router.project-osrm.org table/v1 driving, senza traffico"
udine,"Udine, Piazza della Libertà",093017,Cordenons,45.988382,12.707699,63.3,53.1,14,2026-10-07,"OSRM router.project-osrm.org table/v1 driving, senza traffico"
udine,"Udine, Piazza della Libertà",093018,Cordovado,45.849887,12.882508,46.3,43.3,15,2026-10-07,"OSRM router.project-osrm.org table/v1 driving, senza traffico"
udine,"Udine, Piazza della Libertà",093019,Erto e Casso,46.275654,12.373545,102.3,93.8,9,2026-10-07,"OSRM router.project-osrm.org table/v1 driving, senza traffico"
udine,"Udine, Piazza della Libertà",093020,Fanna,46.1878,12.754586,57.6,49.6,20,2026-10-07,"OSRM router.project-osrm.org table/v1 driving, senza traffico"
udine,"Udine, Piazza della Libertà",093021,Fiume Veneto,45.927943,12.732176,58.0,47.1,21,2026-10-07,"OSRM router.project-osrm.org table/v1 driving, senza traffico"
udine,"Udine, Piazza della Libertà",093022,Fontanafredda,45.966667,12.566667,71.2,95.4,86,2026-10-07,"OSRM router.project-osrm.org table/v1 driving, senza traffico"
udine,"Udine, Piazza della Libertà",093024,Frisanco,46.212743,12.723599,68.0,57.8,14,2026-10-07,"OSRM router.project-osrm.org table/v1 driving, senza traffico"
udine,"Udine, Piazza della Libertà",093025,Maniago,46.170974,12.707399,59.2,51.7,33,2026-10-07,"OSRM router.project-osrm.org table/v1 driving, senza traffico"
udine,"Udine, Piazza della Libertà",093026,Meduno,46.217702,12.788437,58.9,49.5,22,2026-10-07,"OSRM router.project-osrm.org table/v1 driving, senza traffico"
udine,"Udine, Piazza della Libertà",093027,Montereale Valcellina,46.166667,12.666667,70.4,58.7,165,2026-10-07,"OSRM router.project-osrm.org table/v1 driving, senza traffico"
udine,"Udine, Piazza della Libertà",093028,Morsano al Tagliamento,45.858235,12.928822,41.6,39.3,16,2026-10-07,"OSRM router.project-osrm.org table/v1 driving, senza traffico"
udine,"Udine, Piazza della Libertà",093029,Pasiano di Pordenone,45.851525,12.627643,69.5,87.0,22,2026-10-07,"OSRM router.project-osrm.org table/v1 driving, senza traffico"
udine,"Udine, Piazza della Libertà",093030,Pinzano al Tagliamento,46.182989,12.946087,43.7,33.3,11,2026-10-07,"OSRM router.project-osrm.org table/v1 driving, senza traffico"
udine,"Udine, Piazza della Libertà",093031,Polcenigo,46.030297,12.501853,79.3,104.3,11,2026-10-07,"OSRM router.project-osrm.org table/v1 driving, senza traffico"
udine,"Udine, Piazza della Libertà",093032,Porcia,45.958016,12.611469,63.6,87.5,17,2026-10-07,"OSRM router.project-osrm.org table/v1 driving, senza traffico"
udine,"Udine, Piazza della Libertà",093033,Pordenone,45.954241,12.659935,61.5,84.3,64,2026-10-07,"OSRM router.project-osrm.org table/v1 driving, senza traffico"
udine,"Udine, Piazza della Libertà",093034,Prata di Pordenone,45.894278,12.596855,67.4,90.0,48,2026-10-07,"OSRM router.project-osrm.org table/v1 driving, senza traffico"
udine,"Udine, Piazza della Libertà",093035,Pravisdomini,45.817675,12.691792,63.0,78.6,22,2026-10-07,"OSRM router.project-osrm.org table/v1 driving, senza traffico"
udine,"Udine, Piazza della Libertà",093036,Roveredo in Piano,46.009202,12.618308,68.5,59.9,24,2026-10-07,"OSRM router.project-osrm.org table/v1 driving, senza traffico"
udine,"Udine, Piazza della Libertà",093037,Sacile,45.954346,12.502852,72.4,96.6,25,2026-10-07,"OSRM router.project-osrm.org table/v1 driving, senza traffico"
aer_trieste,"Aeroporto di Trieste (Ronchi dei Legionari), terminal",032002,Monrupino,45.718913,13.800474,35.2,38.0,13,2026-10-07,"OSRM router.project-osrm.org table/v1 driving, senza traffico"
aer_trieste,"Aeroporto di Trieste (Ronchi dei Legionari), terminal",032003,Muggia,45.604441,13.767529,49.0,53.6,27,2026-10-07,"OSRM router.project-osrm.org table/v1 driving, senza traffico"
aer_trieste,"Aeroporto di Trieste (Ronchi dei Legionari), terminal",032004,San Dorligo della Valle,45.607789,13.856888,40.7,48.7,36,2026-10-07,"OSRM router.project-osrm.org table/v1 driving, senza traffico"
aer_trieste,"Aeroporto di Trieste (Ronchi dei Legionari), terminal",032005,Sgonico,45.733333,13.75,29.1,32.5,76,2026-10-07,"OSRM router.project-osrm.org table/v1 driving, senza traffico"
aer_trieste,"Aeroporto di Trieste (Ronchi dei Legionari), terminal",032006,Trieste,45.649425,13.768411,39.8,39.7,65,2026-10-07,"OSRM router.project-osrm.org table/v1 driving, senza traffico"
aer_trieste,"Aeroporto di Trieste (Ronchi dei Legionari), terminal",093001,Andreis,46.2018,12.614563,95.0,117.3,20,2026-10-07,"OSRM router.project-osrm.org table/v1 driving, senza traffico"
aer_trieste,"Aeroporto di Trieste (Ronchi dei Legionari), terminal",093002,Arba,46.146218,12.790431,80.2,85.7,17,2026-10-07,"OSRM router.project-osrm.org table/v1 driving, senza traffico"
aer_trieste,"Aeroporto di Trieste (Ronchi dei Legionari), terminal",093004,Aviano,46.06702,12.588168,79.4,98.1,10,2026-10-07,"OSRM router.project-osrm.org table/v1 driving, senza traffico"
aer_trieste,"Aeroporto di Trieste (Ronchi dei Legionari), terminal",093005,Azzano Decimo,45.88103,12.714836,54.3,76.3,19,2026-10-07,"OSRM router.project-osrm.org table/v1 driving, senza traffico"
aer_trieste,"Aeroporto di Trieste (Ronchi dei Legionari), terminal",093006,Barcis,46.190979,12.560075,94.2,118.4,12,2026-10-07,"OSRM router.project-osrm.org table/v1 driving, senza traffico"
aer_trieste,"Aeroporto di Trieste (Ronchi dei Legionari), terminal",093007,Brugnera,45.899184,12.536807,66.9,96.5,18,2026-10-07,"OSRM router.project-osrm.org table/v1 driving, senza traffico"
aer_trieste,"Aeroporto di Trieste (Ronchi dei Legionari), terminal",093008,Budoia,46.042776,12.532425,77.5,105.0,10,2026-10-07,"OSRM router.project-osrm.org table/v1 driving, senza traffico"
aer_trieste,"Aeroporto di Trieste (Ronchi dei Legionari), terminal",093009,Caneva,45.968792,12.448944,71.0,101.3,27,2026-10-07,"OSRM router.project-osrm.org table/v1 driving, senza traffico"
aer_trieste,"Aeroporto di Trieste (Ronchi dei Legionari), terminal",093010,Casarsa della Delizia,45.95703,12.84212,64.6,84.1,13,2026-10-07,"OSRM router.project-osrm.org table/v1 driving, senza traffico"
aer_trieste,"Aeroporto di Trieste (Ronchi dei Legionari), terminal",093011,Castelnovo del Friuli,46.199867,12.903252,80.8,96.6,16,2026-10-07,"OSRM router.project-osrm.org table/v1 driving, senza traffico"
aer_trieste,"Aeroporto di Trieste (Ronchi dei Legionari), terminal",093012,Cavasso Nuovo,46.194391,12.768723,84.7,87.9,39,2026-10-07,"OSRM router.project-osrm.org table/v1 driving, senza traffico"
aer_trieste,"Aeroporto di Trieste (Ronchi dei Legionari), terminal",093013,Chions,45.862319,12.752446,51.0,70.4,20,2026-10-07,"OSRM router.project-osrm.org table/v1 driving, senza traffico"
aer_trieste,"Aeroporto di Trieste (Ronchi dei Legionari), terminal",093014,Cimolais,46.288052,12.437826,111.4,135.7,8,2026-10-07,"OSRM router.project-osrm.org table/v1 driving, senza traffico"
aer_trieste,"Aeroporto di Trieste (Ronchi dei Legionari), terminal",093015,Claut,46.267486,12.513766,111.7,135.6,10,2026-10-07,"OSRM router.project-osrm.org table/v1 driving, senza traffico"
aer_trieste,"Aeroporto di Trieste (Ronchi dei Legionari), terminal",093016,Clauzetto,46.230058,12.917139,76.7,91.1,20,2026-10-07,"OSRM router.project-osrm.org table/v1 driving, senza traffico"
aer_trieste,"Aeroporto di Trieste (Ronchi dei Legionari), terminal",093017,Cordenons,45.988382,12.707699,67.2,87.9,14,2026-10-07,"OSRM router.project-osrm.org table/v1 driving, senza traffico"
aer_trieste,"Aeroporto di Trieste (Ronchi dei Legionari), terminal",093018,Cordovado,45.849887,12.882508,54.6,64.8,15,2026-10-07,"OSRM router.project-osrm.org table/v1 driving, senza traffico"
aer_trieste,"Aeroporto di Trieste (Ronchi dei Legionari), terminal",093019,Erto e Casso,46.275654,12.373545,115.5,167.3,9,2026-10-07,"OSRM router.project-osrm.org table/v1 driving, senza traffico"
aer_trieste,"Aeroporto di Trieste (Ronchi dei Legionari), terminal",093020,Fanna,46.1878,12.754586,83.1,88.2,20,2026-10-07,"OSRM router.project-osrm.org table/v1 driving, senza traffico"
aer_trieste,"Aeroporto di Trieste (Ronchi dei Legionari), terminal",093021,Fiume Veneto,45.927943,12.732176,55.3,77.5,21,2026-10-07,"OSRM router.project-osrm.org table/v1 driving, senza traffico"
aer_trieste,"Aeroporto di Trieste (Ronchi dei Legionari), terminal",093022,Fontanafredda,45.966667,12.566667,67.5,94.0,86,2026-10-07,"OSRM router.project-osrm.org table/v1 driving, senza traffico"
aer_trieste,"Aeroporto di Trieste (Ronchi dei Legionari), terminal",093024,Frisanco,46.212743,12.723599,93.5,96.4,14,2026-10-07,"OSRM router.project-osrm.org table/v1 driving, senza traffico"
aer_trieste,"Aeroporto di Trieste (Ronchi dei Legionari), terminal",093025,Maniago,46.170974,12.707399,84.7,90.3,33,2026-10-07,"OSRM router.project-osrm.org table/v1 driving, senza traffico"
aer_trieste,"Aeroporto di Trieste (Ronchi dei Legionari), terminal",093026,Meduno,46.217702,12.788437,84.5,88.2,22,2026-10-07,"OSRM router.project-osrm.org table/v1 driving, senza traffico"
aer_trieste,"Aeroporto di Trieste (Ronchi dei Legionari), terminal",093027,Montereale Valcellina,46.166667,12.666667,89.2,108.6,165,2026-10-07,"OSRM router.project-osrm.org table/v1 driving, senza traffico"
aer_trieste,"Aeroporto di Trieste (Ronchi dei Legionari), terminal",093028,Morsano al Tagliamento,45.858235,12.928822,49.9,60.8,16,2026-10-07,"OSRM router.project-osrm.org table/v1 driving, senza traffico"
aer_trieste,"Aeroporto di Trieste (Ronchi dei Legionari), terminal",093029,Pasiano di Pordenone,45.851525,12.627643,65.8,85.6,22,2026-10-07,"OSRM router.project-osrm.org table/v1 driving, senza traffico"
aer_trieste,"Aeroporto di Trieste (Ronchi dei Legionari), terminal",093030,Pinzano al Tagliamento,46.182989,12.946087,68.3,87.9,11,2026-10-07,"OSRM router.project-osrm.org table/v1 driving, senza traffico"
aer_trieste,"Aeroporto di Trieste (Ronchi dei Legionari), terminal",093031,Polcenigo,46.030297,12.501853,75.6,102.9,11,2026-10-07,"OSRM router.project-osrm.org table/v1 driving, senza traffico"
aer_trieste,"Aeroporto di Trieste (Ronchi dei Legionari), terminal",093032,Porcia,45.958016,12.611469,59.9,86.1,17,2026-10-07,"OSRM router.project-osrm.org table/v1 driving, senza traffico"
aer_trieste,"Aeroporto di Trieste (Ronchi dei Legionari), terminal",093033,Pordenone,45.954241,12.659935,57.8,82.9,64,2026-10-07,"OSRM router.project-osrm.org table/v1 driving, senza traffico"
aer_trieste,"Aeroporto di Trieste (Ronchi dei Legionari), terminal",093034,Prata di Pordenone,45.894278,12.596855,63.7,88.6,48,2026-10-07,"OSRM router.project-osrm.org table/v1 driving, senza traffico"
aer_trieste,"Aeroporto di Trieste (Ronchi dei Legionari), terminal",093035,Pravisdomini,45.817675,12.691792,59.3,77.2,22,2026-10-07,"OSRM router.project-osrm.org table/v1 driving, senza traffico"
aer_trieste,"Aeroporto di Trieste (Ronchi dei Legionari), terminal",093036,Roveredo in Piano,46.009202,12.618308,69.4,92.1,24,2026-10-07,"OSRM router.project-osrm.org table/v1 driving, senza traffico"
aer_trieste,"Aeroporto di Trieste (Ronchi dei Legionari), terminal",093037,Sacile,45.954346,12.502852,68.7,95.3,25,2026-10-07,"OSRM router.project-osrm.org table/v1 driving, senza traffico"
aer_venezia,"Aeroporto di Venezia Marco Polo, viale Galilei (accesso terminal)",032002,Monrupino,45.718913,13.800474,99.8,147.0,13,2026-10-07,"OSRM router.project-osrm.org table/v1 driving, senza traffico"
aer_venezia,"Aeroporto di Venezia Marco Polo, viale Galilei (accesso terminal)",032003,Muggia,45.604441,13.767529,113.6,162.5,27,2026-10-07,"OSRM router.project-osrm.org table/v1 driving, senza traffico"
aer_venezia,"Aeroporto di Venezia Marco Polo, viale Galilei (accesso terminal)",032004,San Dorligo della Valle,45.607789,13.856888,105.3,157.7,36,2026-10-07,"OSRM router.project-osrm.org table/v1 driving, senza traffico"
aer_venezia,"Aeroporto di Venezia Marco Polo, viale Galilei (accesso terminal)",032005,Sgonico,45.733333,13.75,93.7,141.5,76,2026-10-07,"OSRM router.project-osrm.org table/v1 driving, senza traffico"
aer_venezia,"Aeroporto di Venezia Marco Polo, viale Galilei (accesso terminal)",032006,Trieste,45.649425,13.768411,104.4,148.7,65,2026-10-07,"OSRM router.project-osrm.org table/v1 driving, senza traffico"
aer_venezia,"Aeroporto di Venezia Marco Polo, viale Galilei (accesso terminal)",093001,Andreis,46.2018,12.614563,86.5,109.1,20,2026-10-07,"OSRM router.project-osrm.org table/v1 driving, senza traffico"
aer_venezia,"Aeroporto di Venezia Marco Polo, viale Galilei (accesso terminal)",093002,Arba,46.146218,12.790431,82.3,113.3,17,2026-10-07,"OSRM router.project-osrm.org table/v1 driving, senza traffico"
aer_venezia,"Aeroporto di Venezia Marco Polo, viale Galilei (accesso terminal)",093004,Aviano,46.06702,12.588168,64.3,83.3,10,2026-10-07,"OSRM router.project-osrm.org table/v1 driving, senza traffico"
aer_venezia,"Aeroporto di Venezia Marco Polo, viale Galilei (accesso terminal)",093005,Azzano Decimo,45.88103,12.714836,54.6,76.2,19,2026-10-07,"OSRM router.project-osrm.org table/v1 driving, senza traffico"
aer_venezia,"Aeroporto di Venezia Marco Polo, viale Galilei (accesso terminal)",093006,Barcis,46.190979,12.560075,85.7,110.2,12,2026-10-07,"OSRM router.project-osrm.org table/v1 driving, senza traffico"
aer_venezia,"Aeroporto di Venezia Marco Polo, viale Galilei (accesso terminal)",093007,Brugnera,45.899184,12.536807,46.5,67.9,18,2026-10-07,"OSRM router.project-osrm.org table/v1 driving, senza traffico"
aer_venezia,"Aeroporto di Venezia Marco Polo, viale Galilei (accesso terminal)",093008,Budoia,46.042776,12.532425,59.9,80.7,10,2026-10-07,"OSRM router.project-osrm.org table/v1 driving, senza traffico"
aer_venezia,"Aeroporto di Venezia Marco Polo, viale Galilei (accesso terminal)",093009,Caneva,45.968792,12.448944,49.9,69.7,27,2026-10-07,"OSRM router.project-osrm.org table/v1 driving, senza traffico"
aer_venezia,"Aeroporto di Venezia Marco Polo, viale Galilei (accesso terminal)",093010,Casarsa della Delizia,45.95703,12.84212,64.9,84.1,13,2026-10-07,"OSRM router.project-osrm.org table/v1 driving, senza traffico"
aer_venezia,"Aeroporto di Venezia Marco Polo, viale Galilei (accesso terminal)",093011,Castelnovo del Friuli,46.199867,12.903252,90.8,121.4,16,2026-10-07,"OSRM router.project-osrm.org table/v1 driving, senza traffico"
aer_venezia,"Aeroporto di Venezia Marco Polo, viale Galilei (accesso terminal)",093012,Cavasso Nuovo,46.194391,12.768723,86.7,108.1,39,2026-10-07,"OSRM router.project-osrm.org table/v1 driving, senza traffico"
aer_venezia,"Aeroporto di Venezia Marco Polo, viale Galilei (accesso terminal)",093013,Chions,45.862319,12.752446,51.3,70.4,20,2026-10-07,"OSRM router.project-osrm.org table/v1 driving, senza traffico"
aer_venezia,"Aeroporto di Venezia Marco Polo, viale Galilei (accesso terminal)",093014,Cimolais,46.288052,12.437826,81.9,115.1,8,2026-10-07,"OSRM router.project-osrm.org table/v1 driving, senza traffico"
aer_venezia,"Aeroporto di Venezia Marco Polo, viale Galilei (accesso terminal)",093015,Claut,46.267486,12.513766,90.3,122.9,10,2026-10-07,"OSRM router.project-osrm.org table/v1 driving, senza traffico"
aer_venezia,"Aeroporto di Venezia Marco Polo, viale Galilei (accesso terminal)",093016,Clauzetto,46.230058,12.917139,99.6,128.7,20,2026-10-07,"OSRM router.project-osrm.org table/v1 driving, senza traffico"
aer_venezia,"Aeroporto di Venezia Marco Polo, viale Galilei (accesso terminal)",093017,Cordenons,45.988382,12.707699,60.7,83.9,14,2026-10-07,"OSRM router.project-osrm.org table/v1 driving, senza traffico"
aer_venezia,"Aeroporto di Venezia Marco Polo, viale Galilei (accesso terminal)",093018,Cordovado,45.849887,12.882508,57.4,69.1,15,2026-10-07,"OSRM router.project-osrm.org table/v1 driving, senza traffico"
aer_venezia,"Aeroporto di Venezia Marco Polo, viale Galilei (accesso terminal)",093019,Erto e Casso,46.275654,12.373545,73.6,108.0,9,2026-10-07,"OSRM router.project-osrm.org table/v1 driving, senza traffico"
aer_venezia,"Aeroporto di Venezia Marco Polo, viale Galilei (accesso terminal)",093020,Fanna,46.1878,12.754586,84.7,106.7,20,2026-10-07,"OSRM router.project-osrm.org table/v1 driving, senza traffico"
aer_venezia,"Aeroporto di Venezia Marco Polo, viale Galilei (accesso terminal)",093021,Fiume Veneto,45.927943,12.732176,55.4,84.4,21,2026-10-07,"OSRM router.project-osrm.org table/v1 driving, senza traffico"
aer_venezia,"Aeroporto di Venezia Marco Polo, viale Galilei (accesso terminal)",093022,Fontanafredda,45.966667,12.566667,51.4,72.4,86,2026-10-07,"OSRM router.project-osrm.org table/v1 driving, senza traffico"
aer_venezia,"Aeroporto di Venezia Marco Polo, viale Galilei (accesso terminal)",093024,Frisanco,46.212743,12.723599,90.8,109.7,14,2026-10-07,"OSRM router.project-osrm.org table/v1 driving, senza traffico"
aer_venezia,"Aeroporto di Venezia Marco Polo, viale Galilei (accesso terminal)",093025,Maniago,46.170974,12.707399,80.3,102.8,33,2026-10-07,"OSRM router.project-osrm.org table/v1 driving, senza traffico"
aer_venezia,"Aeroporto di Venezia Marco Polo, viale Galilei (accesso terminal)",093026,Meduno,46.217702,12.788437,88.6,120.0,22,2026-10-07,"OSRM router.project-osrm.org table/v1 driving, senza traffico"
aer_venezia,"Aeroporto di Venezia Marco Polo, viale Galilei (accesso terminal)",093027,Montereale Valcellina,46.166667,12.666667,80.7,100.4,165,2026-10-07,"OSRM router.project-osrm.org table/v1 driving, senza traffico"
aer_venezia,"Aeroporto di Venezia Marco Polo, viale Galilei (accesso terminal)",093028,Morsano al Tagliamento,45.858235,12.928822,60.9,76.8,16,2026-10-07,"OSRM router.project-osrm.org table/v1 driving, senza traffico"
aer_venezia,"Aeroporto di Venezia Marco Polo, viale Galilei (accesso terminal)",093029,Pasiano di Pordenone,45.851525,12.627643,54.1,60.1,22,2026-10-07,"OSRM router.project-osrm.org table/v1 driving, senza traffico"
aer_venezia,"Aeroporto di Venezia Marco Polo, viale Galilei (accesso terminal)",093030,Pinzano al Tagliamento,46.182989,12.946087,88.9,121.6,11,2026-10-07,"OSRM router.project-osrm.org table/v1 driving, senza traffico"
aer_venezia,"Aeroporto di Venezia Marco Polo, viale Galilei (accesso terminal)",093031,Polcenigo,46.030297,12.501853,58.0,78.7,11,2026-10-07,"OSRM router.project-osrm.org table/v1 driving, senza traffico"
aer_venezia,"Aeroporto di Venezia Marco Polo, viale Galilei (accesso terminal)",093032,Porcia,45.958016,12.611469,50.5,75.5,17,2026-10-07,"OSRM router.project-osrm.org table/v1 driving, senza traffico"
aer_venezia,"Aeroporto di Venezia Marco Polo, viale Galilei (accesso terminal)",093033,Pordenone,45.954241,12.659935,51.3,77.9,64,2026-10-07,"OSRM router.project-osrm.org table/v1 driving, senza traffico"
aer_venezia,"Aeroporto di Venezia Marco Polo, viale Galilei (accesso terminal)",093034,Prata di Pordenone,45.894278,12.596855,51.9,73.9,48,2026-10-07,"OSRM router.project-osrm.org table/v1 driving, senza traffico"
aer_venezia,"Aeroporto di Venezia Marco Polo, viale Galilei (accesso terminal)",093035,Pravisdomini,45.817675,12.691792,46.1,57.7,22,2026-10-07,"OSRM router.project-osrm.org table/v1 driving, senza traffico"
aer_venezia,"Aeroporto di Venezia Marco Polo, viale Galilei (accesso terminal)",093036,Roveredo in Piano,46.009202,12.618308,58.2,78.8,24,2026-10-07,"OSRM router.project-osrm.org table/v1 driving, senza traffico"
aer_venezia,"Aeroporto di Venezia Marco Polo, viale Galilei (accesso terminal)",093037,Sacile,45.954346,12.502852,48.1,67.0,25,2026-10-07,"OSRM router.project-osrm.org table/v1 driving, senza traffico"
lubiana,"Lubiana, Prešernov trg",032002,Monrupino,45.718913,13.800474,62.0,88.8,13,2026-10-07,"OSRM router.project-osrm.org table/v1 driving, senza traffico"
lubiana,"Lubiana, Prešernov trg",032003,Muggia,45.604441,13.767529,73.7,108.1,27,2026-10-07,"OSRM router.project-osrm.org table/v1 driving, senza traffico"
lubiana,"Lubiana, Prešernov trg",032004,San Dorligo della Valle,45.607789,13.856888,71.5,94.3,36,2026-10-07,"OSRM router.project-osrm.org table/v1 driving, senza traffico"
lubiana,"Lubiana, Prešernov trg",032005,Sgonico,45.733333,13.75,71.0,94.2,76,2026-10-07,"OSRM router.project-osrm.org table/v1 driving, senza traffico"
lubiana,"Lubiana, Prešernov trg",032006,Trieste,45.649425,13.768411,70.8,95.4,65,2026-10-07,"OSRM router.project-osrm.org table/v1 driving, senza traffico"
lubiana,"Lubiana, Prešernov trg",093001,Andreis,46.2018,12.614563,166.9,232.8,20,2026-10-07,"OSRM router.project-osrm.org table/v1 driving, senza traffico"
lubiana,"Lubiana, Prešernov trg",093002,Arba,46.146218,12.790431,152.0,201.1,17,2026-10-07,"OSRM router.project-osrm.org table/v1 driving, senza traffico"
lubiana,"Lubiana, Prešernov trg",093004,Aviano,46.06702,12.588168,151.3,213.6,10,2026-10-07,"OSRM router.project-osrm.org table/v1 driving, senza traffico"
lubiana,"Lubiana, Prešernov trg",093005,Azzano Decimo,45.88103,12.714836,126.2,191.8,19,2026-10-07,"OSRM router.project-osrm.org table/v1 driving, senza traffico"
lubiana,"Lubiana, Prešernov trg",093006,Barcis,46.190979,12.560075,166.1,233.9,12,2026-10-07,"OSRM router.project-osrm.org table/v1 driving, senza traffico"
lubiana,"Lubiana, Prešernov trg",093007,Brugnera,45.899184,12.536807,138.7,212.0,18,2026-10-07,"OSRM router.project-osrm.org table/v1 driving, senza traffico"
lubiana,"Lubiana, Prešernov trg",093008,Budoia,46.042776,12.532425,149.3,220.4,10,2026-10-07,"OSRM router.project-osrm.org table/v1 driving, senza traffico"
lubiana,"Lubiana, Prešernov trg",093009,Caneva,45.968792,12.448944,142.9,216.8,27,2026-10-07,"OSRM router.project-osrm.org table/v1 driving, senza traffico"
lubiana,"Lubiana, Prešernov trg",093010,Casarsa della Delizia,45.95703,12.84212,136.5,199.6,13,2026-10-07,"OSRM router.project-osrm.org table/v1 driving, senza traffico"
lubiana,"Lubiana, Prešernov trg",093011,Castelnovo del Friuli,46.199867,12.903252,152.6,212.1,16,2026-10-07,"OSRM router.project-osrm.org table/v1 driving, senza traffico"
lubiana,"Lubiana, Prešernov trg",093012,Cavasso Nuovo,46.194391,12.768723,156.6,203.4,39,2026-10-07,"OSRM router.project-osrm.org table/v1 driving, senza traffico"
lubiana,"Lubiana, Prešernov trg",093013,Chions,45.862319,12.752446,122.8,185.9,20,2026-10-07,"OSRM router.project-osrm.org table/v1 driving, senza traffico"
lubiana,"Lubiana, Prešernov trg",093014,Cimolais,46.288052,12.437826,183.3,251.2,8,2026-10-07,"OSRM router.project-osrm.org table/v1 driving, senza traffico"
lubiana,"Lubiana, Prešernov trg",093015,Claut,46.267486,12.513766,183.5,251.0,10,2026-10-07,"OSRM router.project-osrm.org table/v1 driving, senza traffico"
lubiana,"Lubiana, Prešernov trg",093016,Clauzetto,46.230058,12.917139,148.6,206.5,20,2026-10-07,"OSRM router.project-osrm.org table/v1 driving, senza traffico"
lubiana,"Lubiana, Prešernov trg",093017,Cordenons,45.988382,12.707699,139.1,203.4,14,2026-10-07,"OSRM router.project-osrm.org table/v1 driving, senza traffico"
lubiana,"Lubiana, Prešernov trg",093018,Cordovado,45.849887,12.882508,126.4,180.3,15,2026-10-07,"OSRM router.project-osrm.org table/v1 driving, senza traffico"
lubiana,"Lubiana, Prešernov trg",093019,Erto e Casso,46.275654,12.373545,187.4,282.8,9,2026-10-07,"OSRM router.project-osrm.org table/v1 driving, senza traffico"
lubiana,"Lubiana, Prešernov trg",093020,Fanna,46.1878,12.754586,155.0,203.7,20,2026-10-07,"OSRM router.project-osrm.org table/v1 driving, senza traffico"
lubiana,"Lubiana, Prešernov trg",093021,Fiume Veneto,45.927943,12.732176,127.2,192.9,21,2026-10-07,"OSRM router.project-osrm.org table/v1 driving, senza traffico"
lubiana,"Lubiana, Prešernov trg",093022,Fontanafredda,45.966667,12.566667,139.4,209.5,86,2026-10-07,"OSRM router.project-osrm.org table/v1 driving, senza traffico"
lubiana,"Lubiana, Prešernov trg",093024,Frisanco,46.212743,12.723599,165.3,211.9,14,2026-10-07,"OSRM router.project-osrm.org table/v1 driving, senza traffico"
lubiana,"Lubiana, Prešernov trg",093025,Maniago,46.170974,12.707399,156.6,205.8,33,2026-10-07,"OSRM router.project-osrm.org table/v1 driving, senza traffico"
lubiana,"Lubiana, Prešernov trg",093026,Meduno,46.217702,12.788437,156.3,203.7,22,2026-10-07,"OSRM router.project-osrm.org table/v1 driving, senza traffico"
lubiana,"Lubiana, Prešernov trg",093027,Montereale Valcellina,46.166667,12.666667,161.1,224.1,165,2026-10-07,"OSRM router.project-osrm.org table/v1 driving, senza traffico"
lubiana,"Lubiana, Prešernov trg",093028,Morsano al Tagliamento,45.858235,12.928822,121.8,176.2,16,2026-10-07,"OSRM router.project-osrm.org table/v1 driving, senza traffico"
lubiana,"Lubiana, Prešernov trg",093029,Pasiano di Pordenone,45.851525,12.627643,137.6,201.1,22,2026-10-07,"OSRM router.project-osrm.org table/v1 driving, senza traffico"
lubiana,"Lubiana, Prešernov trg",093030,Pinzano al Tagliamento,46.182989,12.946087,140.2,203.4,11,2026-10-07,"OSRM router.project-osrm.org table/v1 driving, senza traffico"
lubiana,"Lubiana, Prešernov trg",093031,Polcenigo,46.030297,12.501853,147.4,218.4,11,2026-10-07,"OSRM router.project-osrm.org table/v1 driving, senza traffico"
lubiana,"Lubiana, Prešernov trg",093032,Porcia,45.958016,12.611469,131.7,201.6,17,2026-10-07,"OSRM router.project-osrm.org table/v1 driving, senza traffico"
lubiana,"Lubiana, Prešernov trg",093033,Pordenone,45.954241,12.659935,129.7,198.4,64,2026-10-07,"OSRM router.project-osrm.org table/v1 driving, senza traffico"
lubiana,"Lubiana, Prešernov trg",093034,Prata di Pordenone,45.894278,12.596855,135.5,204.1,48,2026-10-07,"OSRM router.project-osrm.org table/v1 driving, senza traffico"
lubiana,"Lubiana, Prešernov trg",093035,Pravisdomini,45.817675,12.691792,131.1,192.7,22,2026-10-07,"OSRM router.project-osrm.org table/v1 driving, senza traffico"
lubiana,"Lubiana, Prešernov trg",093036,Roveredo in Piano,46.009202,12.618308,141.2,207.5,24,2026-10-07,"OSRM router.project-osrm.org table/v1 driving, senza traffico"
lubiana,"Lubiana, Prešernov trg",093037,Sacile,45.954346,12.502852,140.6,210.7,25,2026-10-07,"OSRM router.project-osrm.org table/v1 driving, senza traffico"
klagenfurt,"Klagenfurt, Neuer Platz",032002,Monrupino,45.718913,13.800474,122.9,166.0,13,2026-10-07,"OSRM router.project-osrm.org table/v1 driving, senza traffico"
klagenfurt,"Klagenfurt, Neuer Platz",032003,Muggia,45.604441,13.767529,134.6,185.3,27,2026-10-07,"OSRM router.project-osrm.org table/v1 driving, senza traffico"
klagenfurt,"Klagenfurt, Neuer Platz",032004,San Dorligo della Valle,45.607789,13.856888,132.4,171.5,36,2026-10-07,"OSRM router.project-osrm.org table/v1 driving, senza traffico"
klagenfurt,"Klagenfurt, Neuer Platz",032005,Sgonico,45.733333,13.75,131.9,171.4,76,2026-10-07,"OSRM router.project-osrm.org table/v1 driving, senza traffico"
klagenfurt,"Klagenfurt, Neuer Platz",032006,Trieste,45.649425,13.768411,131.7,172.6,65,2026-10-07,"OSRM router.project-osrm.org table/v1 driving, senza traffico"
klagenfurt,"Klagenfurt, Neuer Platz",093001,Andreis,46.2018,12.614563,149.0,191.5,20,2026-10-07,"OSRM router.project-osrm.org table/v1 driving, senza traffico"
klagenfurt,"Klagenfurt, Neuer Platz",093002,Arba,46.146218,12.790431,127.7,171.6,17,2026-10-07,"OSRM router.project-osrm.org table/v1 driving, senza traffico"
klagenfurt,"Klagenfurt, Neuer Platz",093004,Aviano,46.06702,12.588168,151.6,193.8,10,2026-10-07,"OSRM router.project-osrm.org table/v1 driving, senza traffico"
klagenfurt,"Klagenfurt, Neuer Platz",093005,Azzano Decimo,45.88103,12.714836,147.1,232.6,19,2026-10-07,"OSRM router.project-osrm.org table/v1 driving, senza traffico"
klagenfurt,"Klagenfurt, Neuer Platz",093006,Barcis,46.190979,12.560075,148.2,192.6,12,2026-10-07,"OSRM router.project-osrm.org table/v1 driving, senza traffico"
klagenfurt,"Klagenfurt, Neuer Platz",093007,Brugnera,45.899184,12.536807,159.6,209.8,18,2026-10-07,"OSRM router.project-osrm.org table/v1 driving, senza traffico"
klagenfurt,"Klagenfurt, Neuer Platz",093008,Budoia,46.042776,12.532425,157.6,200.0,10,2026-10-07,"OSRM router.project-osrm.org table/v1 driving, senza traffico"
klagenfurt,"Klagenfurt, Neuer Platz",093009,Caneva,45.968792,12.448944,163.7,214.6,27,2026-10-07,"OSRM router.project-osrm.org table/v1 driving, senza traffico"
klagenfurt,"Klagenfurt, Neuer Platz",093010,Casarsa della Delizia,45.95703,12.84212,132.6,178.2,13,2026-10-07,"OSRM router.project-osrm.org table/v1 driving, senza traffico"
klagenfurt,"Klagenfurt, Neuer Platz",093011,Castelnovo del Friuli,46.199867,12.903252,120.8,163.6,16,2026-10-07,"OSRM router.project-osrm.org table/v1 driving, senza traffico"
klagenfurt,"Klagenfurt, Neuer Platz",093012,Cavasso Nuovo,46.194391,12.768723,132.3,173.9,39,2026-10-07,"OSRM router.project-osrm.org table/v1 driving, senza traffico"
klagenfurt,"Klagenfurt, Neuer Platz",093013,Chions,45.862319,12.752446,143.8,226.8,20,2026-10-07,"OSRM router.project-osrm.org table/v1 driving, senza traffico"
klagenfurt,"Klagenfurt, Neuer Platz",093014,Cimolais,46.288052,12.437826,165.4,210.0,8,2026-10-07,"OSRM router.project-osrm.org table/v1 driving, senza traffico"
klagenfurt,"Klagenfurt, Neuer Platz",093015,Claut,46.267486,12.513766,165.6,209.8,10,2026-10-07,"OSRM router.project-osrm.org table/v1 driving, senza traffico"
klagenfurt,"Klagenfurt, Neuer Platz",093016,Clauzetto,46.230058,12.917139,116.8,158.1,20,2026-10-07,"OSRM router.project-osrm.org table/v1 driving, senza traffico"
klagenfurt,"Klagenfurt, Neuer Platz",093017,Cordenons,45.988382,12.707699,141.6,185.0,14,2026-10-07,"OSRM router.project-osrm.org table/v1 driving, senza traffico"
klagenfurt,"Klagenfurt, Neuer Platz",093018,Cordovado,45.849887,12.882508,145.3,199.0,15,2026-10-07,"OSRM router.project-osrm.org table/v1 driving, senza traffico"
klagenfurt,"Klagenfurt, Neuer Platz",093019,Erto e Casso,46.275654,12.373545,175.3,218.4,9,2026-10-07,"OSRM router.project-osrm.org table/v1 driving, senza traffico"
klagenfurt,"Klagenfurt, Neuer Platz",093020,Fanna,46.1878,12.754586,130.7,174.2,20,2026-10-07,"OSRM router.project-osrm.org table/v1 driving, senza traffico"
klagenfurt,"Klagenfurt, Neuer Platz",093021,Fiume Veneto,45.927943,12.732176,144.6,189.3,21,2026-10-07,"OSRM router.project-osrm.org table/v1 driving, senza traffico"
klagenfurt,"Klagenfurt, Neuer Platz",093022,Fontanafredda,45.966667,12.566667,157.2,196.5,86,2026-10-07,"OSRM router.project-osrm.org table/v1 driving, senza traffico"
klagenfurt,"Klagenfurt, Neuer Platz",093024,Frisanco,46.212743,12.723599,141.0,182.4,14,2026-10-07,"OSRM router.project-osrm.org table/v1 driving, senza traffico"
klagenfurt,"Klagenfurt, Neuer Platz",093025,Maniago,46.170974,12.707399,132.3,176.3,33,2026-10-07,"OSRM router.project-osrm.org table/v1 driving, senza traffico"
klagenfurt,"Klagenfurt, Neuer Platz",093026,Meduno,46.217702,12.788437,130.9,174.0,22,2026-10-07,"OSRM router.project-osrm.org table/v1 driving, senza traffico"
klagenfurt,"Klagenfurt, Neuer Platz",093027,Montereale Valcellina,46.166667,12.666667,143.5,183.3,165,2026-10-07,"OSRM router.project-osrm.org table/v1 driving, senza traffico"
klagenfurt,"Klagenfurt, Neuer Platz",093028,Morsano al Tagliamento,45.858235,12.928822,140.6,194.9,16,2026-10-07,"OSRM router.project-osrm.org table/v1 driving, senza traffico"
klagenfurt,"Klagenfurt, Neuer Platz",093029,Pasiano di Pordenone,45.851525,12.627643,157.8,200.8,22,2026-10-07,"OSRM router.project-osrm.org table/v1 driving, senza traffico"
klagenfurt,"Klagenfurt, Neuer Platz",093030,Pinzano al Tagliamento,46.182989,12.946087,108.4,154.9,11,2026-10-07,"OSRM router.project-osrm.org table/v1 driving, senza traffico"
klagenfurt,"Klagenfurt, Neuer Platz",093031,Polcenigo,46.030297,12.501853,162.4,202.2,11,2026-10-07,"OSRM router.project-osrm.org table/v1 driving, senza traffico"
klagenfurt,"Klagenfurt, Neuer Platz",093032,Porcia,45.958016,12.611469,152.5,199.4,17,2026-10-07,"OSRM router.project-osrm.org table/v1 driving, senza traffico"
klagenfurt,"Klagenfurt, Neuer Platz",093033,Pordenone,45.954241,12.659935,148.5,192.2,64,2026-10-07,"OSRM router.project-osrm.org table/v1 driving, senza traffico"
klagenfurt,"Klagenfurt, Neuer Platz",093034,Prata di Pordenone,45.894278,12.596855,156.1,199.9,48,2026-10-07,"OSRM router.project-osrm.org table/v1 driving, senza traffico"
klagenfurt,"Klagenfurt, Neuer Platz",093035,Pravisdomini,45.817675,12.691792,152.0,233.6,22,2026-10-07,"OSRM router.project-osrm.org table/v1 driving, senza traffico"
klagenfurt,"Klagenfurt, Neuer Platz",093036,Roveredo in Piano,46.009202,12.618308,146.8,191.9,24,2026-10-07,"OSRM router.project-osrm.org table/v1 driving, senza traffico"
klagenfurt,"Klagenfurt, Neuer Platz",093037,Sacile,45.954346,12.502852,161.4,208.6,25,2026-10-07,"OSRM router.project-osrm.org table/v1 driving, senza traffico"
vienna,"Vienna, Stephansplatz",032002,Monrupino,45.718913,13.800474,300.4,465.7,13,2026-10-07,"OSRM router.project-osrm.org table/v1 driving, senza traffico"
vienna,"Vienna, Stephansplatz",032003,Muggia,45.604441,13.767529,312.0,485.0,27,2026-10-07,"OSRM router.project-osrm.org table/v1 driving, senza traffico"
vienna,"Vienna, Stephansplatz",032004,San Dorligo della Valle,45.607789,13.856888,309.9,471.2,36,2026-10-07,"OSRM router.project-osrm.org table/v1 driving, senza traffico"
vienna,"Vienna, Stephansplatz",032005,Sgonico,45.733333,13.75,309.4,471.1,76,2026-10-07,"OSRM router.project-osrm.org table/v1 driving, senza traffico"
vienna,"Vienna, Stephansplatz",032006,Trieste,45.649425,13.768411,309.2,472.3,65,2026-10-07,"OSRM router.project-osrm.org table/v1 driving, senza traffico"
vienna,"Vienna, Stephansplatz",093001,Andreis,46.2018,12.614563,359.6,485.5,20,2026-10-07,"OSRM router.project-osrm.org table/v1 driving, senza traffico"
vienna,"Vienna, Stephansplatz",093002,Arba,46.146218,12.790431,338.3,465.6,17,2026-10-07,"OSRM router.project-osrm.org table/v1 driving, senza traffico"
vienna,"Vienna, Stephansplatz",093004,Aviano,46.06702,12.588168,362.2,487.7,10,2026-10-07,"OSRM router.project-osrm.org table/v1 driving, senza traffico"
vienna,"Vienna, Stephansplatz",093005,Azzano Decimo,45.88103,12.714836,357.7,526.6,19,2026-10-07,"OSRM router.project-osrm.org table/v1 driving, senza traffico"
vienna,"Vienna, Stephansplatz",093006,Barcis,46.190979,12.560075,358.7,486.6,12,2026-10-07,"OSRM router.project-osrm.org table/v1 driving, senza traffico"
vienna,"Vienna, Stephansplatz",093007,Brugnera,45.899184,12.536807,370.1,503.8,18,2026-10-07,"OSRM router.project-osrm.org table/v1 driving, senza traffico"
vienna,"Vienna, Stephansplatz",093008,Budoia,46.042776,12.532425,368.2,494.0,10,2026-10-07,"OSRM router.project-osrm.org table/v1 driving, senza traffico"
vienna,"Vienna, Stephansplatz",093009,Caneva,45.968792,12.448944,374.3,508.6,27,2026-10-07,"OSRM router.project-osrm.org table/v1 driving, senza traffico"
vienna,"Vienna, Stephansplatz",093010,Casarsa della Delizia,45.95703,12.84212,343.2,472.2,13,2026-10-07,"OSRM router.project-osrm.org table/v1 driving, senza traffico"
vienna,"Vienna, Stephansplatz",093011,Castelnovo del Friuli,46.199867,12.903252,331.4,457.6,16,2026-10-07,"OSRM router.project-osrm.org table/v1 driving, senza traffico"
vienna,"Vienna, Stephansplatz",093012,Cavasso Nuovo,46.194391,12.768723,342.9,467.8,39,2026-10-07,"OSRM router.project-osrm.org table/v1 driving, senza traffico"
vienna,"Vienna, Stephansplatz",093013,Chions,45.862319,12.752446,354.3,520.7,20,2026-10-07,"OSRM router.project-osrm.org table/v1 driving, senza traffico"
vienna,"Vienna, Stephansplatz",093014,Cimolais,46.288052,12.437826,376.0,503.9,8,2026-10-07,"OSRM router.project-osrm.org table/v1 driving, senza traffico"
vienna,"Vienna, Stephansplatz",093015,Claut,46.267486,12.513766,376.2,503.8,10,2026-10-07,"OSRM router.project-osrm.org table/v1 driving, senza traffico"
vienna,"Vienna, Stephansplatz",093016,Clauzetto,46.230058,12.917139,327.3,452.0,20,2026-10-07,"OSRM router.project-osrm.org table/v1 driving, senza traffico"
vienna,"Vienna, Stephansplatz",093017,Cordenons,45.988382,12.707699,352.2,479.0,14,2026-10-07,"OSRM router.project-osrm.org table/v1 driving, senza traffico"
vienna,"Vienna, Stephansplatz",093018,Cordovado,45.849887,12.882508,355.9,492.9,15,2026-10-07,"OSRM router.project-osrm.org table/v1 driving, senza traffico"
vienna,"Vienna, Stephansplatz",093019,Erto e Casso,46.275654,12.373545,385.9,512.4,9,2026-10-07,"OSRM router.project-osrm.org table/v1 driving, senza traffico"
vienna,"Vienna, Stephansplatz",093020,Fanna,46.1878,12.754586,341.3,468.2,20,2026-10-07,"OSRM router.project-osrm.org table/v1 driving, senza traffico"
vienna,"Vienna, Stephansplatz",093021,Fiume Veneto,45.927943,12.732176,355.2,483.3,21,2026-10-07,"OSRM router.project-osrm.org table/v1 driving, senza traffico"
vienna,"Vienna, Stephansplatz",093022,Fontanafredda,45.966667,12.566667,367.8,490.4,86,2026-10-07,"OSRM router.project-osrm.org table/v1 driving, senza traffico"
vienna,"Vienna, Stephansplatz",093024,Frisanco,46.212743,12.723599,351.6,476.4,14,2026-10-07,"OSRM router.project-osrm.org table/v1 driving, senza traffico"
vienna,"Vienna, Stephansplatz",093025,Maniago,46.170974,12.707399,342.8,470.3,33,2026-10-07,"OSRM router.project-osrm.org table/v1 driving, senza traffico"
vienna,"Vienna, Stephansplatz",093026,Meduno,46.217702,12.788437,341.5,468.0,22,2026-10-07,"OSRM router.project-osrm.org table/v1 driving, senza traffico"
vienna,"Vienna, Stephansplatz",093027,Montereale Valcellina,46.166667,12.666667,354.0,477.3,165,2026-10-07,"OSRM router.project-osrm.org table/v1 driving, senza traffico"
vienna,"Vienna, Stephansplatz",093028,Morsano al Tagliamento,45.858235,12.928822,351.2,488.9,16,2026-10-07,"OSRM router.project-osrm.org table/v1 driving, senza traffico"
vienna,"Vienna, Stephansplatz",093029,Pasiano di Pordenone,45.851525,12.627643,368.4,494.8,22,2026-10-07,"OSRM router.project-osrm.org table/v1 driving, senza traffico"
vienna,"Vienna, Stephansplatz",093030,Pinzano al Tagliamento,46.182989,12.946087,319.0,448.9,11,2026-10-07,"OSRM router.project-osrm.org table/v1 driving, senza traffico"
vienna,"Vienna, Stephansplatz",093031,Polcenigo,46.030297,12.501853,373.0,496.2,11,2026-10-07,"OSRM router.project-osrm.org table/v1 driving, senza traffico"
vienna,"Vienna, Stephansplatz",093032,Porcia,45.958016,12.611469,363.1,493.4,17,2026-10-07,"OSRM router.project-osrm.org table/v1 driving, senza traffico"
vienna,"Vienna, Stephansplatz",093033,Pordenone,45.954241,12.659935,359.0,486.2,64,2026-10-07,"OSRM router.project-osrm.org table/v1 driving, senza traffico"
vienna,"Vienna, Stephansplatz",093034,Prata di Pordenone,45.894278,12.596855,366.7,493.9,48,2026-10-07,"OSRM router.project-osrm.org table/v1 driving, senza traffico"
vienna,"Vienna, Stephansplatz",093035,Pravisdomini,45.817675,12.691792,362.6,527.6,22,2026-10-07,"OSRM router.project-osrm.org table/v1 driving, senza traffico"
vienna,"Vienna, Stephansplatz",093036,Roveredo in Piano,46.009202,12.618308,357.4,485.8,24,2026-10-07,"OSRM router.project-osrm.org table/v1 driving, senza traffico"
vienna,"Vienna, Stephansplatz",093037,Sacile,45.954346,12.502852,371.9,502.5,25,2026-10-07,"OSRM router.project-osrm.org table/v1 driving, senza traffico"
monaco,"Monaco di Baviera, Marienplatz",032002,Monrupino,45.718913,13.800474,315.9,489.4,13,2026-10-07,"OSRM router.project-osrm.org table/v1 driving, senza traffico"
monaco,"Monaco di Baviera, Marienplatz",032003,Muggia,45.604441,13.767529,327.6,508.6,27,2026-10-07,"OSRM router.project-osrm.org table/v1 driving, senza traffico"
monaco,"Monaco di Baviera, Marienplatz",032004,San Dorligo della Valle,45.607789,13.856888,325.4,494.9,36,2026-10-07,"OSRM router.project-osrm.org table/v1 driving, senza traffico"
monaco,"Monaco di Baviera, Marienplatz",032005,Sgonico,45.733333,13.75,323.6,505.1,76,2026-10-07,"OSRM router.project-osrm.org table/v1 driving, senza traffico"
monaco,"Monaco di Baviera, Marienplatz",032006,Trieste,45.649425,13.768411,324.8,496.0,65,2026-10-07,"OSRM router.project-osrm.org table/v1 driving, senza traffico"
monaco,"Monaco di Baviera, Marienplatz",093001,Andreis,46.2018,12.614563,330.1,473.6,20,2026-10-07,"OSRM router.project-osrm.org table/v1 driving, senza traffico"
monaco,"Monaco di Baviera, Marienplatz",093002,Arba,46.146218,12.790431,308.8,453.8,17,2026-10-07,"OSRM router.project-osrm.org table/v1 driving, senza traffico"
monaco,"Monaco di Baviera, Marienplatz",093004,Aviano,46.06702,12.588168,332.8,475.9,10,2026-10-07,"OSRM router.project-osrm.org table/v1 driving, senza traffico"
monaco,"Monaco di Baviera, Marienplatz",093005,Azzano Decimo,45.88103,12.714836,328.3,514.8,19,2026-10-07,"OSRM router.project-osrm.org table/v1 driving, senza traffico"
monaco,"Monaco di Baviera, Marienplatz",093006,Barcis,46.190979,12.560075,329.3,474.8,12,2026-10-07,"OSRM router.project-osrm.org table/v1 driving, senza traffico"
monaco,"Monaco di Baviera, Marienplatz",093007,Brugnera,45.899184,12.536807,340.7,492.0,18,2026-10-07,"OSRM router.project-osrm.org table/v1 driving, senza traffico"
monaco,"Monaco di Baviera, Marienplatz",093008,Budoia,46.042776,12.532425,338.8,482.1,10,2026-10-07,"OSRM router.project-osrm.org table/v1 driving, senza traffico"
monaco,"Monaco di Baviera, Marienplatz",093009,Caneva,45.968792,12.448944,344.9,496.7,27,2026-10-07,"OSRM router.project-osrm.org table/v1 driving, senza traffico"
monaco,"Monaco di Baviera, Marienplatz",093010,Casarsa della Delizia,45.95703,12.84212,313.8,460.4,13,2026-10-07,"OSRM router.project-osrm.org table/v1 driving, senza traffico"
monaco,"Monaco di Baviera, Marienplatz",093011,Castelnovo del Friuli,46.199867,12.903252,302.0,445.7,16,2026-10-07,"OSRM router.project-osrm.org table/v1 driving, senza traffico"
monaco,"Monaco di Baviera, Marienplatz",093012,Cavasso Nuovo,46.194391,12.768723,313.4,456.0,39,2026-10-07,"OSRM router.project-osrm.org table/v1 driving, senza traffico"
monaco,"Monaco di Baviera, Marienplatz",093013,Chions,45.862319,12.752446,324.9,508.9,20,2026-10-07,"OSRM router.project-osrm.org table/v1 driving, senza traffico"
monaco,"Monaco di Baviera, Marienplatz",093014,Cimolais,46.288052,12.437826,320.2,364.7,8,2026-10-07,"OSRM router.project-osrm.org table/v1 driving, senza traffico"
monaco,"Monaco di Baviera, Marienplatz",093015,Claut,46.267486,12.513766,328.7,372.5,10,2026-10-07,"OSRM router.project-osrm.org table/v1 driving, senza traffico"
monaco,"Monaco di Baviera, Marienplatz",093016,Clauzetto,46.230058,12.917139,297.9,440.2,20,2026-10-07,"OSRM router.project-osrm.org table/v1 driving, senza traffico"
monaco,"Monaco di Baviera, Marienplatz",093017,Cordenons,45.988382,12.707699,322.7,467.2,14,2026-10-07,"OSRM router.project-osrm.org table/v1 driving, senza traffico"
monaco,"Monaco di Baviera, Marienplatz",093018,Cordovado,45.849887,12.882508,326.5,481.1,15,2026-10-07,"OSRM router.project-osrm.org table/v1 driving, senza traffico"
monaco,"Monaco di Baviera, Marienplatz",093019,Erto e Casso,46.275654,12.373545,312.0,357.6,9,2026-10-07,"OSRM router.project-osrm.org table/v1 driving, senza traffico"
monaco,"Monaco di Baviera, Marienplatz",093020,Fanna,46.1878,12.754586,311.8,456.3,20,2026-10-07,"OSRM router.project-osrm.org table/v1 driving, senza traffico"
monaco,"Monaco di Baviera, Marienplatz",093021,Fiume Veneto,45.927943,12.732176,325.7,471.4,21,2026-10-07,"OSRM router.project-osrm.org table/v1 driving, senza traffico"
monaco,"Monaco di Baviera, Marienplatz",093022,Fontanafredda,45.966667,12.566667,338.4,478.6,86,2026-10-07,"OSRM router.project-osrm.org table/v1 driving, senza traffico"
monaco,"Monaco di Baviera, Marienplatz",093024,Frisanco,46.212743,12.723599,322.2,464.5,14,2026-10-07,"OSRM router.project-osrm.org table/v1 driving, senza traffico"
monaco,"Monaco di Baviera, Marienplatz",093025,Maniago,46.170974,12.707399,313.4,458.4,33,2026-10-07,"OSRM router.project-osrm.org table/v1 driving, senza traffico"
monaco,"Monaco di Baviera, Marienplatz",093026,Meduno,46.217702,12.788437,312.0,456.1,22,2026-10-07,"OSRM router.project-osrm.org table/v1 driving, senza traffico"
monaco,"Monaco di Baviera, Marienplatz",093027,Montereale Valcellina,46.166667,12.666667,324.6,465.4,165,2026-10-07,"OSRM router.project-osrm.org table/v1 driving, senza traffico"
monaco,"Monaco di Baviera, Marienplatz",093028,Morsano al Tagliamento,45.858235,12.928822,321.8,477.0,16,2026-10-07,"OSRM router.project-osrm.org table/v1 driving, senza traffico"
monaco,"Monaco di Baviera, Marienplatz",093029,Pasiano di Pordenone,45.851525,12.627643,339.0,482.9,22,2026-10-07,"OSRM router.project-osrm.org table/v1 driving, senza traffico"
monaco,"Monaco di Baviera, Marienplatz",093030,Pinzano al Tagliamento,46.182989,12.946087,289.5,437.0,11,2026-10-07,"OSRM router.project-osrm.org table/v1 driving, senza traffico"
monaco,"Monaco di Baviera, Marienplatz",093031,Polcenigo,46.030297,12.501853,343.6,484.4,11,2026-10-07,"OSRM router.project-osrm.org table/v1 driving, senza traffico"
monaco,"Monaco di Baviera, Marienplatz",093032,Porcia,45.958016,12.611469,333.7,481.6,17,2026-10-07,"OSRM router.project-osrm.org table/v1 driving, senza traffico"
monaco,"Monaco di Baviera, Marienplatz",093033,Pordenone,45.954241,12.659935,329.6,474.4,64,2026-10-07,"OSRM router.project-osrm.org table/v1 driving, senza traffico"
monaco,"Monaco di Baviera, Marienplatz",093034,Prata di Pordenone,45.894278,12.596855,337.3,482.0,48,2026-10-07,"OSRM router.project-osrm.org table/v1 driving, senza traffico"
monaco,"Monaco di Baviera, Marienplatz",093035,Pravisdomini,45.817675,12.691792,333.2,515.7,22,2026-10-07,"OSRM router.project-osrm.org table/v1 driving, senza traffico"
monaco,"Monaco di Baviera, Marienplatz",093036,Roveredo in Piano,46.009202,12.618308,328.0,474.0,24,2026-10-07,"OSRM router.project-osrm.org table/v1 driving, senza traffico"
monaco,"Monaco di Baviera, Marienplatz",093037,Sacile,45.954346,12.502852,342.5,490.7,25,2026-10-07,"OSRM router.project-osrm.org table/v1 driving, senza traffico"
salisburgo,"Salisburgo, Residenzplatz",032002,Monrupino,45.718913,13.800474,236.9,357.8,13,2026-10-07,"OSRM router.project-osrm.org table/v1 driving, senza traffico"
salisburgo,"Salisburgo, Residenzplatz",032003,Muggia,45.604441,13.767529,248.6,377.1,27,2026-10-07,"OSRM router.project-osrm.org table/v1 driving, senza traffico"
salisburgo,"Salisburgo, Residenzplatz",032004,San Dorligo della Valle,45.607789,13.856888,246.4,363.3,36,2026-10-07,"OSRM router.project-osrm.org table/v1 driving, senza traffico"
salisburgo,"Salisburgo, Residenzplatz",032005,Sgonico,45.733333,13.75,244.6,373.5,76,2026-10-07,"OSRM router.project-osrm.org table/v1 driving, senza traffico"
salisburgo,"Salisburgo, Residenzplatz",032006,Trieste,45.649425,13.768411,245.7,364.4,65,2026-10-07,"OSRM router.project-osrm.org table/v1 driving, senza traffico"
salisburgo,"Salisburgo, Residenzplatz",093001,Andreis,46.2018,12.614563,251.1,342.1,20,2026-10-07,"OSRM router.project-osrm.org table/v1 driving, senza traffico"
salisburgo,"Salisburgo, Residenzplatz",093002,Arba,46.146218,12.790431,229.8,322.2,17,2026-10-07,"OSRM router.project-osrm.org table/v1 driving, senza traffico"
salisburgo,"Salisburgo, Residenzplatz",093004,Aviano,46.06702,12.588168,253.7,344.3,10,2026-10-07,"OSRM router.project-osrm.org table/v1 driving, senza traffico"
salisburgo,"Salisburgo, Residenzplatz",093005,Azzano Decimo,45.88103,12.714836,249.2,383.2,19,2026-10-07,"OSRM router.project-osrm.org table/v1 driving, senza traffico"
salisburgo,"Salisburgo, Residenzplatz",093006,Barcis,46.190979,12.560075,250.3,343.2,12,2026-10-07,"OSRM router.project-osrm.org table/v1 driving, senza traffico"
salisburgo,"Salisburgo, Residenzplatz",093007,Brugnera,45.899184,12.536807,261.6,360.4,18,2026-10-07,"OSRM router.project-osrm.org table/v1 driving, senza traffico"
salisburgo,"Salisburgo, Residenzplatz",093008,Budoia,46.042776,12.532425,259.7,350.6,10,2026-10-07,"OSRM router.project-osrm.org table/v1 driving, senza traffico"
salisburgo,"Salisburgo, Residenzplatz",093009,Caneva,45.968792,12.448944,265.8,365.2,27,2026-10-07,"OSRM router.project-osrm.org table/v1 driving, senza traffico"
salisburgo,"Salisburgo, Residenzplatz",093010,Casarsa della Delizia,45.95703,12.84212,234.7,328.8,13,2026-10-07,"OSRM router.project-osrm.org table/v1 driving, senza traffico"
salisburgo,"Salisburgo, Residenzplatz",093011,Castelnovo del Friuli,46.199867,12.903252,222.9,314.2,16,2026-10-07,"OSRM router.project-osrm.org table/v1 driving, senza traffico"
salisburgo,"Salisburgo, Residenzplatz",093012,Cavasso Nuovo,46.194391,12.768723,234.4,324.4,39,2026-10-07,"OSRM router.project-osrm.org table/v1 driving, senza traffico"
salisburgo,"Salisburgo, Residenzplatz",093013,Chions,45.862319,12.752446,245.9,377.4,20,2026-10-07,"OSRM router.project-osrm.org table/v1 driving, senza traffico"
salisburgo,"Salisburgo, Residenzplatz",093014,Cimolais,46.288052,12.437826,267.5,360.5,8,2026-10-07,"OSRM router.project-osrm.org table/v1 driving, senza traffico"
salisburgo,"Salisburgo, Residenzplatz",093015,Claut,46.267486,12.513766,267.7,360.4,10,2026-10-07,"OSRM router.project-osrm.org table/v1 driving, senza traffico"
salisburgo,"Salisburgo, Residenzplatz",093016,Clauzetto,46.230058,12.917139,218.9,308.7,20,2026-10-07,"OSRM router.project-osrm.org table/v1 driving, senza traffico"
salisburgo,"Salisburgo, Residenzplatz",093017,Cordenons,45.988382,12.707699,243.7,335.6,14,2026-10-07,"OSRM router.project-osrm.org table/v1 driving, senza traffico"
salisburgo,"Salisburgo, Residenzplatz",093018,Cordovado,45.849887,12.882508,247.4,349.6,15,2026-10-07,"OSRM router.project-osrm.org table/v1 driving, senza traffico"
salisburgo,"Salisburgo, Residenzplatz",093019,Erto e Casso,46.275654,12.373545,277.4,369.0,9,2026-10-07,"OSRM router.project-osrm.org table/v1 driving, senza traffico"
salisburgo,"Salisburgo, Residenzplatz",093020,Fanna,46.1878,12.754586,232.8,324.8,20,2026-10-07,"OSRM router.project-osrm.org table/v1 driving, senza traffico"
salisburgo,"Salisburgo, Residenzplatz",093021,Fiume Veneto,45.927943,12.732176,246.7,339.9,21,2026-10-07,"OSRM router.project-osrm.org table/v1 driving, senza traffico"
salisburgo,"Salisburgo, Residenzplatz",093022,Fontanafredda,45.966667,12.566667,259.3,347.1,86,2026-10-07,"OSRM router.project-osrm.org table/v1 driving, senza traffico"
salisburgo,"Salisburgo, Residenzplatz",093024,Frisanco,46.212743,12.723599,243.1,333.0,14,2026-10-07,"OSRM router.project-osrm.org table/v1 driving, senza traffico"
salisburgo,"Salisburgo, Residenzplatz",093025,Maniago,46.170974,12.707399,234.4,326.9,33,2026-10-07,"OSRM router.project-osrm.org table/v1 driving, senza traffico"
salisburgo,"Salisburgo, Residenzplatz",093026,Meduno,46.217702,12.788437,233.0,324.6,22,2026-10-07,"OSRM router.project-osrm.org table/v1 driving, senza traffico"
salisburgo,"Salisburgo, Residenzplatz",093027,Montereale Valcellina,46.166667,12.666667,245.6,333.9,165,2026-10-07,"OSRM router.project-osrm.org table/v1 driving, senza traffico"
salisburgo,"Salisburgo, Residenzplatz",093028,Morsano al Tagliamento,45.858235,12.928822,242.7,345.5,16,2026-10-07,"OSRM router.project-osrm.org table/v1 driving, senza traffico"
salisburgo,"Salisburgo, Residenzplatz",093029,Pasiano di Pordenone,45.851525,12.627643,259.9,351.4,22,2026-10-07,"OSRM router.project-osrm.org table/v1 driving, senza traffico"
salisburgo,"Salisburgo, Residenzplatz",093030,Pinzano al Tagliamento,46.182989,12.946087,210.5,305.5,11,2026-10-07,"OSRM router.project-osrm.org table/v1 driving, senza traffico"
salisburgo,"Salisburgo, Residenzplatz",093031,Polcenigo,46.030297,12.501853,264.5,352.8,11,2026-10-07,"OSRM router.project-osrm.org table/v1 driving, senza traffico"
salisburgo,"Salisburgo, Residenzplatz",093032,Porcia,45.958016,12.611469,254.6,350.0,17,2026-10-07,"OSRM router.project-osrm.org table/v1 driving, senza traffico"
salisburgo,"Salisburgo, Residenzplatz",093033,Pordenone,45.954241,12.659935,250.6,342.8,64,2026-10-07,"OSRM router.project-osrm.org table/v1 driving, senza traffico"
salisburgo,"Salisburgo, Residenzplatz",093034,Prata di Pordenone,45.894278,12.596855,258.2,350.5,48,2026-10-07,"OSRM router.project-osrm.org table/v1 driving, senza traffico"
salisburgo,"Salisburgo, Residenzplatz",093035,Pravisdomini,45.817675,12.691792,254.1,384.2,22,2026-10-07,"OSRM router.project-osrm.org table/v1 driving, senza traffico"
salisburgo,"Salisburgo, Residenzplatz",093036,Roveredo in Piano,46.009202,12.618308,248.9,342.4,24,2026-10-07,"OSRM router.project-osrm.org table/v1 driving, senza traffico"
salisburgo,"Salisburgo, Residenzplatz",093037,Sacile,45.954346,12.502852,263.5,359.1,25,2026-10-07,"OSRM router.project-osrm.org table/v1 driving, senza traffico"
trieste,"Trieste, Piazza Unità d'Italia",093038,San Giorgio della Richinvelda,46.045468,12.866649,93.4,105.8,12,2026-10-07,"OSRM router.project-osrm.org table/v1 driving, senza traffico"
trieste,"Trieste, Piazza Unità d'Italia",093039,San Martino al Tagliamento,46.020916,12.864052,94.2,95.6,17,2026-10-07,"OSRM router.project-osrm.org table/v1 driving, senza traffico"
trieste,"Trieste, Piazza Unità d'Italia",093040,San Quirino,46.036527,12.680527,97.7,125.2,11,2026-10-07,"OSRM router.project-osrm.org table/v1 driving, senza traffico"
trieste,"Trieste, Piazza Unità d'Italia",093041,San Vito al Tagliamento,45.915555,12.855394,83.2,109.6,44,2026-10-07,"OSRM router.project-osrm.org table/v1 driving, senza traffico"
trieste,"Trieste, Piazza Unità d'Italia",093042,Sequals,46.16585,12.826755,98.4,111.5,36,2026-10-07,"OSRM router.project-osrm.org table/v1 driving, senza traffico"
trieste,"Trieste, Piazza Unità d'Italia",093043,Sesto al Reghena,45.847448,12.815796,72.2,97.1,6,2026-10-07,"OSRM router.project-osrm.org table/v1 driving, senza traffico"
trieste,"Trieste, Piazza Unità d'Italia",093044,Spilimbergo,46.112156,12.905745,91.7,103.3,26,2026-10-07,"OSRM router.project-osrm.org table/v1 driving, senza traffico"
trieste,"Trieste, Piazza Unità d'Italia",093045,Tramonti di Sopra,46.30975,12.789472,127.5,134.6,7,2026-10-07,"OSRM router.project-osrm.org table/v1 driving, senza traffico"
trieste,"Trieste, Piazza Unità d'Italia",093046,Tramonti di Sotto,46.28508,12.795649,123.5,131.1,15,2026-10-07,"OSRM router.project-osrm.org table/v1 driving, senza traffico"
trieste,"Trieste, Piazza Unità d'Italia",093047,Travesio,46.195936,12.870925,101.2,113.3,14,2026-10-07,"OSRM router.project-osrm.org table/v1 driving, senza traffico"
trieste,"Trieste, Piazza Unità d'Italia",093049,Vito d'Asio,46.233294,12.958575,95.4,119.5,22,2026-10-07,"OSRM router.project-osrm.org table/v1 driving, senza traffico"
trieste,"Trieste, Piazza Unità d'Italia",093050,Vivaro,46.078047,12.775626,98.8,130.0,19,2026-10-07,"OSRM router.project-osrm.org table/v1 driving, senza traffico"
trieste,"Trieste, Piazza Unità d'Italia",093051,Zoppola,45.966031,12.772174,85.4,113.9,21,2026-10-07,"OSRM router.project-osrm.org table/v1 driving, senza traffico"
trieste,"Trieste, Piazza Unità d'Italia",093052,Vajont,46.14618,12.697931,110.6,139.9,34,2026-10-07,"OSRM router.project-osrm.org table/v1 driving, senza traffico"
trieste,"Trieste, Piazza Unità d'Italia",093053,Valvasone Arzene,46.000312,12.846889,93.4,93.8,16,2026-10-07,"OSRM router.project-osrm.org table/v1 driving, senza traffico"
trieste,"Trieste, Piazza Unità d'Italia",F-viaso,Viaso (Socchieve),46.4071596,12.8479407,105.0,134.5,4,2026-10-07,"OSRM router.project-osrm.org table/v1 driving, senza traffico"
trieste,"Trieste, Piazza Unità d'Italia",F-scodovacca,Scodovacca (Cervignano del Friuli),45.8217685,13.3667674,48.9,51.1,39,2026-10-07,"OSRM router.project-osrm.org table/v1 driving, senza traffico"
trieste,"Trieste, Piazza Unità d'Italia",F-begliano,Begliano (San Canzian d'Isonzo),45.8188384,13.4656826,39.9,40.8,31,2026-10-07,"OSRM router.project-osrm.org table/v1 driving, senza traffico"
udine,"Udine, Piazza della Libertà",093038,San Giorgio della Richinvelda,46.045468,12.866649,43.8,36.2,12,2026-10-07,"OSRM router.project-osrm.org table/v1 driving, senza traffico"
udine,"Udine, Piazza della Libertà",093039,San Martino al Tagliamento,46.020916,12.864052,48.0,39.6,17,2026-10-07,"OSRM router.project-osrm.org table/v1 driving, senza traffico"
udine,"Udine, Piazza della Libertà",093040,San Quirino,46.036527,12.680527,62.4,53.9,11,2026-10-07,"OSRM router.project-osrm.org table/v1 driving, senza traffico"
udine,"Udine, Piazza della Libertà",093041,San Vito al Tagliamento,45.915555,12.855394,48.5,39.7,44,2026-10-07,"OSRM router.project-osrm.org table/v1 driving, senza traffico"
udine,"Udine, Piazza della Libertà",093042,Sequals,46.16585,12.826755,48.8,41.9,36,2026-10-07,"OSRM router.project-osrm.org table/v1 driving, senza traffico"
udine,"Udine, Piazza della Libertà",093043,Sesto al Reghena,45.847448,12.815796,51.9,67.5,6,2026-10-07,"OSRM router.project-osrm.org table/v1 driving, senza traffico"
udine,"Udine, Piazza della Libertà",093044,Spilimbergo,46.112156,12.905745,42.1,33.7,26,2026-10-07,"OSRM router.project-osrm.org table/v1 driving, senza traffico"
udine,"Udine, Piazza della Libertà",093045,Tramonti di Sopra,46.30975,12.789472,78.0,65.0,7,2026-10-07,"OSRM router.project-osrm.org table/v1 driving, senza traffico"
udine,"Udine, Piazza della Libertà",093046,Tramonti di Sotto,46.28508,12.795649,73.9,61.5,15,2026-10-07,"OSRM router.project-osrm.org table/v1 driving, senza traffico"
udine,"Udine, Piazza della Libertà",093047,Travesio,46.195936,12.870925,51.7,43.7,14,2026-10-07,"OSRM router.project-osrm.org table/v1 driving, senza traffico"
udine,"Udine, Piazza della Libertà",093049,Vito d'Asio,46.233294,12.958575,49.6,39.2,22,2026-10-07,"OSRM router.project-osrm.org table/v1 driving, senza traffico"
udine,"Udine, Piazza della Libertà",093050,Vivaro,46.078047,12.775626,51.8,44.3,19,2026-10-07,"OSRM router.project-osrm.org table/v1 driving, senza traffico"
udine,"Udine, Piazza della Libertà",093051,Zoppola,45.966031,12.772174,54.3,42.9,21,2026-10-07,"OSRM router.project-osrm.org table/v1 driving, senza traffico"
udine,"Udine, Piazza della Libertà",093052,Vajont,46.14618,12.697931,63.2,53.9,34,2026-10-07,"OSRM router.project-osrm.org table/v1 driving, senza traffico"
udine,"Udine, Piazza della Libertà",093053,Valvasone Arzene,46.000312,12.846889,47.8,38.3,16,2026-10-07,"OSRM router.project-osrm.org table/v1 driving, senza traffico"
udine,"Udine, Piazza della Libertà",F-viaso,Viaso (Socchieve),46.4071596,12.8479407,60.0,64.8,4,2026-10-07,"OSRM router.project-osrm.org table/v1 driving, senza traffico"
udine,"Udine, Piazza della Libertà",F-scodovacca,Scodovacca (Cervignano del Friuli),45.8217685,13.3667674,38.3,35.4,39,2026-10-07,"OSRM router.project-osrm.org table/v1 driving, senza traffico"
udine,"Udine, Piazza della Libertà",F-begliano,Begliano (San Canzian d'Isonzo),45.8188384,13.4656826,39.1,44.5,31,2026-10-07,"OSRM router.project-osrm.org table/v1 driving, senza traffico"
aer_trieste,"Aeroporto di Trieste (Ronchi dei Legionari), terminal",093038,San Giorgio della Richinvelda,46.045468,12.866649,69.4,74.8,12,2026-10-07,"OSRM router.project-osrm.org table/v1 driving, senza traffico"
aer_trieste,"Aeroporto di Trieste (Ronchi dei Legionari), terminal",093039,San Martino al Tagliamento,46.020916,12.864052,70.2,64.6,17,2026-10-07,"OSRM router.project-osrm.org table/v1 driving, senza traffico"
aer_trieste,"Aeroporto di Trieste (Ronchi dei Legionari), terminal",093040,San Quirino,46.036527,12.680527,73.7,94.3,11,2026-10-07,"OSRM router.project-osrm.org table/v1 driving, senza traffico"
aer_trieste,"Aeroporto di Trieste (Ronchi dei Legionari), terminal",093041,San Vito al Tagliamento,45.915555,12.855394,59.2,78.6,44,2026-10-07,"OSRM router.project-osrm.org table/v1 driving, senza traffico"
aer_trieste,"Aeroporto di Trieste (Ronchi dei Legionari), terminal",093042,Sequals,46.16585,12.826755,74.4,80.5,36,2026-10-07,"OSRM router.project-osrm.org table/v1 driving, senza traffico"
aer_trieste,"Aeroporto di Trieste (Ronchi dei Legionari), terminal",093043,Sesto al Reghena,45.847448,12.815796,48.2,66.1,6,2026-10-07,"OSRM router.project-osrm.org table/v1 driving, senza traffico"
aer_trieste,"Aeroporto di Trieste (Ronchi dei Legionari), terminal",093044,Spilimbergo,46.112156,12.905745,67.6,72.3,26,2026-10-07,"OSRM router.project-osrm.org table/v1 driving, senza traffico"
aer_trieste,"Aeroporto di Trieste (Ronchi dei Legionari), terminal",093045,Tramonti di Sopra,46.30975,12.789472,103.5,103.6,7,2026-10-07,"OSRM router.project-osrm.org table/v1 driving, senza traffico"
aer_trieste,"Aeroporto di Trieste (Ronchi dei Legionari), terminal",093046,Tramonti di Sotto,46.28508,12.795649,99.4,100.1,15,2026-10-07,"OSRM router.project-osrm.org table/v1 driving, senza traffico"
aer_trieste,"Aeroporto di Trieste (Ronchi dei Legionari), terminal",093047,Travesio,46.195936,12.870925,77.2,82.3,14,2026-10-07,"OSRM router.project-osrm.org table/v1 driving, senza traffico"
aer_trieste,"Aeroporto di Trieste (Ronchi dei Legionari), terminal",093049,Vito d'Asio,46.233294,12.958575,71.4,88.6,22,2026-10-07,"OSRM router.project-osrm.org table/v1 driving, senza traffico"
aer_trieste,"Aeroporto di Trieste (Ronchi dei Legionari), terminal",093050,Vivaro,46.078047,12.775626,74.8,99.0,19,2026-10-07,"OSRM router.project-osrm.org table/v1 driving, senza traffico"
aer_trieste,"Aeroporto di Trieste (Ronchi dei Legionari), terminal",093051,Zoppola,45.966031,12.772174,61.4,83.0,21,2026-10-07,"OSRM router.project-osrm.org table/v1 driving, senza traffico"
aer_trieste,"Aeroporto di Trieste (Ronchi dei Legionari), terminal",093052,Vajont,46.14618,12.697931,86.6,108.9,34,2026-10-07,"OSRM router.project-osrm.org table/v1 driving, senza traffico"
aer_trieste,"Aeroporto di Trieste (Ronchi dei Legionari), terminal",093053,Valvasone Arzene,46.000312,12.846889,69.3,62.8,16,2026-10-07,"OSRM router.project-osrm.org table/v1 driving, senza traffico"
aer_trieste,"Aeroporto di Trieste (Ronchi dei Legionari), terminal",F-viaso,Viaso (Socchieve),46.4071596,12.8479407,81.0,103.6,4,2026-10-07,"OSRM router.project-osrm.org table/v1 driving, senza traffico"
aer_trieste,"Aeroporto di Trieste (Ronchi dei Legionari), terminal",F-scodovacca,Scodovacca (Cervignano del Friuli),45.8217685,13.3667674,17.2,11.0,39,2026-10-07,"OSRM router.project-osrm.org table/v1 driving, senza traffico"
aer_trieste,"Aeroporto di Trieste (Ronchi dei Legionari), terminal",F-begliano,Begliano (San Canzian d'Isonzo),45.8188384,13.4656826,4.6,1.8,31,2026-10-07,"OSRM router.project-osrm.org table/v1 driving, senza traffico"
aer_venezia,"Aeroporto di Venezia Marco Polo, viale Galilei (accesso terminal)",093038,San Giorgio della Richinvelda,46.045468,12.866649,71.9,101.8,12,2026-10-07,"OSRM router.project-osrm.org table/v1 driving, senza traffico"
aer_venezia,"Aeroporto di Venezia Marco Polo, viale Galilei (accesso terminal)",093039,San Martino al Tagliamento,46.020916,12.864052,74.5,101.2,17,2026-10-07,"OSRM router.project-osrm.org table/v1 driving, senza traffico"
aer_venezia,"Aeroporto di Venezia Marco Polo, viale Galilei (accesso terminal)",093040,San Quirino,46.036527,12.680527,65.2,86.1,11,2026-10-07,"OSRM router.project-osrm.org table/v1 driving, senza traffico"
aer_venezia,"Aeroporto di Venezia Marco Polo, viale Galilei (accesso terminal)",093041,San Vito al Tagliamento,45.915555,12.855394,59.5,78.6,44,2026-10-07,"OSRM router.project-osrm.org table/v1 driving, senza traffico"
aer_venezia,"Aeroporto di Venezia Marco Polo, viale Galilei (accesso terminal)",093042,Sequals,46.16585,12.826755,78.5,112.3,36,2026-10-07,"OSRM router.project-osrm.org table/v1 driving, senza traffico"
aer_venezia,"Aeroporto di Venezia Marco Polo, viale Galilei (accesso terminal)",093043,Sesto al Reghena,45.847448,12.815796,48.5,66.0,6,2026-10-07,"OSRM router.project-osrm.org table/v1 driving, senza traffico"
aer_venezia,"Aeroporto di Venezia Marco Polo, viale Galilei (accesso terminal)",093044,Spilimbergo,46.112156,12.905745,80.7,111.3,26,2026-10-07,"OSRM router.project-osrm.org table/v1 driving, senza traffico"
aer_venezia,"Aeroporto di Venezia Marco Polo, viale Galilei (accesso terminal)",093045,Tramonti di Sopra,46.30975,12.789472,107.7,135.4,7,2026-10-07,"OSRM router.project-osrm.org table/v1 driving, senza traffico"
aer_venezia,"Aeroporto di Venezia Marco Polo, viale Galilei (accesso terminal)",093046,Tramonti di Sotto,46.28508,12.795649,103.6,131.9,15,2026-10-07,"OSRM router.project-osrm.org table/v1 driving, senza traffico"
aer_venezia,"Aeroporto di Venezia Marco Polo, viale Galilei (accesso terminal)",093047,Travesio,46.195936,12.870925,86.3,119.5,14,2026-10-07,"OSRM router.project-osrm.org table/v1 driving, senza traffico"
aer_venezia,"Aeroporto di Venezia Marco Polo, viale Galilei (accesso terminal)",093049,Vito d'Asio,46.233294,12.958575,97.5,129.5,22,2026-10-07,"OSRM router.project-osrm.org table/v1 driving, senza traffico"
aer_venezia,"Aeroporto di Venezia Marco Polo, viale Galilei (accesso terminal)",093050,Vivaro,46.078047,12.775626,73.4,103.0,19,2026-10-07,"OSRM router.project-osrm.org table/v1 driving, senza traffico"
aer_venezia,"Aeroporto di Venezia Marco Polo, viale Galilei (accesso terminal)",093051,Zoppola,45.966031,12.772174,61.3,89.1,21,2026-10-07,"OSRM router.project-osrm.org table/v1 driving, senza traffico"
aer_venezia,"Aeroporto di Venezia Marco Polo, viale Galilei (accesso terminal)",093052,Vajont,46.14618,12.697931,78.1,100.7,34,2026-10-07,"OSRM router.project-osrm.org table/v1 driving, senza traffico"
aer_venezia,"Aeroporto di Venezia Marco Polo, viale Galilei (accesso terminal)",093053,Valvasone Arzene,46.000312,12.846889,69.8,97.5,16,2026-10-07,"OSRM router.project-osrm.org table/v1 driving, senza traffico"
aer_venezia,"Aeroporto di Venezia Marco Polo, viale Galilei (accesso terminal)",F-viaso,Viaso (Socchieve),46.4071596,12.8479407,125.4,178.9,4,2026-10-07,"OSRM router.project-osrm.org table/v1 driving, senza traffico"
aer_venezia,"Aeroporto di Venezia Marco Polo, viale Galilei (accesso terminal)",F-scodovacca,Scodovacca (Cervignano del Friuli),45.8217685,13.3667674,78.6,108.9,39,2026-10-07,"OSRM router.project-osrm.org table/v1 driving, senza traffico"
aer_venezia,"Aeroporto di Venezia Marco Polo, viale Galilei (accesso terminal)",F-begliano,Begliano (San Canzian d'Isonzo),45.8188384,13.4656826,79.4,118.0,31,2026-10-07,"OSRM router.project-osrm.org table/v1 driving, senza traffico"
lubiana,"Lubiana, Prešernov trg",093038,San Giorgio della Richinvelda,46.045468,12.866649,141.2,190.3,12,2026-10-07,"OSRM router.project-osrm.org table/v1 driving, senza traffico"
lubiana,"Lubiana, Prešernov trg",093039,San Martino al Tagliamento,46.020916,12.864052,142.1,180.1,17,2026-10-07,"OSRM router.project-osrm.org table/v1 driving, senza traffico"
lubiana,"Lubiana, Prešernov trg",093040,San Quirino,46.036527,12.680527,145.6,209.8,11,2026-10-07,"OSRM router.project-osrm.org table/v1 driving, senza traffico"
lubiana,"Lubiana, Prešernov trg",093041,San Vito al Tagliamento,45.915555,12.855394,131.0,194.1,44,2026-10-07,"OSRM router.project-osrm.org table/v1 driving, senza traffico"
lubiana,"Lubiana, Prešernov trg",093042,Sequals,46.16585,12.826755,146.2,196.0,36,2026-10-07,"OSRM router.project-osrm.org table/v1 driving, senza traffico"
lubiana,"Lubiana, Prešernov trg",093043,Sesto al Reghena,45.847448,12.815796,120.1,181.6,6,2026-10-07,"OSRM router.project-osrm.org table/v1 driving, senza traffico"
lubiana,"Lubiana, Prešernov trg",093044,Spilimbergo,46.112156,12.905745,139.5,187.8,26,2026-10-07,"OSRM router.project-osrm.org table/v1 driving, senza traffico"
lubiana,"Lubiana, Prešernov trg",093045,Tramonti di Sopra,46.30975,12.789472,172.7,227.7,7,2026-10-07,"OSRM router.project-osrm.org table/v1 driving, senza traffico"
lubiana,"Lubiana, Prešernov trg",093046,Tramonti di Sotto,46.28508,12.795649,171.3,215.6,15,2026-10-07,"OSRM router.project-osrm.org table/v1 driving, senza traffico"
lubiana,"Lubiana, Prešernov trg",093047,Travesio,46.195936,12.870925,149.1,197.8,14,2026-10-07,"OSRM router.project-osrm.org table/v1 driving, senza traffico"
lubiana,"Lubiana, Prešernov trg",093049,Vito d'Asio,46.233294,12.958575,143.3,204.1,22,2026-10-07,"OSRM router.project-osrm.org table/v1 driving, senza traffico"
lubiana,"Lubiana, Prešernov trg",093050,Vivaro,46.078047,12.775626,146.6,214.5,19,2026-10-07,"OSRM router.project-osrm.org table/v1 driving, senza traffico"
lubiana,"Lubiana, Prešernov trg",093051,Zoppola,45.966031,12.772174,133.2,198.5,21,2026-10-07,"OSRM router.project-osrm.org table/v1 driving, senza traffico"
lubiana,"Lubiana, Prešernov trg",093052,Vajont,46.14618,12.697931,158.5,224.4,34,2026-10-07,"OSRM router.project-osrm.org table/v1 driving, senza traffico"
lubiana,"Lubiana, Prešernov trg",093053,Valvasone Arzene,46.000312,12.846889,141.2,178.3,16,2026-10-07,"OSRM router.project-osrm.org table/v1 driving, senza traffico"
lubiana,"Lubiana, Prešernov trg",F-viaso,Viaso (Socchieve),46.4071596,12.8479407,145.9,201.4,4,2026-10-07,"OSRM router.project-osrm.org table/v1 driving, senza traffico"
lubiana,"Lubiana, Prešernov trg",F-scodovacca,Scodovacca (Cervignano del Friuli),45.8217685,13.3667674,94.2,130.0,39,2026-10-07,"OSRM router.project-osrm.org table/v1 driving, senza traffico"
lubiana,"Lubiana, Prešernov trg",F-begliano,Begliano (San Canzian d'Isonzo),45.8188384,13.4656826,87.7,125.3,31,2026-10-07,"OSRM router.project-osrm.org table/v1 driving, senza traffico"
klagenfurt,"Klagenfurt, Neuer Platz",093038,San Giorgio della Richinvelda,46.045468,12.866649,122.2,168.1,12,2026-10-07,"OSRM router.project-osrm.org table/v1 driving, senza traffico"
klagenfurt,"Klagenfurt, Neuer Platz",093039,San Martino al Tagliamento,46.020916,12.864052,126.3,171.5,17,2026-10-07,"OSRM router.project-osrm.org table/v1 driving, senza traffico"
klagenfurt,"Klagenfurt, Neuer Platz",093040,San Quirino,46.036527,12.680527,140.8,185.8,11,2026-10-07,"OSRM router.project-osrm.org table/v1 driving, senza traffico"
klagenfurt,"Klagenfurt, Neuer Platz",093041,San Vito al Tagliamento,45.915555,12.855394,137.2,181.2,44,2026-10-07,"OSRM router.project-osrm.org table/v1 driving, senza traffico"
klagenfurt,"Klagenfurt, Neuer Platz",093042,Sequals,46.16585,12.826755,121.9,166.5,36,2026-10-07,"OSRM router.project-osrm.org table/v1 driving, senza traffico"
klagenfurt,"Klagenfurt, Neuer Platz",093043,Sesto al Reghena,45.847448,12.815796,141.0,222.5,6,2026-10-07,"OSRM router.project-osrm.org table/v1 driving, senza traffico"
klagenfurt,"Klagenfurt, Neuer Platz",093044,Spilimbergo,46.112156,12.905745,120.4,165.6,26,2026-10-07,"OSRM router.project-osrm.org table/v1 driving, senza traffico"
klagenfurt,"Klagenfurt, Neuer Platz",093045,Tramonti di Sopra,46.30975,12.789472,130.9,167.5,7,2026-10-07,"OSRM router.project-osrm.org table/v1 driving, senza traffico"
klagenfurt,"Klagenfurt, Neuer Platz",093046,Tramonti di Sotto,46.28508,12.795649,134.2,170.8,15,2026-10-07,"OSRM router.project-osrm.org table/v1 driving, senza traffico"
klagenfurt,"Klagenfurt, Neuer Platz",093047,Travesio,46.195936,12.870925,121.0,165.8,14,2026-10-07,"OSRM router.project-osrm.org table/v1 driving, senza traffico"
klagenfurt,"Klagenfurt, Neuer Platz",093049,Vito d'Asio,46.233294,12.958575,111.5,155.6,22,2026-10-07,"OSRM router.project-osrm.org table/v1 driving, senza traffico"
klagenfurt,"Klagenfurt, Neuer Platz",093050,Vivaro,46.078047,12.775626,130.1,176.2,19,2026-10-07,"OSRM router.project-osrm.org table/v1 driving, senza traffico"
klagenfurt,"Klagenfurt, Neuer Platz",093051,Zoppola,45.966031,12.772174,137.0,181.5,21,2026-10-07,"OSRM router.project-osrm.org table/v1 driving, senza traffico"
klagenfurt,"Klagenfurt, Neuer Platz",093052,Vajont,46.14618,12.697931,137.3,180.1,34,2026-10-07,"OSRM router.project-osrm.org table/v1 driving, senza traffico"
klagenfurt,"Klagenfurt, Neuer Platz",093053,Valvasone Arzene,46.000312,12.846889,131.4,174.7,16,2026-10-07,"OSRM router.project-osrm.org table/v1 driving, senza traffico"
klagenfurt,"Klagenfurt, Neuer Platz",F-viaso,Viaso (Socchieve),46.4071596,12.8479407,104.1,141.2,4,2026-10-07,"OSRM router.project-osrm.org table/v1 driving, senza traffico"
klagenfurt,"Klagenfurt, Neuer Platz",F-scodovacca,Scodovacca (Cervignano del Friuli),45.8217685,13.3667674,127.4,190.3,39,2026-10-07,"OSRM router.project-osrm.org table/v1 driving, senza traffico"
klagenfurt,"Klagenfurt, Neuer Platz",F-begliano,Begliano (San Canzian d'Isonzo),45.8188384,13.4656826,128.2,199.4,31,2026-10-07,"OSRM router.project-osrm.org table/v1 driving, senza traffico"
vienna,"Vienna, Stephansplatz",093038,San Giorgio della Richinvelda,46.045468,12.866649,332.7,462.1,12,2026-10-07,"OSRM router.project-osrm.org table/v1 driving, senza traffico"
vienna,"Vienna, Stephansplatz",093039,San Martino al Tagliamento,46.020916,12.864052,336.9,465.5,17,2026-10-07,"OSRM router.project-osrm.org table/v1 driving, senza traffico"
vienna,"Vienna, Stephansplatz",093040,San Quirino,46.036527,12.680527,351.3,479.8,11,2026-10-07,"OSRM router.project-osrm.org table/v1 driving, senza traffico"
vienna,"Vienna, Stephansplatz",093041,San Vito al Tagliamento,45.915555,12.855394,347.8,475.2,44,2026-10-07,"OSRM router.project-osrm.org table/v1 driving, senza traffico"
vienna,"Vienna, Stephansplatz",093042,Sequals,46.16585,12.826755,332.5,460.5,36,2026-10-07,"OSRM router.project-osrm.org table/v1 driving, senza traffico"
vienna,"Vienna, Stephansplatz",093043,Sesto al Reghena,45.847448,12.815796,351.6,516.4,6,2026-10-07,"OSRM router.project-osrm.org table/v1 driving, senza traffico"
vienna,"Vienna, Stephansplatz",093044,Spilimbergo,46.112156,12.905745,331.0,459.6,26,2026-10-07,"OSRM router.project-osrm.org table/v1 driving, senza traffico"
vienna,"Vienna, Stephansplatz",093045,Tramonti di Sopra,46.30975,12.789472,341.4,461.5,7,2026-10-07,"OSRM router.project-osrm.org table/v1 driving, senza traffico"
vienna,"Vienna, Stephansplatz",093046,Tramonti di Sotto,46.28508,12.795649,344.7,464.7,15,2026-10-07,"OSRM router.project-osrm.org table/v1 driving, senza traffico"
vienna,"Vienna, Stephansplatz",093047,Travesio,46.195936,12.870925,331.6,459.8,14,2026-10-07,"OSRM router.project-osrm.org table/v1 driving, senza traffico"
vienna,"Vienna, Stephansplatz",093049,Vito d'Asio,46.233294,12.958575,322.0,449.6,22,2026-10-07,"OSRM router.project-osrm.org table/v1 driving, senza traffico"
vienna,"Vienna, Stephansplatz",093050,Vivaro,46.078047,12.775626,340.7,470.2,19,2026-10-07,"OSRM router.project-osrm.org table/v1 driving, senza traffico"
vienna,"Vienna, Stephansplatz",093051,Zoppola,45.966031,12.772174,347.6,475.4,21,2026-10-07,"OSRM router.project-osrm.org table/v1 driving, senza traffico"
vienna,"Vienna, Stephansplatz",093052,Vajont,46.14618,12.697931,347.9,474.0,34,2026-10-07,"OSRM router.project-osrm.org table/v1 driving, senza traffico"
vienna,"Vienna, Stephansplatz",093053,Valvasone Arzene,46.000312,12.846889,341.9,468.7,16,2026-10-07,"OSRM router.project-osrm.org table/v1 driving, senza traffico"
vienna,"Vienna, Stephansplatz",F-viaso,Viaso (Socchieve),46.4071596,12.8479407,314.6,435.2,4,2026-10-07,"OSRM router.project-osrm.org table/v1 driving, senza traffico"
vienna,"Vienna, Stephansplatz",F-scodovacca,Scodovacca (Cervignano del Friuli),45.8217685,13.3667674,332.6,506.9,39,2026-10-07,"OSRM router.project-osrm.org table/v1 driving, senza traffico"
vienna,"Vienna, Stephansplatz",F-begliano,Begliano (San Canzian d'Isonzo),45.8188384,13.4656826,326.1,502.2,31,2026-10-07,"OSRM router.project-osrm.org table/v1 driving, senza traffico"
monaco,"Monaco di Baviera, Marienplatz",093038,San Giorgio della Richinvelda,46.045468,12.866649,303.3,450.3,12,2026-10-07,"OSRM router.project-osrm.org table/v1 driving, senza traffico"
monaco,"Monaco di Baviera, Marienplatz",093039,San Martino al Tagliamento,46.020916,12.864052,307.5,453.7,17,2026-10-07,"OSRM router.project-osrm.org table/v1 driving, senza traffico"
monaco,"Monaco di Baviera, Marienplatz",093040,San Quirino,46.036527,12.680527,321.9,468.0,11,2026-10-07,"OSRM router.project-osrm.org table/v1 driving, senza traffico"
monaco,"Monaco di Baviera, Marienplatz",093041,San Vito al Tagliamento,45.915555,12.855394,318.3,463.4,44,2026-10-07,"OSRM router.project-osrm.org table/v1 driving, senza traffico"
monaco,"Monaco di Baviera, Marienplatz",093042,Sequals,46.16585,12.826755,303.1,448.6,36,2026-10-07,"OSRM router.project-osrm.org table/v1 driving, senza traffico"
monaco,"Monaco di Baviera, Marienplatz",093043,Sesto al Reghena,45.847448,12.815796,322.1,504.6,6,2026-10-07,"OSRM router.project-osrm.org table/v1 driving, senza traffico"
monaco,"Monaco di Baviera, Marienplatz",093044,Spilimbergo,46.112156,12.905745,301.6,447.7,26,2026-10-07,"OSRM router.project-osrm.org table/v1 driving, senza traffico"
monaco,"Monaco di Baviera, Marienplatz",093045,Tramonti di Sopra,46.30975,12.789472,312.0,449.6,7,2026-10-07,"OSRM router.project-osrm.org table/v1 driving, senza traffico"
monaco,"Monaco di Baviera, Marienplatz",093046,Tramonti di Sotto,46.28508,12.795649,315.3,452.9,15,2026-10-07,"OSRM router.project-osrm.org table/v1 driving, senza traffico"
monaco,"Monaco di Baviera, Marienplatz",093047,Travesio,46.195936,12.870925,302.1,448.0,14,2026-10-07,"OSRM router.project-osrm.org table/v1 driving, senza traffico"
monaco,"Monaco di Baviera, Marienplatz",093049,Vito d'Asio,46.233294,12.958575,292.6,437.7,22,2026-10-07,"OSRM router.project-osrm.org table/v1 driving, senza traffico"
monaco,"Monaco di Baviera, Marienplatz",093050,Vivaro,46.078047,12.775626,311.2,458.3,19,2026-10-07,"OSRM router.project-osrm.org table/v1 driving, senza traffico"
monaco,"Monaco di Baviera, Marienplatz",093051,Zoppola,45.966031,12.772174,318.1,463.6,21,2026-10-07,"OSRM router.project-osrm.org table/v1 driving, senza traffico"
monaco,"Monaco di Baviera, Marienplatz",093052,Vajont,46.14618,12.697931,318.5,462.2,34,2026-10-07,"OSRM router.project-osrm.org table/v1 driving, senza traffico"
monaco,"Monaco di Baviera, Marienplatz",093053,Valvasone Arzene,46.000312,12.846889,312.5,456.8,16,2026-10-07,"OSRM router.project-osrm.org table/v1 driving, senza traffico"
monaco,"Monaco di Baviera, Marienplatz",F-viaso,Viaso (Socchieve),46.4071596,12.8479407,285.2,423.3,4,2026-10-07,"OSRM router.project-osrm.org table/v1 driving, senza traffico"
monaco,"Monaco di Baviera, Marienplatz",F-scodovacca,Scodovacca (Cervignano del Friuli),45.8217685,13.3667674,308.5,472.5,39,2026-10-07,"OSRM router.project-osrm.org table/v1 driving, senza traffico"
monaco,"Monaco di Baviera, Marienplatz",F-begliano,Begliano (San Canzian d'Isonzo),45.8188384,13.4656826,309.4,481.6,31,2026-10-07,"OSRM router.project-osrm.org table/v1 driving, senza traffico"
salisburgo,"Salisburgo, Residenzplatz",093038,San Giorgio della Richinvelda,46.045468,12.866649,224.2,318.7,12,2026-10-07,"OSRM router.project-osrm.org table/v1 driving, senza traffico"
salisburgo,"Salisburgo, Residenzplatz",093039,San Martino al Tagliamento,46.020916,12.864052,228.4,322.1,17,2026-10-07,"OSRM router.project-osrm.org table/v1 driving, senza traffico"
salisburgo,"Salisburgo, Residenzplatz",093040,San Quirino,46.036527,12.680527,242.8,336.4,11,2026-10-07,"OSRM router.project-osrm.org table/v1 driving, senza traffico"
salisburgo,"Salisburgo, Residenzplatz",093041,San Vito al Tagliamento,45.915555,12.855394,239.3,331.8,44,2026-10-07,"OSRM router.project-osrm.org table/v1 driving, senza traffico"
salisburgo,"Salisburgo, Residenzplatz",093042,Sequals,46.16585,12.826755,224.0,317.1,36,2026-10-07,"OSRM router.project-osrm.org table/v1 driving, senza traffico"
salisburgo,"Salisburgo, Residenzplatz",093043,Sesto al Reghena,45.847448,12.815796,243.1,373.0,6,2026-10-07,"OSRM router.project-osrm.org table/v1 driving, senza traffico"
salisburgo,"Salisburgo, Residenzplatz",093044,Spilimbergo,46.112156,12.905745,222.5,316.2,26,2026-10-07,"OSRM router.project-osrm.org table/v1 driving, senza traffico"
salisburgo,"Salisburgo, Residenzplatz",093045,Tramonti di Sopra,46.30975,12.789472,232.9,318.1,7,2026-10-07,"OSRM router.project-osrm.org table/v1 driving, senza traffico"
salisburgo,"Salisburgo, Residenzplatz",093046,Tramonti di Sotto,46.28508,12.795649,236.3,321.3,15,2026-10-07,"OSRM router.project-osrm.org table/v1 driving, senza traffico"
salisburgo,"Salisburgo, Residenzplatz",093047,Travesio,46.195936,12.870925,223.1,316.4,14,2026-10-07,"OSRM router.project-osrm.org table/v1 driving, senza traffico"
salisburgo,"Salisburgo, Residenzplatz",093049,Vito d'Asio,46.233294,12.958575,213.5,306.2,22,2026-10-07,"OSRM router.project-osrm.org table/v1 driving, senza traffico"
salisburgo,"Salisburgo, Residenzplatz",093050,Vivaro,46.078047,12.775626,232.2,326.8,19,2026-10-07,"OSRM router.project-osrm.org table/v1 driving, senza traffico"
salisburgo,"Salisburgo, Residenzplatz",093051,Zoppola,45.966031,12.772174,239.1,332.0,21,2026-10-07,"OSRM router.project-osrm.org table/v1 driving, senza traffico"
salisburgo,"Salisburgo, Residenzplatz",093052,Vajont,46.14618,12.697931,239.4,330.7,34,2026-10-07,"OSRM router.project-osrm.org table/v1 driving, senza traffico"
salisburgo,"Salisburgo, Residenzplatz",093053,Valvasone Arzene,46.000312,12.846889,233.4,325.3,16,2026-10-07,"OSRM router.project-osrm.org table/v1 driving, senza traffico"
salisburgo,"Salisburgo, Residenzplatz",F-viaso,Viaso (Socchieve),46.4071596,12.8479407,206.1,291.8,4,2026-10-07,"OSRM router.project-osrm.org table/v1 driving, senza traffico"
salisburgo,"Salisburgo, Residenzplatz",F-scodovacca,Scodovacca (Cervignano del Friuli),45.8217685,13.3667674,229.5,340.9,39,2026-10-07,"OSRM router.project-osrm.org table/v1 driving, senza traffico"
salisburgo,"Salisburgo, Residenzplatz",F-begliano,Begliano (San Canzian d'Isonzo),45.8188384,13.4656826,230.3,350.0,31,2026-10-07,"OSRM router.project-osrm.org table/v1 driving, senza traffico"
